from,to,kat1a_rsd,kat1_rsd,kat2_rsd,kat3_rsd,kat4_rsd,kat1a_eur,kat1_eur,kat2_eur,kat3_eur,kat4_eur
"Subotica","Žednik",60,110,170,340,680,1,1,1.5,3,6
"Subotica","Bačka Topola",90,180,270,540,1080,1,2,2.5,5,9.5
"Subotica","Feketić",150,290,440,880,1760,1.5,2.5,4,8,15.5
"Subotica","Vrbas",170,350,520,1040,2090,1.5,3,4.5,9,18
"Subotica","Zmajevo",210,420,630,1250,2510,2,4,5.5,11,21.5
"Subotica","Novi Sad",250,510,760,1520,3050,2.5,4.5,6.5,13,26.5
"Subotica","Kovilj",310,610,920,1840,3680,3,5.5,8,16,31.5
"Subotica","Beška",350,700,1050,2100,4210,3,6,9,18,36
"Subotica","Inđija",380,750,1130,2260,4510,3.5,6.5,10,19.5,39
"Subotica","Beograd",420,850,1270,2540,5090,4,7.5,11,22,43.5
"Subotica","Mali Požarevac",470,950,1420,2840,5700,4.5,8.5,12.5,25,49
"Subotica","Umčari",490,990,1470,2950,5910,5,9,13,26,51
"Subotica","Vodanj",500,1020,1520,3050,6100,5,9,13.5,26.5,52.5
"Subotica","Kolari",520,1050,1570,3150,6310,5,9.5,14,27.5,54
"Subotica","Smederevo",540,1080,1620,3240,6490,5.5,9.5,14,28,55.5
"Subotica","Požarevac",540,1090,1630,3270,6540,5.5,10,14.5,28.5,56
"Subotica","Velika Plana",620,1250,1870,3740,7490,6,11,16.5,32.5,64.5
"Subotica","Markovac",650,1310,1960,3930,7870,6,11.5,17,34,67.5
"Subotica","Lapovo",670,1350,2020,4030,8080,6.5,12,17.5,35,69.5
"Subotica","Batočina",680,1370,2050,4100,8200,6.5,12,18,35.5,70.5
"Subotica","Jagodina",740,1490,2230,4450,8920,7,13,19.5,38.5,76.5
"Subotica","Ćuprija",770,1560,2330,4670,9350,7,14,20.5,40.5,80
"Subotica","Paraćin",800,1620,2420,4840,9700,7.5,14.5,21,42,83
"Subotica","Ćićevac",850,1710,2560,5110,10230,8,15,22.5,44,87.5
"Subotica","Ražanj",870,1750,2630,5250,10510,8,15.5,23,45.5,90
"Subotica","Aleksinački Rudnici",930,1870,2800,5600,11200,8.5,16.5,24.5,48.5,96
"Subotica","Aleksinac",940,1900,2840,5680,11360,8.5,16.5,24.5,49,97.5
"Subotica","Niš jug",1010,2030,3040,6080,12170,9.5,18,26.5,52.5,104
"Subotica","Doljevac",1050,2120,3170,6350,12710,10,19,28,55,109
"Subotica","Brestovac",1070,2150,3220,6450,12900,10.5,19.5,28.5,56,110.5
"Subotica","Leskovac centar",1090,2190,3280,6570,13140,10.5,19.5,29,57,112.5
"Subotica","Leskovac jug",1130,2280,3410,6830,13670,11,20.5,30,59,117
"Subotica","Grdelica",1170,2340,3510,7010,14040,11,21,31,60.5,120
"Subotica","Predejane",1210,2430,3640,7280,14570,11.5,21.5,32,63,125
"Subotica","Vladičin Han",1280,2570,3850,7700,15410,12,23,33.5,66.5,132
"Subotica","Vranje",1340,2700,4040,8080,16180,12.5,24,35.5,70,138.5
"Subotica","Bujanovac sever",1380,2770,4150,8310,16630,13,24.5,36,72,142.5
"Subotica","Bujanovac jug",1390,2790,4190,8370,16750,13,24.5,36.5,72.5,143.5
"Subotica","Preševo",1450,2910,4350,8710,17430,13.5,26,38,75,149
"Subotica","Dimitrovgrad",1320,2650,3980,7950,15920,12,23,34.5,68.5,136.5
"Subotica","Šid",680,1370,2050,4100,8210,6.5,12,18,35.5,70.5
"Subotica","Adaševci",420,850,1270,2540,5090,4,7.5,11,22,43.5
"Subotica","Kuzmin",620,1250,1860,3730,7460,6,11,16.5,32.5,64
"Subotica","Sremska Mitrovica",560,1130,1690,3370,6760,5.5,10,15,29.5,58
"Subotica","Ruma",530,1060,1590,3180,6360,5,9.5,14,27.5,54.5
"Subotica","Pećinci",490,990,1480,2960,5930,5,9,13,26,51
"Subotica","Takovo",690,1390,2080,4160,8330,6.5,12.5,18,36,71.5
"Subotica","Preljina jug",750,1510,2260,4520,9040,7,13.5,19.5,39,77.5
"Subotica","Obrenovac",420,850,1270,2540,5090,4,7.5,11,22,43.5
"Subotica","Ub",490,1000,1490,2980,5970,5,9,13,26,51.5
"Subotica","Lajkovac",530,1070,1610,3210,6440,5,9.5,14,28,55.5
"Subotica","Ljig",600,1210,1810,3620,7250,6,11,16,31.5,62
"Subotica","Merošina",1030,2060,3090,6170,12360,9.5,18,27,53.5,106
"Subotica","Niš sever",1010,2020,3030,6060,12130,9.5,17.5,26.5,52.5,104
"Subotica","Niš istok",1030,2060,3090,6170,12350,9.5,18,27,53.5,106
"Subotica","Niš Malča",1050,2100,3150,6290,12600,9.5,18.5,27.5,54.5,108
"Subotica","Bela Palanka",1140,2280,3420,6840,13690,10.5,20,29.5,59,117
"Subotica","Pirot zapad",1210,2420,3630,7260,14530,11,21,31.5,62.5,124.5
"Subotica","Pirot istok",980,2490,3730,7470,14950,11.5,22,32.5,64.5,128
"Subotica","Čačak (Pakovraće)",780,1570,2350,4700,9400,7.5,14,20.5,40.5,80.5
"Subotica","Hrtkovci",560,1130,1690,3370,6760,5.5,10,15,29.5,58
"Subotica","Šabac",600,1200,1800,3600,7210,6,10.5,16,31.5,62
"Subotica","Kruševac istok",900,1810,2710,5420,10850,8.5,16,23.5,47,93
"Subotica","Kruševac zapad",900,1820,2720,5450,10910,8.5,16,23.5,47,93.5
"Subotica","Koševi",920,1850,2780,5550,11110,8.5,8.5,24,48,95
"Subotica","Velika Drenova",940,1900,2840,5680,11360,8.5,16.5,24.5,49,97.5
"Subotica","Trstenik",980,1970,2950,5910,11830,9,17.5,25.5,51,101.5
"Subotica","Vrnjačka Banja",1010,2040,3050,6100,12220,9.5,18,26.5,52.5,104.5
"Subotica","Lučani",850,1710,2560,5120,10250,8,15,22.5,44.5,88
"Subotica","Prilipac",900,1800,2700,5400,10810,8.5,16,23.5,46.5,92.5
"Subotica","Vrba",1050,2110,3170,6330,12670,9.5,18.5,27.5,54.5,108.5
"Subotica","Adrani",830,1660,2490,4970,9960,8,14.5,21.5,43,85.5
"Žednik","Subotica",60,110,170,340,680,1,1,1.5,3,6
"Žednik","Bačka Topola",30,70,100,200,400,0.5,1,1,2,3.5
"Žednik","Feketić",90,180,270,540,1080,1,2,2.5,5,9.5
"Žednik","Vrbas",120,230,350,700,1410,1.5,2,3,6,12.5
"Žednik","Zmajevo",150,310,460,920,1830,1.5,3,4,8,16
"Žednik","Novi Sad",200,390,590,1180,2370,2,3.5,5.5,10.5,20.5
"Žednik","Kovilj",250,500,750,1500,3000,2.5,4.5,6.5,13,26
"Žednik","Beška",290,590,880,1770,3530,2.5,5.5,8,15.5,30.5
"Žednik","Inđija",320,640,960,1920,3830,3,5.5,8.5,16.5,33
"Žednik","Beograd",370,730,1100,2200,4410,3.5,6.5,9.5,19,38
"Žednik","Mali Požarevac",420,830,1250,2500,5020,4,7.5,11,22,43.5
"Žednik","Umčari",440,870,1300,2610,5230,4.5,8,11.5,23,45.5
"Žednik","Vodanj",450,900,1350,2710,5420,4.5,8,12,23.5,47
"Žednik","Kolari",470,930,1400,2810,5630,4.5,8.5,12.5,24.5,48.5
"Žednik","Smederevo",490,960,1450,2900,5810,5,8.5,12.5,25,50
"Žednik","Požarevac",490,970,1460,2930,5860,5,9,13,25.5,50.5
"Žednik","Velika Plana",570,1130,1700,3400,6810,5.5,10,15,29.5,59
"Žednik","Markovac",600,1190,1790,3590,7190,5.5,10.5,15.5,31,62
"Žednik","Lapovo",620,1230,1850,3690,7400,6,11,16,32,64
"Žednik","Batočina",630,1250,1880,3760,7520,6,11,16.5,32.5,65
"Žednik","Jagodina",690,1370,2060,4110,8240,6.5,12,18,35.5,71
"Žednik","Ćuprija",720,1440,2160,4330,8670,6.5,13,19,37.5,74.5
"Žednik","Paraćin",750,1500,2250,4500,9020,7,13.5,19.5,39,77.5
"Žednik","Ćićevac",800,1590,2390,4770,9550,7.5,14,21,41,82
"Žednik","Ražanj",820,1630,2460,4910,9830,7.5,14.5,21.5,42.5,84.5
"Žednik","Aleksinački Rudnici",880,1750,2630,5260,10520,8,15.5,23,45.5,90.5
"Žednik","Aleksinac",890,1780,2670,5340,10680,8,15.5,23,46,92
"Žednik","Niš jug",960,1910,2870,5740,11490,9,17,25,49.5,98.5
"Žednik","Doljevac",1000,2000,3000,6010,12030,9.5,18,26.5,52,103.5
"Žednik","Brestovac",1020,2030,3050,6110,12220,10,18.5,27,53,105
"Žednik","Leskovac centar",1040,2070,3110,6230,12460,10,18.5,27.5,54,107
"Žednik","Leskovac jug",1080,2160,3240,6490,12990,10.5,19.5,28.5,56,111.5
"Žednik","Grdelica",1120,2220,3340,6670,13360,10.5,20,29.5,57.5,114.5
"Žednik","Predejane",1160,2310,3470,6940,13890,11,20.5,30.5,60,119.5
"Žednik","Vladičin Han",1230,2450,3680,7360,14730,11.5,22,32,63.5,126.5
"Žednik","Vranje",1290,2580,3870,7740,15500,12,23,34,67,133
"Žednik","Bujanovac sever",1330,2650,3980,7970,15950,12.5,23.5,34.5,69,137
"Žednik","Bujanovac jug",1340,2670,4020,8030,16070,12.5,23.5,35,69.5,138
"Žednik","Preševo",1400,2790,4180,8370,16750,13,25,36.5,72,143.5
"Žednik","Dimitrovgrad",1270,2530,3810,7610,15240,11.5,22,33,65.5,131
"Žednik","Šid",630,1250,1880,3760,7530,6,11,16.5,32.5,65
"Žednik","Adaševci",370,730,1100,2200,4410,3.5,6.5,9.5,19,38
"Žednik","Kuzmin",570,1130,1690,3390,6780,5.5,10,15,29.5,58.5
"Žednik","Sremska Mitrovica",510,1010,1520,3030,6080,5,9,13.5,26.5,52.5
"Žednik","Ruma",480,940,1420,2840,5680,4.5,8.5,12.5,24.5,49
"Žednik","Pećinci",440,870,1310,2620,5250,4.5,8,11.5,23,45.5
"Žednik","Takovo",640,1270,1910,3820,7650,6,11.5,16.5,33,66
"Žednik","Preljina jug",700,1390,2090,4180,8360,6.5,12.5,18,36,72
"Žednik","Obrenovac",370,730,1100,2200,4410,3.5,6.5,9.5,19,38
"Žednik","Ub",440,880,1320,2640,5290,4.5,8,11.5,23,46
"Žednik","Lajkovac",480,950,1440,2870,5760,4.5,8.5,12.5,25,50
"Žednik","Ljig",550,1090,1640,3280,6570,5.5,10,14.5,28.5,56.5
"Žednik","Merošina",980,1940,2920,5830,11680,9,17,25.5,50.5,100.5
"Žednik","Niš sever",960,1900,2860,5720,11450,9,16.5,25,49.5,98.5
"Žednik","Niš istok",980,1940,2920,5830,11670,9,17,25.5,50.5,100.5
"Žednik","Niš Malča",1000,1980,2980,5950,11920,9,17.5,26,51.5,102.5
"Žednik","Bela Palanka",1090,2160,3250,6500,13010,10,19,28,56,111.5
"Žednik","Pirot zapad",1160,2300,3460,6920,13850,10.5,20,30,59.5,119
"Žednik","Pirot istok",1190,2370,3560,7130,14270,11,21,31,61.5,122.5
"Žednik","Čačak (Pakovraće)",730,1450,2180,4360,8720,7,13,19,37.5,75
"Žednik","Hrtkovci",510,1010,1520,3030,6080,5,9,13.5,26.5,52.5
"Žednik","Šabac",550,1080,1630,3260,6530,5.5,9.5,14.5,28.5,56.5
"Žednik","Kruševac istok",850,1690,2540,5080,10170,8,15,22,44,87.5
"Žednik","Kruševac zapad",850,1700,2550,5110,10230,8,15,22,44,88
"Žednik","Koševi",870,1730,2610,5210,10430,8,7.5,22.5,45,89.5
"Žednik","Velika Drenova",890,1780,2670,5340,10680,8,15.5,23,46,92
"Žednik","Trstenik",930,1850,2780,5570,11150,8.5,16.5,24,48,96
"Žednik","Vrnjačka Banja",960,1920,2880,5760,11540,9,17,25,49.5,99
"Žednik","Lučani",800,1590,2390,4780,9570,7.5,14,21,41.5,82.5
"Žednik","Prilipac",850,1680,2530,5060,10130,8,15,22,43.5,87
"Žednik","Vrba",1000,1990,3000,5990,11990,9,17.5,26,51.5,103
"Žednik","Adrani",780,1540,2320,4630,9280,7.5,13.5,20,40,80
"Bačka Topola","Subotica",90,180,270,540,1080,1,2,2.5,5,9.5
"Bačka Topola","Žednik",30,70,100,200,400,0.5,1,1,2,3.5
"Bačka Topola","Feketić",60,110,170,340,680,1,1,1.5,3,6
"Bačka Topola","Vrbas",80,170,250,500,1000,1,1.5,2.5,4.5,9
"Bačka Topola","Zmajevo",120,240,360,710,1430,1.5,2.5,3.5,6.5,12.5
"Bačka Topola","Novi Sad",160,330,490,980,1960,1.5,3,4.5,8.5,17
"Bačka Topola","Kovilj",220,430,650,1300,2600,2,4,6,11.5,22.5
"Bačka Topola","Beška",260,520,780,1560,3130,2.5,4.5,7,13.5,27
"Bačka Topola","Inđija",290,570,860,1710,3430,2.5,5,7.5,15,29.5
"Bačka Topola","Beograd",330,670,1000,2000,4000,3,6,9,17.5,34.5
"Bačka Topola","Mali Požarevac",380,770,1150,2300,4610,3.5,7,10.5,20.5,40
"Bačka Topola","Umčari",400,810,1200,2410,4820,4,7.5,11,21.5,42
"Bačka Topola","Vodanj",410,840,1250,2510,5010,4,7.5,11.5,22,43.5
"Bačka Topola","Kolari",430,870,1300,2610,5220,4,8,12,23,45
"Bačka Topola","Smederevo",450,900,1350,2700,5400,4.5,8,12,23.5,46.5
"Bačka Topola","Požarevac",450,910,1360,2730,5450,4.5,8.5,12.5,24,47
"Bačka Topola","Velika Plana",530,1070,1600,3200,6400,5,9.5,14.5,28,55.5
"Bačka Topola","Markovac",560,1130,1690,3390,6780,5,10,15,29.5,58.5
"Bačka Topola","Lapovo",580,1170,1750,3490,6990,5.5,10.5,15.5,30.5,60.5
"Bačka Topola","Batočina",590,1190,1780,3560,7110,5.5,10.5,16,31,61.5
"Bačka Topola","Jagodina",650,1310,1960,3910,7830,6,11.5,17.5,34,67.5
"Bačka Topola","Ćuprija",680,1380,2060,4130,8260,6,12.5,18.5,36,71
"Bačka Topola","Paraćin",710,1440,2150,4300,8610,6.5,13,19,37.5,74
"Bačka Topola","Ćićevac",760,1530,2290,4570,9140,7,13.5,20.5,39.5,78.5
"Bačka Topola","Ražanj",780,1570,2360,4710,9420,7,14,21,41,81
"Bačka Topola","Aleksinački Rudnici",840,1690,2530,5060,10110,7.5,15,22.5,44,87
"Bačka Topola","Aleksinac",850,1720,2570,5140,10270,7.5,15,22.5,44.5,88.5
"Bačka Topola","Niš jug",920,1850,2770,5540,11080,8.5,16.5,24.5,48,95
"Bačka Topola","Doljevac",960,1940,2900,5810,11620,9,17.5,26,50.5,100
"Bačka Topola","Brestovac",980,1970,2950,5910,11810,9.5,18,26.5,51.5,101.5
"Bačka Topola","Leskovac centar",1000,2010,3010,6030,12050,9.5,18,27,52.5,103.5
"Bačka Topola","Leskovac jug",1040,2100,3140,6290,12580,10,19,28,54.5,108
"Bačka Topola","Grdelica",1080,2160,3240,6470,12950,10,19.5,29,56,111
"Bačka Topola","Predejane",1120,2250,3370,6740,13480,10.5,20,30,58.5,116
"Bačka Topola","Vladičin Han",1190,2390,3580,7160,14320,11,21.5,31.5,62,123
"Bačka Topola","Vranje",1250,2520,3770,7540,15090,11.5,22.5,33.5,65.5,129.5
"Bačka Topola","Bujanovac sever",1290,2590,3880,7770,15540,12,23,34,67.5,133.5
"Bačka Topola","Bujanovac jug",1300,2610,3920,7830,15660,12,23,34.5,68,134.5
"Bačka Topola","Preševo",1360,2730,4080,8170,16340,12.5,24.5,36,70.5,140
"Bačka Topola","Dimitrovgrad",1230,2470,3710,7410,14830,11,21.5,32.5,64,127.5
"Bačka Topola","Šid",590,1190,1780,3560,7120,5.5,10.5,16,31,61.5
"Bačka Topola","Adaševci",330,670,1000,2000,4000,3,6,9,17.5,34.5
"Bačka Topola","Kuzmin",530,1070,1590,3190,6370,5,9.5,14.5,28,55
"Bačka Topola","Sremska Mitrovica",470,950,1420,2830,5670,4.5,8.5,13,25,49
"Bačka Topola","Ruma",440,880,1320,2640,5270,4,8,12,23,45.5
"Bačka Topola","Pećinci",400,810,1210,2420,4840,4,7.5,11,21.5,42
"Bačka Topola","Takovo",600,1210,1810,3620,7240,5.5,11,16,31.5,62.5
"Bačka Topola","Preljina jug",660,1330,1990,3980,7950,6,12,17.5,34.5,68.5
"Bačka Topola","Obrenovac",330,670,1000,2000,4000,3,6,9,17.5,34.5
"Bačka Topola","Ub",400,820,1220,2440,4880,4,7.5,11,21.5,42.5
"Bačka Topola","Lajkovac",440,890,1340,2670,5350,4,8,12,23.5,46.5
"Bačka Topola","Ljig",510,1030,1540,3080,6160,5,9.5,14,27,53
"Bačka Topola","Merošina",940,1880,2820,5630,11270,8.5,16.5,25,49,97
"Bačka Topola","Niš sever",920,1840,2760,5520,11040,8.5,16,24.5,48,95
"Bačka Topola","Niš istok",940,1880,2820,5630,11260,8.5,16.5,25,49,97
"Bačka Topola","Niš Malča",960,1920,2880,5750,11510,8.5,17,25.5,50,99
"Bačka Topola","Bela Palanka",1050,2100,3150,6300,12600,9.5,18.5,27.5,54.5,108
"Bačka Topola","Pirot zapad",1120,2240,3360,6720,13440,10,19.5,29.5,58,115.5
"Bačka Topola","Pirot istok",1150,2310,3460,6930,13860,10.5,20.5,30.5,60,119
"Bačka Topola","Čačak (Pakovraće)",690,1390,2080,4160,8310,6.5,12.5,18.5,36,71.5
"Bačka Topola","Hrtkovci",470,950,1420,2830,5670,4.5,8.5,13,25,49
"Bačka Topola","Šabac",510,1020,1530,3060,6120,5,9,14,27,53
"Bačka Topola","Kruševac istok",810,1630,2440,4880,9760,7.5,14.5,21.5,42.5,84
"Bačka Topola","Kruševac zapad",810,1640,2450,4910,9820,7.5,14.5,21.5,42.5,84.5
"Bačka Topola","Koševi",830,1670,2510,5010,10020,7.5,7,22,43.5,86
"Bačka Topola","Velika Drenova",850,1720,2570,5140,10270,7.5,15,22.5,44.5,88.5
"Bačka Topola","Trstenik",890,1790,2680,5370,10740,8,16,23.5,46.5,92.5
"Bačka Topola","Vrnjačka Banja",920,1860,2780,5560,11130,8.5,16.5,24.5,48,95.5
"Bačka Topola","Lučani",760,1530,2290,4580,9160,7,13.5,20.5,40,79
"Bačka Topola","Prilipac",810,1620,2430,4860,9720,7.5,14.5,21.5,42,83.5
"Bačka Topola","Vrba",960,1930,2900,5790,11580,8.5,17,25.5,50,99.5
"Bačka Topola","Adrani",740,1480,2220,4430,8870,7,13,19.5,38.5,76.5
"Feketić","Subotica",150,290,440,880,1760,1.5,2.5,4,8,15.5
"Feketić","Žednik",90,180,270,540,1080,1,2,2.5,5,9.5
"Feketić","Bačka Topola",60,110,170,340,680,1,1,1.5,3,6
"Feketić","Vrbas",30,50,80,160,330,0.5,0.5,1,1.5,3
"Feketić","Zmajevo",60,130,190,380,750,1,1.5,2,3.5,6.5
"Feketić","Novi Sad",110,210,320,640,1290,1,2,3,5.5,11.5
"Feketić","Kovilj",160,320,480,960,1920,1.5,3,4.5,8.5,16.5
"Feketić","Beška",200,410,610,1230,2450,2,4,5.5,11,21
"Feketić","Inđija",230,460,690,1380,2750,2,4,6,12,23.5
"Feketić","Beograd",280,550,830,1660,3330,2.5,5,7.5,14.5,28.5
"Feketić","Mali Požarevac",330,650,980,1960,3940,3,6,9,17.5,34
"Feketić","Umčari",350,690,1030,2070,4150,3.5,6.5,9.5,18.5,36
"Feketić","Vodanj",360,720,1080,2170,4340,3.5,6.5,10,19,37.5
"Feketić","Kolari",380,750,1130,2270,4550,3.5,7,10.5,20,39
"Feketić","Smederevo",400,780,1180,2360,4730,4,7,10.5,20.5,40.5
"Feketić","Požarevac",400,790,1190,2390,4780,4,7.5,11,21,41
"Feketić","Velika Plana",480,950,1430,2860,5730,4.5,8.5,13,25,49.5
"Feketić","Markovac",510,1010,1520,3050,6110,4.5,9,13.5,26.5,52.5
"Feketić","Lapovo",530,1050,1580,3150,6320,5,9.5,14,27.5,54.5
"Feketić","Batočina",540,1070,1610,3220,6440,5,9.5,14.5,28,55.5
"Feketić","Jagodina",600,1190,1790,3570,7160,5.5,10.5,16,31,61.5
"Feketić","Ćuprija",630,1260,1890,3790,7590,5.5,11.5,17,33,65
"Feketić","Paraćin",660,1320,1980,3960,7940,6,12,17.5,34.5,68
"Feketić","Ćićevac",710,1410,2120,4230,8470,6.5,12.5,19,36.5,72.5
"Feketić","Ražanj",730,1450,2190,4370,8750,6.5,13,19.5,38,75
"Feketić","Aleksinački Rudnici",790,1570,2360,4720,9440,7,14,21,41,81
"Feketić","Aleksinac",800,1600,2400,4800,9600,7,14,21,41.5,82.5
"Feketić","Niš jug",870,1730,2600,5200,10410,8,15.5,23,45,89
"Feketić","Doljevac",910,1820,2730,5470,10950,8.5,16.5,24.5,47.5,94
"Feketić","Brestovac",930,1850,2780,5570,11140,9,17,25,48.5,95.5
"Feketić","Leskovac centar",950,1890,2840,5690,11380,9,17,25.5,49.5,97.5
"Feketić","Leskovac jug",990,1980,2970,5950,11910,9.5,18,26.5,51.5,102
"Feketić","Grdelica",1030,2040,3070,6130,12280,9.5,18.5,27.5,53,105
"Feketić","Predejane",1070,2130,3200,6400,12810,10,19,28.5,55.5,110
"Feketić","Vladičin Han",1140,2270,3410,6820,13650,10.5,20.5,30,59,117
"Feketić","Vranje",1200,2400,3600,7200,14420,11,21.5,32,62.5,123.5
"Feketić","Bujanovac sever",1240,2470,3710,7430,14870,11.5,22,32.5,64.5,127.5
"Feketić","Bujanovac jug",1250,2490,3750,7490,14990,11.5,22,33,65,128.5
"Feketić","Preševo",1310,2610,3910,7830,15670,12,23.5,34.5,67.5,134
"Feketić","Dimitrovgrad",1180,2350,3540,7070,14160,10.5,20.5,31,61,121.5
"Feketić","Šid",540,1070,1610,3220,6450,5,9.5,14.5,28,55.5
"Feketić","Adaševci",280,550,830,1660,3330,2.5,5,7.5,14.5,28.5
"Feketić","Kuzmin",480,950,1420,2850,5700,4.5,8.5,13,25,49
"Feketić","Sremska Mitrovica",420,830,1250,2490,5000,4,7.5,11.5,22,43
"Feketić","Ruma",390,760,1150,2300,4600,3.5,7,10.5,20,39.5
"Feketić","Pećinci",350,690,1040,2080,4170,3.5,6.5,9.5,18.5,36
"Feketić","Takovo",550,1090,1640,3280,6570,5,10,14.5,28.5,56.5
"Feketić","Preljina jug",610,1210,1820,3640,7280,5.5,11,16,31.5,62.5
"Feketić","Obrenovac",280,550,830,1660,3330,2.5,5,7.5,14.5,28.5
"Feketić","Ub",350,700,1050,2100,4210,3.5,6.5,9.5,18.5,36.5
"Feketić","Lajkovac",390,770,1170,2330,4680,3.5,7,10.5,20.5,40.5
"Feketić","Ljig",460,910,1370,2740,5490,4.5,8.5,12.5,24,47
"Feketić","Merošina",890,1760,2650,5290,10600,8,15.5,23.5,46,91
"Feketić","Niš sever",870,1720,2590,5180,10370,8,15,23,45,89
"Feketić","Niš istok",890,1760,2650,5290,10590,8,15.5,23.5,46,91
"Feketić","Niš Malča",910,1800,2710,5410,10840,8,16,24,47,93
"Feketić","Bela Palanka",1000,1980,2980,5960,11930,9,17.5,26,51.5,102
"Feketić","Pirot zapad",1070,2120,3190,6380,12770,9.5,18.5,28,55,109.5
"Feketić","Pirot istok",1100,2190,3290,6590,13190,10,19.5,29,57,113
"Feketić","Čačak (Pakovraće)",640,1270,1910,3820,7640,6,11.5,17,33,65.5
"Feketić","Hrtkovci",560,1130,1690,3370,6760,5.5,10,15,29.5,58
"Feketić","Šabac",460,900,1360,2720,5450,4.5,8,12.5,24,47
"Feketić","Kruševac istok",760,1510,2270,4540,9090,7,13.5,20,39.5,78
"Feketić","Kruševac zapad",760,1520,2280,4570,9150,7,13.5,20,39.5,78.5
"Feketić","Koševi",780,1550,2340,4670,9350,7,6,20.5,40.5,80
"Feketić","Velika Drenova",800,1600,2400,4800,9600,7,14,21,41.5,82.5
"Feketić","Trstenik",840,1670,2510,5030,10070,7.5,15,22,43.5,86.5
"Feketić","Vrnjačka Banja",870,1740,2610,5220,10460,8,15.5,23,45,89.5
"Feketić","Lučani",710,1410,2120,4240,8490,6.5,12.5,19,37,73
"Feketić","Prilipac",760,1500,2260,4520,9050,7,13.5,20,39,77.5
"Feketić","Vrba",910,1810,2730,5450,10910,8,16,24,47,93.5
"Feketić","Adrani",690,1360,2050,4090,8200,6.5,12,18,35.5,70.5
"Vrbas","Subotica",170,350,520,1040,2090,1.5,3,4.5,9,18
"Vrbas","Žednik",120,230,350,700,1410,1.5,2,3,6,12.5
"Vrbas","Bačka Topola",80,170,250,500,1000,1,1.5,2.5,4.5,9
"Vrbas","Feketić",30,50,80,160,330,0.5,0.5,1,1.5,3
"Vrbas","Zmajevo",40,70,110,210,420,0.5,1,1,2,4
"Vrbas","Novi Sad",80,160,240,480,960,1,1.5,2.5,4.5,8.5
"Vrbas","Kovilj",130,270,400,800,1590,1.5,2.5,3.5,7,14
"Vrbas","Beška",180,350,530,1060,2120,2,3,5,9.5,18.5
"Vrbas","Inđija",200,400,610,1210,2420,2,3.5,5.5,10.5,21
"Vrbas","Beograd",250,500,750,1500,3000,2.5,4.5,6.5,13,26
"Vrbas","Mali Požarevac",300,600,900,1800,3610,3,5.5,8,16,31.5
"Vrbas","Umčari",320,640,950,1910,3820,3.5,6,8.5,17,33.5
"Vrbas","Vodanj",330,670,1000,2010,4010,3.5,6,9,17.5,35
"Vrbas","Kolari",350,700,1050,2110,4220,3.5,6.5,9.5,18.5,36.5
"Vrbas","Smederevo",370,730,1100,2200,4400,4,6.5,9.5,19,38
"Vrbas","Požarevac",370,740,1110,2230,4450,4,7,10,19.5,38.5
"Vrbas","Velika Plana",450,900,1350,2700,5400,4.5,8,12,23.5,47
"Vrbas","Markovac",480,960,1440,2890,5780,4.5,8.5,12.5,25,50
"Vrbas","Lapovo",500,1000,1500,2990,5990,5,9,13,26,52
"Vrbas","Batočina",510,1020,1530,3060,6110,5,9,13.5,26.5,53
"Vrbas","Jagodina",570,1140,1710,3410,6830,5.5,10,15,29.5,59
"Vrbas","Ćuprija",600,1210,1810,3630,7260,5.5,11,16,31.5,62.5
"Vrbas","Paraćin",630,1270,1900,3800,7610,6,11.5,16.5,33,65.5
"Vrbas","Ćićevac",680,1360,2040,4070,8140,6.5,12,18,35,70
"Vrbas","Ražanj",700,1400,2110,4210,8420,6.5,12.5,18.5,36.5,72.5
"Vrbas","Aleksinački Rudnici",760,1520,2280,4560,9110,7,13.5,20,39.5,78.5
"Vrbas","Aleksinac",770,1550,2320,4640,9270,7,13.5,20,40,80
"Vrbas","Niš jug",840,1680,2520,5040,10080,8,15,22,43.5,86.5
"Vrbas","Doljevac",880,1770,2650,5310,10620,8.5,16,23.5,46,91.5
"Vrbas","Brestovac",900,1800,2700,5410,10810,9,16.5,24,47,93
"Vrbas","Leskovac centar",920,1840,2760,5530,11050,9,16.5,24.5,48,95
"Vrbas","Leskovac jug",960,1930,2890,5790,11580,9.5,17.5,25.5,50,99.5
"Vrbas","Grdelica",1000,1990,2990,5970,11950,9.5,18,26.5,51.5,102.5
"Vrbas","Predejane",1040,2080,3120,6240,12480,10,18.5,27.5,54,107.5
"Vrbas","Vladičin Han",1110,2220,3330,6660,13320,10.5,20,29,57.5,114.5
"Vrbas","Vranje",1170,2350,3520,7040,14090,11,21,31,61,121
"Vrbas","Bujanovac sever",1210,2420,3630,7270,14540,11.5,21.5,31.5,63,125
"Vrbas","Bujanovac jug",1220,2440,3670,7330,14660,11.5,21.5,32,63.5,126
"Vrbas","Preševo",1280,2560,3830,7670,15340,12,23,33.5,66,131.5
"Vrbas","Dimitrovgrad",1150,2300,3460,6910,13830,10.5,20,30,59.5,119
"Vrbas","Šid",510,1020,1530,3060,6120,5,9,13.5,26.5,53
"Vrbas","Adaševci",250,500,750,1500,3000,2.5,4.5,6.5,13,26
"Vrbas","Kuzmin",450,900,1340,2690,5370,4.5,8,12,23.5,46.5
"Vrbas","Sremska Mitrovica",390,780,1170,2330,4670,4,7,10.5,20.5,40.5
"Vrbas","Ruma",360,710,1070,2140,4270,3.5,6.5,9.5,18.5,37
"Vrbas","Pećinci",320,640,960,1920,3840,3.5,6,8.5,17,33.5
"Vrbas","Takovo",520,1040,1560,3120,6240,5,9.5,13.5,27,54
"Vrbas","Preljina jug",580,1160,1740,3480,6950,5.5,10.5,15,30,60
"Vrbas","Obrenovac",250,500,750,1500,3000,2.5,4.5,6.5,13,26
"Vrbas","Ub",320,650,970,1940,3880,3.5,6,8.5,17,34
"Vrbas","Lajkovac",360,720,1090,2170,4350,3.5,6.5,9.5,19,38
"Vrbas","Ljig",430,860,1290,2580,5160,4.5,8,11.5,22.5,44.5
"Vrbas","Merošina",860,1710,2570,5130,10270,8,15,22.5,44.5,88.5
"Vrbas","Niš sever",840,1670,2510,5020,10040,8,14.5,22,43.5,86.5
"Vrbas","Niš istok",860,1710,2570,5130,10260,8,15,22.5,44.5,88.5
"Vrbas","Niš Malča",880,1750,2630,5250,10510,8,15.5,23,45.5,90.5
"Vrbas","Bela Palanka",970,1930,2900,5800,11600,9,17,25,50,99.5
"Vrbas","Pirot zapad",1040,2070,3110,6220,12440,9.5,18,27,53.5,107
"Vrbas","Pirot istok",1070,2140,3210,6430,12860,10,19,28,55.5,110.5
"Vrbas","Čačak (Pakovraće)",610,1220,1830,3660,7310,6,11,16,31.5,63
"Vrbas","Hrtkovci",390,780,1170,2330,4670,4,7,10.5,20.5,40.5
"Vrbas","Šabac",430,850,1280,2560,5120,4.5,7.5,11.5,22.5,44.5
"Vrbas","Kruševac istok",730,1460,2190,4380,8760,7,13,19,38,75.5
"Vrbas","Kruševac zapad",730,1470,2200,4410,8820,7,13,19,38,76
"Vrbas","Koševi",750,1500,2260,4510,9020,7,5.5,19.5,39,77.5
"Vrbas","Velika Drenova",770,1550,2320,4640,9270,7,13.5,20,40,80
"Vrbas","Trstenik",810,1620,2430,4870,9740,7.5,14.5,21,42,84
"Vrbas","Vrnjačka Banja",840,1690,2530,5060,10130,8,15,22,43.5,87
"Vrbas","Lučani",680,1360,2040,4080,8160,6.5,12,18,35.5,70.5
"Vrbas","Prilipac",730,1450,2180,4360,8720,7,13,19,37.5,75
"Vrbas","Vrba",880,1760,2650,5290,10580,8,15.5,23,45.5,91
"Vrbas","Adrani",660,1310,1970,3930,7870,6.5,11.5,17,34,68
"Zmajevo","Subotica",210,420,630,1250,2510,2,4,5.5,11,21.5
"Zmajevo","Žednik",150,310,460,920,1830,1.5,3,4,8,16
"Zmajevo","Bačka Topola",120,240,360,710,1430,1.5,2.5,3.5,6.5,12.5
"Zmajevo","Feketić",60,130,190,380,750,1,1.5,2,3.5,6.5
"Zmajevo","Vrbas",40,70,110,210,420,0.5,1,1,2,4
"Zmajevo","Novi Sad",40,90,130,270,540,0.5,1,1.5,2.5,5
"Zmajevo","Kovilj",100,200,290,590,1170,1,2,2.5,5.5,10
"Zmajevo","Beška",140,280,420,850,1700,1.5,2.5,4,7.5,15
"Zmajevo","Inđija",170,330,500,1000,2000,1.5,3,4.5,9,17.5
"Zmajevo","Beograd",210,430,640,1290,2580,2,4,5.5,11.5,22.5
"Zmajevo","Mali Požarevac",260,530,790,1590,3190,2.5,5,7,14.5,28
"Zmajevo","Umčari",280,570,840,1700,3400,3,5.5,7.5,15.5,30
"Zmajevo","Vodanj",290,600,890,1800,3590,3,5.5,8,16,31.5
"Zmajevo","Kolari",310,630,940,1900,3800,3,6,8.5,17,33
"Zmajevo","Smederevo",330,660,990,1990,3980,3.5,6,8.5,17.5,34.5
"Zmajevo","Požarevac",330,670,1000,2020,4030,3.5,6.5,9,18,35
"Zmajevo","Velika Plana",410,830,1240,2490,4980,4,7.5,11,22,43.5
"Zmajevo","Markovac",440,890,1330,2680,5360,4,8,11.5,23.5,46.5
"Zmajevo","Lapovo",460,930,1390,2780,5570,4.5,8.5,12,24.5,48.5
"Zmajevo","Batočina",470,950,1420,2850,5690,4.5,8.5,12.5,25,49.5
"Zmajevo","Jagodina",530,1070,1600,3200,6410,5,9.5,14,28,55.5
"Zmajevo","Ćuprija",560,1140,1700,3420,6840,5,10.5,15,30,59
"Zmajevo","Paraćin",590,1200,1790,3590,7190,5.5,11,15.5,31.5,62
"Zmajevo","Ćićevac",640,1290,1930,3860,7720,6,11.5,17,33.5,66.5
"Zmajevo","Ražanj",660,1330,2000,4000,8000,6,12,17.5,35,69
"Zmajevo","Aleksinački Rudnici",720,1450,2170,4350,8690,6.5,13,19,38,75
"Zmajevo","Aleksinac",730,1480,2210,4430,8850,6.5,13,19,38.5,76.5
"Zmajevo","Niš jug",800,1610,2410,4830,9660,7.5,14.5,21,42,83
"Zmajevo","Doljevac",840,1700,2540,5100,10200,8,15.5,22.5,44.5,88
"Zmajevo","Brestovac",860,1730,2590,5200,10390,8.5,16,23,45.5,89.5
"Zmajevo","Leskovac centar",880,1770,2650,5320,10630,8.5,16,23.5,46.5,91.5
"Zmajevo","Leskovac jug",920,1860,2780,5580,11160,9,17,24.5,48.5,96
"Zmajevo","Grdelica",960,1920,2880,5760,11530,9,17.5,25.5,50,99
"Zmajevo","Predejane",1000,2010,3010,6030,12060,9.5,18,26.5,52.5,104
"Zmajevo","Vladičin Han",1070,2150,3220,6450,12900,10,19.5,28,56,111
"Zmajevo","Vranje",1130,2280,3410,6830,13670,10.5,20.5,30,59.5,117.5
"Zmajevo","Bujanovac sever",1170,2350,3520,7060,14120,11,21,30.5,61.5,121.5
"Zmajevo","Bujanovac jug",1180,2370,3560,7120,14240,11,21,31,62,122.5
"Zmajevo","Preševo",1240,2490,3720,7460,14920,11.5,22.5,32.5,64.5,128
"Zmajevo","Dimitrovgrad",1110,2230,3350,6700,13410,10,19.5,29,58,115.5
"Zmajevo","Šid",470,950,1420,2850,5700,4.5,8.5,12.5,25,49.5
"Zmajevo","Adaševci",210,430,640,1290,2580,2,4,5.5,11.5,22.5
"Zmajevo","Kuzmin",410,830,1230,2480,4950,4,7.5,11,22,43
"Zmajevo","Sremska Mitrovica",350,710,1060,2120,4250,3.5,6.5,9.5,19,37
"Zmajevo","Ruma",320,640,960,1930,3850,3,6,8.5,17,33.5
"Zmajevo","Pećinci",280,570,850,1710,3420,3,5.5,7.5,15.5,30
"Zmajevo","Takovo",480,970,1450,2910,5820,4.5,9,12.5,25.5,50.5
"Zmajevo","Preljina jug",540,1090,1630,3270,6530,5,10,14,28.5,56.5
"Zmajevo","Obrenovac",210,430,640,1290,2580,2,4,5.5,11.5,22.5
"Zmajevo","Ub",280,580,860,1730,3460,3,5.5,7.5,15.5,30.5
"Zmajevo","Lajkovac",320,650,980,1960,3930,3,6,8.5,17.5,34.5
"Zmajevo","Ljig",390,790,1180,2370,4740,4,7.5,10.5,21,41
"Zmajevo","Merošina",820,1640,2460,4920,9850,7.5,14.5,21.5,43,85
"Zmajevo","Niš sever",800,1600,2400,4810,9620,7.5,14,21,42,83
"Zmajevo","Niš istok",820,1640,2460,4920,9840,7.5,14.5,21.5,43,85
"Zmajevo","Niš Malča",840,1680,2520,5040,10090,7.5,15,22,44,87
"Zmajevo","Bela Palanka",930,1860,2790,5590,11180,8.5,16.5,24,48.5,96
"Zmajevo","Pirot zapad",1000,2000,3000,6010,12020,9,17.5,26,52,103.5
"Zmajevo","Pirot istok",1030,2070,3100,6220,12440,9.5,18.5,27,54,107
"Zmajevo","Čačak (Pakovraće)",570,1150,1720,3450,6890,5.5,10.5,15,30,59.5
"Zmajevo","Hrtkovci",350,710,1060,2120,4250,3.5,6.5,9.5,19,37
"Zmajevo","Šabac",390,780,1170,2350,4700,4,7,10.5,21,41
"Zmajevo","Kruševac istok",690,1390,2080,4170,8340,6.5,12.5,18,36.5,72
"Zmajevo","Kruševac zapad",690,1400,2090,4200,8400,6.5,12.5,18,36.5,72.5
"Zmajevo","Koševi",710,1430,2150,4300,8600,6.5,5,18.5,37.5,74
"Zmajevo","Velika Drenova",730,1480,2210,4430,8850,6.5,13,19,38.5,76.5
"Zmajevo","Trstenik",770,1550,2320,4660,9320,7,14,20,40.5,80.5
"Zmajevo","Vrnjačka Banja",800,1620,2420,4850,9710,7.5,14.5,21,42,83.5
"Zmajevo","Lučani",640,1290,1930,3870,7740,6,11.5,17,34,67
"Zmajevo","Prilipac",690,1380,2070,4150,8300,6.5,12.5,18,36,71.5
"Zmajevo","Vrba",840,1690,2540,5080,10160,7.5,15,22,44,87.5
"Zmajevo","Adrani",620,1240,1860,3720,7450,6,11,16,32.5,64.5
"Novi Sad","Subotica",250,510,760,1520,3050,2.5,4.5,6.5,13,26.5
"Novi Sad","Žednik",200,390,590,1180,2370,2,3.5,5.5,10.5,20.5
"Novi Sad","Bačka Topola",160,330,490,980,1960,1.5,3,4.5,8.5,17
"Novi Sad","Feketić",110,210,320,640,1290,1,2,3,5.5,11.5
"Novi Sad","Vrbas",80,160,240,480,960,1,1.5,2.5,4.5,8.5
"Novi Sad","Zmajevo",40,90,130,270,540,0.5,1,1.5,2.5,5
"Novi Sad","Kovilj",50,110,160,320,630,0.5,1,1.5,3,5.5
"Novi Sad","Beška",100,190,290,580,1160,1,2,2.5,5,10
"Novi Sad","Inđija",120,240,370,730,1460,1.5,2.5,3.5,6.5,12.5
"Novi Sad","Beograd",170,340,510,1020,2040,1.5,3,4.5,9,17.5
"Novi Sad","Mali Požarevac",220,440,660,1320,2650,2,4,6,12,23
"Novi Sad","Umčari",240,480,710,1430,2860,2.5,4.5,6.5,13,25
"Novi Sad","Vodanj",250,510,760,1530,3050,2.5,4.5,7,13.5,26.5
"Novi Sad","Kolari",270,540,810,1630,3260,2.5,5,7.5,14.5,28
"Novi Sad","Smederevo",290,570,860,1720,3440,3,5,7.5,15,29.5
"Novi Sad","Požarevac",290,580,870,1750,3490,3,5.5,8,15.5,30
"Novi Sad","Velika Plana",370,740,1110,2220,4440,3.5,6.5,10,19.5,38.5
"Novi Sad","Markovac",400,800,1200,2410,4820,3.5,7,10.5,21,41.5
"Novi Sad","Lapovo",420,840,1260,2510,5030,4,7.5,11,22,43.5
"Novi Sad","Batočina",430,860,1290,2580,5150,4,7.5,11.5,22.5,44.5
"Novi Sad","Jagodina",490,980,1470,2930,5870,4.5,8.5,13,25.5,50.5
"Novi Sad","Ćuprija",520,1050,1570,3150,6300,4.5,9.5,14,27.5,54
"Novi Sad","Paraćin",550,1110,1660,3320,6650,5,10,14.5,29,57
"Novi Sad","Ćićevac",600,1200,1800,3590,7180,5.5,10.5,16,31,61.5
"Novi Sad","Ražanj",620,1240,1870,3730,7460,5.5,11,16.5,32.5,64
"Novi Sad","Aleksinački Rudnici",680,1360,2040,4080,8150,6,12,18,35.5,70
"Novi Sad","Aleksinac",690,1390,2080,4160,8310,6,12,18,36,71.5
"Novi Sad","Niš jug",760,1520,2280,4560,9120,7,13.5,20,39.5,78
"Novi Sad","Doljevac",800,1610,2410,4830,9660,7.5,14.5,21.5,42,83
"Novi Sad","Brestovac",820,1640,2460,4930,9850,8,15,22,43,84.5
"Novi Sad","Leskovac centar",840,1680,2520,5050,10090,8,15,22.5,44,86.5
"Novi Sad","Leskovac jug",880,1770,2650,5310,10620,8.5,16,23.5,46,91
"Novi Sad","Grdelica",920,1830,2750,5490,10990,8.5,16.5,24.5,47.5,94
"Novi Sad","Predejane",960,1920,2880,5760,11520,9,17,25.5,50,99
"Novi Sad","Vladičin Han",1030,2060,3090,6180,12360,9.5,18.5,27,53.5,106
"Novi Sad","Vranje",1090,2190,3280,6560,13130,10,19.5,29,57,112.5
"Novi Sad","Bujanovac sever",1130,2260,3390,6790,13580,10.5,20,29.5,59,116.5
"Novi Sad","Bujanovac jug",1140,2280,3430,6850,13700,10.5,20,30,59.5,117.5
"Novi Sad","Preševo",1200,2400,3590,7190,14380,11,21.5,31.5,62,123
"Novi Sad","Dimitrovgrad",1070,2140,3220,6430,12870,9.5,18.5,28,55.5,110.5
"Novi Sad","Šid",430,860,1290,2580,5160,4,7.5,11.5,22.5,44.5
"Novi Sad","Adaševci",170,340,510,1020,2040,1.5,3,4.5,9,17.5
"Novi Sad","Kuzmin",370,740,1100,2210,4410,3.5,6.5,10,19.5,38
"Novi Sad","Sremska Mitrovica",310,620,930,1850,3710,3,5.5,8.5,16.5,32
"Novi Sad","Ruma",280,550,830,1660,3310,2.5,5,7.5,14.5,28.5
"Novi Sad","Pećinci",240,480,720,1440,2880,2.5,4.5,6.5,13,25
"Novi Sad","Takovo",440,880,1320,2640,5280,4,8,11.5,23,45.5
"Novi Sad","Preljina jug",500,1000,1500,3000,5990,4.5,9,13,26,51.5
"Novi Sad","Obrenovac",170,340,510,1020,2040,1.5,3,4.5,9,17.5
"Novi Sad","Ub",240,490,730,1460,2920,2.5,4.5,6.5,13,25.5
"Novi Sad","Lajkovac",280,560,850,1690,3390,2.5,5,7.5,15,29.5
"Novi Sad","Ljig",350,700,1050,2100,4200,3.5,6.5,9.5,18.5,36
"Novi Sad","Merošina",780,1550,2330,4650,9310,7,13.5,20.5,40.5,80
"Novi Sad","Niš sever",760,1510,2270,4540,9080,7,13,20,39.5,78
"Novi Sad","Niš istok",780,1550,2330,4650,9300,7,13.5,20.5,40.5,80
"Novi Sad","Niš Malča",800,1590,2390,4770,9550,7,14,21,41.5,82
"Novi Sad","Bela Palanka",890,1770,2660,5320,10640,8,15.5,23,46,91
"Novi Sad","Pirot zapad",960,1910,2870,5740,11480,8.5,16.5,25,49.5,98.5
"Novi Sad","Pirot istok",990,1980,2970,5950,11900,9,17.5,26,51.5,102
"Novi Sad","Čačak (Pakovraće)",530,1060,1590,3180,6350,5,9.5,14,27.5,54.5
"Novi Sad","Hrtkovci",310,620,930,1850,3710,3,5.5,8.5,16.5,32
"Novi Sad","Šabac",350,690,1040,2080,4160,3.5,6,9.5,18.5,36
"Novi Sad","Kruševac istok",650,1300,1950,3900,7800,6,11.5,17,34,67
"Novi Sad","Kruševac zapad",650,1310,1960,3930,7860,6,11.5,17,34,67.5
"Novi Sad","Koševi",670,1340,2020,4030,8060,6,4,17.5,35,69
"Novi Sad","Velika Drenova",690,1390,2080,4160,8310,6,12,18,36,71.5
"Novi Sad","Trstenik",730,1460,2190,4390,8780,6.5,13,19,38,75.5
"Novi Sad","Vrnjačka Banja",760,1530,2290,4580,9170,7,13.5,20,39.5,78.5
"Novi Sad","Lučani",600,1200,1800,3600,7200,5.5,10.5,16,31.5,62
"Novi Sad","Prilipac",650,1290,1940,3880,7760,6,11.5,17,33.5,66.5
"Novi Sad","Vrba",800,1600,2410,4810,9620,7,14,21,41.5,82.5
"Novi Sad","Adrani",580,1150,1730,3450,6910,5.5,10,15,30,59.5
"Kovilj","Subotica",310,610,920,1840,3680,3,5.5,8,16,31.5
"Kovilj","Žednik",250,500,750,1500,3000,2.5,4.5,6.5,13,26
"Kovilj","Bačka Topola",220,430,650,1300,2600,2,4,6,11.5,22.5
"Kovilj","Feketić",160,320,480,960,1920,1.5,3,4.5,8.5,16.5
"Kovilj","Vrbas",130,270,400,800,1590,1.5,2.5,3.5,7,14
"Kovilj","Zmajevo",100,200,290,590,1170,1,2,2.5,5.5,10
"Kovilj","Novi Sad",50,110,160,320,630,0.5,1,1.5,3,5.5
"Kovilj","Beška",40,90,130,260,530,0.5,1,1.5,2.5,5
"Kovilj","Inđija",70,140,210,410,830,1,1.5,2,4,7.5
"Kovilj","Beograd",120,230,350,700,1410,1.5,2,3,6,12.5
"Kovilj","Mali Požarevac",170,330,500,1000,2020,2,3,4.5,9,18
"Kovilj","Umčari",190,370,550,1110,2230,2.5,3.5,5,10,20
"Kovilj","Vodanj",200,400,600,1210,2420,2.5,3.5,5.5,10.5,21.5
"Kovilj","Kolari",220,430,650,1310,2630,2.5,4,6,11.5,23
"Kovilj","Smederevo",240,460,700,1400,2810,3,4,6,12,24.5
"Kovilj","Požarevac",240,470,710,1430,2860,3,4.5,6.5,12.5,25
"Kovilj","Velika Plana",320,630,950,1900,3810,3.5,5.5,8.5,16.5,33.5
"Kovilj","Markovac",350,690,1040,2090,4190,3.5,6,9,18,36.5
"Kovilj","Lapovo",370,730,1100,2190,4400,4,6.5,9.5,19,38.5
"Kovilj","Batočina",380,750,1130,2260,4520,4,6.5,10,19.5,39.5
"Kovilj","Jagodina",440,870,1310,2610,5240,4.5,7.5,11.5,22.5,45.5
"Kovilj","Ćuprija",470,940,1410,2830,5670,4.5,8.5,12.5,24.5,49
"Kovilj","Paraćin",500,1000,1500,3000,6020,5,9,13,26,52
"Kovilj","Ćićevac",550,1090,1640,3270,6550,5.5,9.5,14.5,28,56.5
"Kovilj","Ražanj",570,1130,1710,3410,6830,5.5,10,15,29.5,59
"Kovilj","Aleksinački Rudnici",630,1250,1880,3760,7520,6,11,16.5,32.5,65
"Kovilj","Aleksinac",640,1280,1920,3840,7680,6,11,16.5,33,66.5
"Kovilj","Niš jug",710,1410,2120,4240,8490,7,12.5,18.5,36.5,73
"Kovilj","Doljevac",750,1500,2250,4510,9030,7.5,13.5,20,39,78
"Kovilj","Brestovac",770,1530,2300,4610,9220,8,14,20.5,40,79.5
"Kovilj","Leskovac centar",790,1570,2360,4730,9460,8,14,21,41,81.5
"Kovilj","Leskovac jug",830,1660,2490,4990,9990,8.5,15,22,43,86
"Kovilj","Grdelica",870,1720,2590,5170,10360,8.5,15.5,23,44.5,89
"Kovilj","Predejane",910,1810,2720,5440,10890,9,16,24,47,94
"Kovilj","Vladičin Han",980,1950,2930,5860,11730,9.5,17.5,25.5,50.5,101
"Kovilj","Vranje",1040,2080,3120,6240,12500,10,18.5,27.5,54,107.5
"Kovilj","Bujanovac sever",1080,2150,3230,6470,12950,10.5,19,28,56,111.5
"Kovilj","Bujanovac jug",1090,2170,3270,6530,13070,10.5,19,28.5,56.5,112.5
"Kovilj","Preševo",1150,2290,3430,6870,13750,11,20.5,30,59,118
"Kovilj","Dimitrovgrad",1020,2030,3060,6110,12240,9.5,17.5,26.5,52.5,105.5
"Kovilj","Šid",380,750,1130,2260,4530,4,6.5,10,19.5,39.5
"Kovilj","Adaševci",120,230,350,700,1410,1.5,2,3,6,12.5
"Kovilj","Kuzmin",320,630,940,1890,3780,3.5,5.5,8.5,16.5,33
"Kovilj","Sremska Mitrovica",260,510,770,1530,3080,3,4.5,7,13.5,27
"Kovilj","Ruma",230,440,670,1340,2680,2.5,4,6,11.5,23.5
"Kovilj","Pećinci",190,370,560,1120,2250,2.5,3.5,5,10,20
"Kovilj","Takovo",390,770,1160,2320,4650,4,7,10,20,40.5
"Kovilj","Preljina jug",450,890,1340,2680,5360,4.5,8,11.5,23,46.5
"Kovilj","Obrenovac",120,230,350,700,1410,1.5,2,3,6,12.5
"Kovilj","Ub",190,380,570,1140,2290,2.5,3.5,5,10,20.5
"Kovilj","Lajkovac",230,450,690,1370,2760,2.5,4,6,12,24.5
"Kovilj","Ljig",300,590,890,1780,3570,3.5,5.5,8,15.5,31
"Kovilj","Merošina",730,1440,2170,4330,8680,7,12.5,19,37.5,75
"Kovilj","Niš sever",710,1400,2110,4220,8450,7,12,18.5,36.5,73
"Kovilj","Niš istok",730,1440,2170,4330,8670,7,12.5,19,37.5,75
"Kovilj","Niš Malča",750,1480,2230,4450,8920,7,13,19.5,38.5,77
"Kovilj","Bela Palanka",840,1660,2500,5000,10010,8,14.5,21.5,43,86
"Kovilj","Pirot zapad",910,1800,2710,5420,10850,8.5,15.5,23.5,46.5,93.5
"Kovilj","Pirot istok",940,1870,2810,5630,11270,9,16.5,24.5,48.5,97
"Kovilj","Čačak (Pakovraće)",480,950,1430,2860,5720,5,8.5,12.5,24.5,49.5
"Kovilj","Hrtkovci",260,510,770,1530,3080,3,4.5,7,13.5,27
"Kovilj","Šabac",300,580,880,1760,3530,3.5,5,8,15.5,31
"Kovilj","Kruševac istok",600,1190,1790,3580,7170,6,10.5,15.5,31,62
"Kovilj","Kruševac zapad",600,1200,1800,3610,7230,6,10.5,15.5,31,62.5
"Kovilj","Koševi",620,1230,1860,3710,7430,6,3,16,32,64
"Kovilj","Velika Drenova",640,1280,1920,3840,7680,6,11,16.5,33,66.5
"Kovilj","Trstenik",680,1350,2030,4070,8150,6.5,12,17.5,35,70.5
"Kovilj","Vrnjačka Banja",710,1420,2130,4260,8540,7,12.5,18.5,36.5,73.5
"Kovilj","Lučani",550,1090,1640,3280,6570,5.5,9.5,14.5,28.5,57
"Kovilj","Prilipac",600,1180,1780,3560,7130,6,10.5,15.5,30.5,61.5
"Kovilj","Vrba",750,1490,2250,4490,8990,7,13,19.5,38.5,77.5
"Kovilj","Adrani",530,1040,1570,3130,6280,5.5,9,13.5,27,54.5
"Beška","Subotica",350,700,1050,2100,4210,3,6,9,18,36
"Beška","Žednik",290,590,880,1770,3530,2.5,5.5,8,15.5,30.5
"Beška","Bačka Topola",260,520,780,1560,3130,2.5,4.5,7,13.5,27
"Beška","Feketić",200,410,610,1230,2450,2,4,5.5,11,21
"Beška","Vrbas",180,350,530,1060,2120,2,3,5,9.5,18.5
"Beška","Zmajevo",140,280,420,850,1700,1.5,2.5,4,7.5,15
"Beška","Novi Sad",100,190,290,580,1160,1,2,2.5,5,10
"Beška","Kovilj",40,90,130,260,530,0.5,1,1.5,2.5,5
"Beška","Inđija",30,50,80,150,300,0.5,0.5,1,1.5,3
"Beška","Beograd",70,150,220,440,880,1,1.5,2,4,8
"Beška","Mali Požarevac",120,250,370,740,1490,1.5,2.5,3.5,7,13.5
"Beška","Umčari",140,290,420,850,1700,2,3,4,8,15.5
"Beška","Vodanj",150,320,470,950,1890,2,3,4.5,8.5,17
"Beška","Kolari",170,350,520,1050,2100,2,3.5,5,9.5,18.5
"Beška","Smederevo",190,380,570,1140,2280,2.5,3.5,5,10,20
"Beška","Požarevac",190,390,580,1170,2330,2.5,4,5.5,10.5,20.5
"Beška","Velika Plana",270,550,820,1640,3280,3,5,7.5,14.5,29
"Beška","Markovac",300,610,910,1830,3660,3,5.5,8,16,32
"Beška","Lapovo",320,650,970,1930,3870,3.5,6,8.5,17,34
"Beška","Batočina",330,670,1000,2000,3990,3.5,6,9,17.5,35
"Beška","Jagodina",390,790,1180,2350,4710,4,7,10.5,20.5,41
"Beška","Ćuprija",420,860,1280,2570,5140,4,8,11.5,22.5,44.5
"Beška","Paraćin",450,920,1370,2740,5490,4.5,8.5,12,24,47.5
"Beška","Ćićevac",500,1010,1510,3010,6020,5,9,13.5,26,52
"Beška","Ražanj",520,1050,1580,3150,6300,5,9.5,14,27.5,54.5
"Beška","Aleksinački Rudnici",580,1170,1750,3500,6990,5.5,10.5,15.5,30.5,60.5
"Beška","Aleksinac",590,1200,1790,3580,7150,5.5,10.5,15.5,31,62
"Beška","Niš jug",660,1330,1990,3980,7960,6.5,12,17.5,34.5,68.5
"Beška","Doljevac",700,1420,2120,4250,8500,7,13,19,37,73.5
"Beška","Brestovac",720,1450,2170,4350,8690,7.5,13.5,19.5,38,75
"Beška","Leskovac centar",740,1490,2230,4470,8930,7.5,13.5,20,39,77
"Beška","Leskovac jug",780,1580,2360,4730,9460,8,14.5,21,41,81.5
"Beška","Grdelica",820,1640,2460,4910,9830,8,15,22,42.5,84.5
"Beška","Predejane",860,1730,2590,5180,10360,8.5,15.5,23,45,89.5
"Beška","Vladičin Han",930,1870,2800,5600,11200,9,17,24.5,48.5,96.5
"Beška","Vranje",990,2000,2990,5980,11970,9.5,18,26.5,52,103
"Beška","Bujanovac sever",1030,2070,3100,6210,12420,10,18.5,27,54,107
"Beška","Bujanovac jug",1040,2090,3140,6270,12540,10,18.5,27.5,54.5,108
"Beška","Preševo",1100,2210,3300,6610,13220,10.5,20,29,57,113.5
"Beška","Dimitrovgrad",970,1950,2930,5850,11710,9,17,25.5,50.5,101
"Beška","Šid",330,670,1000,2000,4000,3.5,6,9,17.5,35
"Beška","Adaševci",70,150,220,440,880,1,1.5,2,4,8
"Beška","Kuzmin",270,550,810,1630,3250,3,5,7.5,14.5,28.5
"Beška","Sremska Mitrovica",210,430,640,1270,2550,2.5,4,6,11.5,22.5
"Beška","Ruma",180,360,540,1080,2150,2,3.5,5,9.5,19
"Beška","Pećinci",140,290,430,860,1720,2,3,4,8,15.5
"Beška","Takovo",340,690,1030,2060,4120,3.5,6.5,9,18,36
"Beška","Preljina jug",400,810,1210,2420,4830,4,7.5,10.5,21,42
"Beška","Obrenovac",70,150,220,440,880,1,1.5,2,4,8
"Beška","Ub",140,300,440,880,1760,2,3,4,8,16
"Beška","Lajkovac",180,370,560,1110,2230,2,3.5,5,10,20
"Beška","Ljig",250,510,760,1520,3040,3,5,7,13.5,26.5
"Beška","Merošina",680,1360,2040,4070,8150,6.5,12,18,35.5,70.5
"Beška","Niš sever",660,1320,1980,3960,7920,6.5,11.5,17.5,34.5,68.5
"Beška","Niš istok",680,1360,2040,4070,8140,6.5,12,18,35.5,70.5
"Beška","Niš Malča",700,1400,2100,4190,8390,6.5,12.5,18.5,36.5,72.5
"Beška","Bela Palanka",790,1580,2370,4740,9480,7.5,14,20.5,41,81.5
"Beška","Pirot zapad",860,1720,2580,5160,10320,8,15,22.5,44.5,89
"Beška","Pirot istok",890,1790,2680,5370,10740,8.5,16,23.5,46.5,92.5
"Beška","Čačak (Pakovraće)",430,870,1300,2600,5190,4.5,8,11.5,22.5,45
"Beška","Hrtkovci",210,430,640,1270,2550,2.5,4,6,11.5,22.5
"Beška","Šabac",250,500,750,1500,3000,3,4.5,7,13.5,26.5
"Beška","Kruševac istok",550,1110,1660,3320,6640,5.5,10,14.5,29,57.5
"Beška","Kruševac zapad",550,1120,1670,3350,6700,5.5,10,14.5,29,58
"Beška","Koševi",570,1150,1730,3450,6900,5.5,2.5,15,30,59.5
"Beška","Velika Drenova",590,1200,1790,3580,7150,5.5,10.5,15.5,31,62
"Beška","Trstenik",630,1270,1900,3810,7620,6,11.5,16.5,33,66
"Beška","Vrnjačka Banja",660,1340,2000,4000,8010,6.5,12,17.5,34.5,69
"Beška","Lučani",500,1010,1510,3020,6040,5,9,13.5,26.5,52.5
"Beška","Prilipac",550,1100,1650,3300,6600,5.5,10,14.5,28.5,57
"Beška","Vrba",700,1410,2120,4230,8460,6.5,12.5,18.5,36.5,73
"Beška","Adrani",480,960,1440,2870,5750,5,8.5,12.5,25,50
"Maradik","Inđija",10,30,40,80,160,0.5,0.5,0.5,1,1.5
"Maradik","Beograd",60,120,180,370,730,1,1.5,2,3.5,6.5
"Maradik","Mali Požarevac",110,220,330,670,1340,1.5,2.5,3.5,6.5,12
"Maradik","Umčari",130,260,380,780,1550,2,3,4,7.5,14
"Maradik","Vodanj",140,290,430,880,1740,2,3,4.5,8,15.5
"Maradik","Kolari",160,320,480,980,1950,2,3.5,5,9,17
"Maradik","Smederevo",180,350,530,1070,2130,2.5,3.5,5,9.5,18.5
"Maradik","Požarevac",180,360,540,1100,2180,2.5,4,5.5,10,19
"Maradik","Velika Plana",260,520,780,1570,3130,3,5,7.5,14,27.5
"Maradik","Markovac",290,580,870,1760,3510,3,5.5,8,15.5,30.5
"Maradik","Lapovo",310,620,930,1860,3720,3.5,6,8.5,16.5,32.5
"Maradik","Batočina",320,640,960,1930,3840,3.5,6,9,17,33.5
"Maradik","Jagodina",380,760,1140,2280,4560,4,7,10.5,20,39.5
"Maradik","Ćuprija",410,830,1240,2500,4990,4,8,11.5,22,43
"Maradik","Paraćin",440,890,1330,2670,5340,4.5,8.5,12,23.5,46
"Maradik","Ćićevac",490,980,1470,2940,5870,5,9,13.5,25.5,50.5
"Maradik","Ražanj",510,1020,1540,3080,6150,5,9.5,14,27,53
"Maradik","Aleksinački Rudnici",570,1140,1710,3430,6840,5.5,10.5,15.5,30,59
"Maradik","Aleksinac",580,1170,1750,3510,7000,5.5,10.5,15.5,30.5,60.5
"Maradik","Niš jug",650,1300,1950,3910,7810,6.5,12,17.5,34,67
"Maradik","Doljevac",690,1390,2080,4180,8350,7,13,19,36.5,72
"Maradik","Brestovac",710,1420,2130,4280,8540,7.5,13.5,19.5,37.5,73.5
"Maradik","Leskovac centar",730,1460,2190,4400,8780,7.5,13.5,20,38.5,75.5
"Maradik","Leskovac jug",770,1550,2320,4660,9310,8,14.5,21,40.5,80
"Maradik","Grdelica",810,1610,2420,4840,9680,8,15,22,42,83
"Maradik","Predejane",850,1700,2550,5110,10210,8.5,15.5,23,44.5,88
"Maradik","Vladičin Han",920,1840,2760,5530,11050,9,17,24.5,48,95
"Maradik","Vranje",980,1970,2950,5910,11820,9.5,18,26.5,51.5,101.5
"Maradik","Bujanovac sever",1020,2040,3060,6140,12270,10,18.5,27,53.5,105.5
"Maradik","Bujanovac jug",1030,2060,3100,6200,12390,10,18.5,27.5,54,106.5
"Maradik","Preševo",1090,2180,3260,6540,13070,10.5,20,29,56.5,112
"Maradik","Dimitrovgrad",960,1920,2890,5780,11560,9,17,25.5,50,99.5
"Maradik","Šid",320,640,960,1930,3850,3.5,6,9,17,33.5
"Maradik","Adaševci",60,120,180,370,730,1,1.5,2,3.5,6.5
"Maradik","Kuzmin",260,520,770,1560,3100,3,5,7.5,14,27
"Maradik","Sremska Mitrovica",200,400,600,1200,2400,2.5,4,6,11,21
"Maradik","Ruma",170,330,500,1010,2000,2,3.5,5,9,17.5
"Maradik","Pećinci",130,260,390,790,1570,2,3,4,7.5,14
"Maradik","Takovo",330,660,990,1990,3970,3.5,6.5,9,17.5,34.5
"Maradik","Preljina jug",390,780,1170,2350,4680,4,7.5,10.5,20.5,40.5
"Maradik","Obrenovac",60,120,180,370,730,1,1.5,2,3.5,6.5
"Maradik","Ub",130,270,400,810,1610,2,3,4,7.5,14.5
"Maradik","Lajkovac",170,340,520,1040,2080,2,3.5,5,9.5,18.5
"Maradik","Ljig",240,480,720,1450,2890,3,5,7,13,25
"Maradik","Merošina",670,1330,2000,4000,8000,6.5,12,18,35,69
"Maradik","Niš sever",650,1290,1940,3890,7770,6.5,11.5,17.5,34,67
"Maradik","Niš istok",670,1330,2000,4000,7990,6.5,12,18,35,69
"Maradik","Niš Malča",690,1370,2060,4120,8240,6.5,12.5,18.5,36,71
"Maradik","Bela Palanka",780,1550,2330,4670,9330,7.5,14,20.5,40.5,80
"Maradik","Pirot zapad",850,1690,2540,5090,10170,8,15,22.5,44,87.5
"Maradik","Pirot istok",880,1760,2640,5300,10590,8.5,16,23.5,46,91
"Maradik","Čačak (Pakovraće)",420,840,1260,2530,5040,4.5,8,11.5,22,43.5
"Maradik","Hrtkovci",200,400,600,1200,2400,2.5,4,6,11,21
"Maradik","Šabac",240,470,710,1430,2850,3,4.5,7,13,25
"Maradik","Kruševac istok",540,1080,1620,3250,6490,5.5,10,14.5,28.5,56
"Maradik","Kruševac zapad",540,1090,1630,3280,6550,5.5,10,14.5,28.5,56.5
"Maradik","Koševi",560,1120,1690,3380,6750,5.5,2.5,15,29.5,58
"Maradik","Velika Drenova",580,1170,1750,3510,7000,5.5,10.5,15.5,30.5,60.5
"Maradik","Trstenik",620,1240,1860,3740,7470,6,11.5,16.5,32.5,64.5
"Maradik","Vrnjačka Banja",650,1310,1960,3930,7860,6.5,12,17.5,34,67.5
"Maradik","Lučani",490,980,1470,2950,5890,5,9,13.5,26,51
"Maradik","Prilipac",540,1070,1610,3230,6450,5.5,10,14.5,28,55.5
"Maradik","Vrba",690,1380,2080,4160,8310,6.5,12.5,18.5,36,71.5
"Maradik","Adrani",470,930,1400,2800,5600,5,8.5,12.5,24.5,48.5
"Inđija","Subotica",380,750,1130,2260,4510,3.5,6.5,10,19.5,39
"Inđija","Žednik",320,640,960,1920,3830,3,5.5,8.5,16.5,33
"Inđija","Bačka Topola",290,570,860,1710,3430,2.5,5,7.5,15,29.5
"Inđija","Feketić",230,460,690,1380,2750,2,4,6,12,23.5
"Inđija","Vrbas",200,400,610,1210,2420,2,3.5,5.5,10.5,21
"Inđija","Zmajevo",170,330,500,1000,2000,1.5,3,4.5,9,17.5
"Inđija","Novi Sad",120,240,370,730,1460,1.5,2.5,3.5,6.5,12.5
"Inđija","Kovilj",70,140,210,410,830,1,1.5,2,4,7.5
"Inđija","Beška",30,50,80,150,300,0.5,0.5,1,1.5,3
"Inđija","Maradik",10,30,40,80,160,0.5,0.5,0.5,1,1.5
"Inđija","Beograd",50,100,140,290,580,0.5,1,1.5,2.5,5
"Inđija","Mali Požarevac",100,200,290,590,1190,1,2,3,5.5,10.5
"Inđija","Umčari",120,240,340,700,1400,1.5,2.5,3.5,6.5,12.5
"Inđija","Vodanj",130,270,390,800,1590,1.5,2.5,4,7,14
"Inđija","Kolari",150,300,440,900,1800,1.5,3,4.5,8,15.5
"Inđija","Smederevo",170,330,490,990,1980,2,3,4.5,8.5,17
"Inđija","Požarevac",170,340,500,1020,2030,2,3.5,5,9,17.5
"Inđija","Velika Plana",250,500,740,1490,2980,2.5,4.5,7,13,26
"Inđija","Markovac",280,560,830,1680,3360,2.5,5,7.5,14.5,29
"Inđija","Lapovo",300,600,890,1780,3570,3,5.5,8,15.5,31
"Inđija","Batočina",310,620,920,1850,3690,3,5.5,8.5,16,32
"Inđija","Jagodina",370,740,1100,2200,4410,3.5,6.5,10,19,38
"Inđija","Ćuprija",400,810,1200,2420,4840,3.5,7.5,11,21,41.5
"Inđija","Paraćin",430,870,1290,2590,5190,4,8,11.5,22.5,44.5
"Inđija","Ćićevac",480,960,1430,2860,5720,4.5,8.5,13,24.5,49
"Inđija","Ražanj",500,1000,1500,3000,6000,4.5,9,13.5,26,51.5
"Inđija","Aleksinački Rudnici",560,1120,1670,3350,6690,5,10,15,29,57.5
"Inđija","Aleksinac",570,1150,1710,3430,6850,5,10,15,29.5,59
"Inđija","Niš jug",640,1280,1910,3830,7660,6,11.5,17,33,65.5
"Inđija","Doljevac",680,1370,2040,4100,8200,6.5,12.5,18.5,35.5,70.5
"Inđija","Brestovac",700,1400,2090,4200,8390,7,13,19,36.5,72
"Inđija","Leskovac centar",720,1440,2150,4320,8630,7,13,19.5,37.5,74
"Inđija","Leskovac jug",760,1530,2280,4580,9160,7.5,14,20.5,39.5,78.5
"Inđija","Grdelica",800,1590,2380,4760,9530,7.5,14.5,21.5,41,81.5
"Inđija","Predejane",840,1680,2510,5030,10060,8,15,22.5,43.5,86.5
"Inđija","Vladičin Han",910,1820,2720,5450,10900,8.5,16.5,24,47,93.5
"Inđija","Vranje",970,1950,2910,5830,11670,9,17.5,26,50.5,100
"Inđija","Bujanovac sever",1010,2020,3020,6060,12120,9.5,18,26.5,52.5,104
"Inđija","Bujanovac jug",1020,2040,3060,6120,12240,9.5,18,27,53,105
"Inđija","Preševo",1080,2160,3220,6460,12920,10,19.5,28.5,55.5,110.5
"Inđija","Dimitrovgrad",950,1900,2850,5700,11410,8.5,16.5,25,49,98
"Inđija","Šid",310,620,920,1850,3700,3,5.5,8.5,16,32
"Inđija","Adaševci",50,100,140,290,580,0.5,1,1.5,2.5,5
"Inđija","Kuzmin",250,500,730,1480,2950,2.5,4.5,7,13,25.5
"Inđija","Sremska Mitrovica",190,380,560,1120,2250,2,3.5,5.5,10,19.5
"Inđija","Ruma",160,310,460,930,1850,1.5,3,4.5,8,16
"Inđija","Pećinci",120,240,350,710,1420,1.5,2.5,3.5,6.5,12.5
"Inđija","Takovo",320,640,950,1910,3820,3,6,8.5,16.5,33
"Inđija","Preljina jug",380,760,1130,2270,4530,3.5,7,10,19.5,39
"Inđija","Obrenovac",50,100,140,290,580,0.5,1,1.5,2.5,5
"Inđija","Ub",120,250,360,730,1460,1.5,2.5,3.5,6.5,13
"Inđija","Lajkovac",160,320,480,960,1930,1.5,3,4.5,8.5,17
"Inđija","Ljig",230,460,680,1370,2740,2.5,4.5,6.5,12,23.5
"Inđija","Merošina",660,1310,1960,3920,7850,6,11.5,17.5,34,67.5
"Inđija","Niš sever",640,1270,1900,3810,7620,6,11,17,33,65.5
"Inđija","Niš istok",660,1310,1960,3920,7840,6,11.5,17.5,34,67.5
"Inđija","Niš Malča",680,1350,2020,4040,8090,6,12,18,35,69.5
"Inđija","Bela Palanka",770,1530,2290,4590,9180,7,13.5,20,39.5,78.5
"Inđija","Pirot zapad",840,1670,2500,5010,10020,7.5,14.5,22,43,86
"Inđija","Pirot istok",870,1740,2600,5220,10440,8,15.5,23,45,89.5
"Inđija","Čačak (Pakovraće)",410,820,1220,2450,4890,4,7.5,11,21,42
"Inđija","Hrtkovci",190,380,560,1120,2250,2,3.5,5.5,10,19.5
"Inđija","Šabac",230,450,670,1350,2700,2.5,4,6.5,12,23.5
"Inđija","Kruševac istok",530,1060,1580,3170,6340,5,9.5,14,27.5,54.5
"Inđija","Kruševac zapad",530,1070,1590,3200,6400,5,9.5,14,27.5,55
"Inđija","Koševi",550,1100,1650,3300,6600,5,2,14.5,28.5,56.5
"Inđija","Velika Drenova",570,1150,1710,3430,6850,5,10,15,29.5,59
"Inđija","Trstenik",610,1220,1820,3660,7320,5.5,11,16,31.5,63
"Inđija","Vrnjačka Banja",640,1290,1920,3850,7710,6,11.5,17,33,66
"Inđija","Lučani",480,960,1430,2870,5740,4.5,8.5,13,25,49.5
"Inđija","Prilipac",530,1050,1570,3150,6300,5,9.5,14,27,54
"Inđija","Vrba",680,1360,2040,4080,8160,6,12,18,35,70
"Inđija","Adrani",460,910,1360,2720,5450,4.5,8,12,23.5,47
"Beograd","Subotica",420,850,1270,2540,5090,4,7.5,11,22,43.5
"Beograd","Žednik",370,730,1100,2200,4410,3.5,6.5,9.5,19,38
"Beograd","Bačka Topola",330,670,1000,2000,4000,3,6,9,17.5,34.5
"Beograd","Feketić",280,550,830,1660,3330,2.5,5,7.5,14.5,28.5
"Beograd","Vrbas",250,500,750,1500,3000,2.5,4.5,6.5,13,26
"Beograd","Zmajevo",210,430,640,1290,2580,2,4,5.5,11.5,22.5
"Beograd","Novi Sad",170,340,510,1020,2040,1.5,3,4.5,9,17.5
"Beograd","Kovilj",120,230,350,700,1410,1.5,2,3,6,12.5
"Beograd","Beška",70,150,220,440,880,1,1.5,2,4,8
"Beograd","Maradik",60,120,180,370,730,1,1.5,2,3.5,6.5
"Beograd","Inđija",50,100,140,290,580,0.5,1,1.5,2.5,5
"Beograd","Mali Požarevac",50,100,150,300,610,0.5,1,1.5,3,5.5
"Beograd","Umčari",70,140,200,410,820,1,1.5,2,4,7.5
"Beograd","Vodanj",80,170,250,510,1010,1,1.5,2.5,4.5,9
"Beograd","Kolari",100,200,300,610,1220,1,2,3,5.5,10.5
"Beograd","Smederevo",120,230,350,700,1400,1.5,2,3,6,12
"Beograd","Požarevac",120,240,360,730,1450,1.5,2.5,3.5,6.5,12.5
"Beograd","Velika Plana",200,400,600,1200,2400,2,3.5,5.5,10.5,21
"Beograd","Markovac",230,460,690,1390,2780,2,4,6,12,24
"Beograd","Lapovo",250,500,750,1490,2990,2.5,4.5,6.5,13,26
"Beograd","Batočina",260,520,780,1560,3110,2.5,4.5,7,13.5,27
"Beograd","Jagodina",320,640,960,1910,3830,3,5.5,8.5,16.5,33
"Beograd","Ćuprija",350,710,1060,2130,4260,3,6.5,9.5,18.5,36.5
"Beograd","Paraćin",380,770,1150,2300,4610,3.5,7,10,20,39.5
"Beograd","Ćićevac",430,860,1290,2570,5140,4,7.5,11.5,22,44
"Beograd","Ražanj",450,900,1360,2710,5420,4,8,12,23.5,46.5
"Beograd","Aleksinački Rudnici",510,1020,1530,3060,6110,4.5,9,13.5,26.5,52.5
"Beograd","Aleksinac",520,1050,1570,3140,6270,4.5,9,13.5,27,54
"Beograd","Niš jug",590,1180,1770,3540,7080,5.5,10.5,15.5,30.5,60.5
"Beograd","Doljevac",630,1270,1900,3810,7610,5.5,11,16.5,33,65.5
"Beograd","Brestovac",650,1300,1950,3910,7810,6,11.5,17,33.5,67
"Beograd","Leskovac centar",670,1340,2010,4020,8050,6,11.5,17.5,34.5,69
"Beograd","Leskovac jug",710,1430,2140,4290,8580,6.5,12.5,18.5,37,73.5
"Beograd","Grdelica",750,1490,2240,4470,8940,6.5,13,19.5,38.5,76.5
"Beograd","Predejane",790,1580,2370,4740,9480,7,13.5,20.5,40.5,81
"Beograd","Vladičin Han",860,1720,2580,5160,10310,7.5,15,22.5,44.5,88.5
"Beograd","Vranje",920,1850,2770,5540,11090,8,16,24,47.5,95
"Beograd","Bujanovac sever",960,1920,2880,5770,11540,8.5,16.5,25,49.5,99
"Beograd","Bujanovac jug",970,1940,2920,5830,11660,8.5,17,25,50,100
"Beograd","Preševo",1030,2060,3080,6170,12340,9,18,26.5,53,105.5
"Beograd","Dimitrovgrad",900,1800,2710,5410,10830,8,15.5,23.5,46.5,93
"Beograd","Šid",260,520,780,1560,3120,2.5,4.5,7,13.5,27
"Beograd","Adaševci",240,470,710,1410,2820,2.5,4.5,6.5,12.5,24.5
"Beograd","Kuzmin",200,400,590,1190,2370,2,3.5,5.5,10.5,20.5
"Beograd","Sremska Mitrovica",140,280,420,830,1670,1.5,2.5,4,7.5,14.5
"Beograd","Ruma",110,210,320,640,1270,1,2,3,5.5,11
"Beograd","Pećinci",70,140,210,420,840,1,1.5,2,4,7.5
"Beograd","Takovo",270,540,810,1620,3240,2.5,5,7,14,28
"Beograd","Preljina jug",330,660,990,1980,3950,3,6,8.5,17,34
"Beograd","Ub",70,150,220,440,880,1,1.5,2,4,8
"Beograd","Lajkovac",110,220,340,670,1350,1,2,3,6,12
"Beograd","Ljig",180,360,540,1080,2160,2,3.5,5,9.5,18.5
"Beograd","Merošina",610,1210,1820,3630,7270,5.5,10.5,16,31.5,62.5
"Beograd","Niš sever",590,1170,1760,3520,7040,5.5,10,15.5,30.5,60.5
"Beograd","Niš istok",610,1210,1820,3630,7260,5.5,10.5,16,31.5,62.5
"Beograd","Niš Malča",630,1250,1880,3750,7510,5.5,11,16.5,32.5,64.5
"Beograd","Bela Palanka",720,1430,2150,4300,8600,6.5,12.5,18.5,37,73.5
"Beograd","Pirot zapad",790,1570,2360,4720,9440,7,13.5,20.5,40.5,81
"Beograd","Pirot istok",820,1640,2460,4930,9860,7.5,14.5,21.5,42.5,84.5
"Beograd","Čačak (Pakovraće)",360,720,1080,2160,4310,3.5,6.5,9.5,18.5,37
"Beograd","Hrtkovci",140,280,420,830,1670,1.5,2.5,4,7.5,14.5
"Beograd","Šabac",180,350,530,1060,2120,2,3,5,9.5,18.5
"Beograd","Kruševac istok",480,960,1440,2880,5760,4.5,8.5,12.5,25,49.5
"Beograd","Kruševac zapad",480,970,1450,2910,5820,4.5,8.5,12.5,25,50
"Beograd","Koševi",500,1000,1510,3010,6020,4.5,1,13,26,51.5
"Beograd","Velika Drenova",520,1050,1570,3140,6270,4.5,9,13.5,27,54
"Beograd","Trstenik",560,1120,1680,3370,6740,5,10,14.5,29,58
"Beograd","Vrnjačka Banja",590,1190,1780,3560,7130,5.5,10.5,15.5,30.5,61
"Beograd","Lučani",430,860,1290,2580,5160,4,7.5,11.5,22.5,44.5
"Beograd","Prilipac",480,950,1430,2860,5720,4.5,8.5,12.5,24.5,49
"Beograd","Vrba",630,1260,1900,3790,7580,5.5,11,16.5,32.5,65
"Beograd","Adrani",410,810,1220,2430,4870,4,7,10.5,21,42
"Mali Požarevac","Subotica",470,950,1420,2840,5700,4.5,8.5,12.5,25,49
"Mali Požarevac","Žednik",420,830,1250,2500,5020,4,7.5,11,22,43.5
"Mali Požarevac","Bačka Topola",380,770,1150,2300,4610,3.5,7,10.5,20.5,40
"Mali Požarevac","Feketić",330,650,980,1960,3940,3,6,9,17.5,34
"Mali Požarevac","Vrbas",300,600,900,1800,3610,3,5.5,8,16,31.5
"Mali Požarevac","Zmajevo",260,530,790,1590,3190,2.5,5,7,14.5,28
"Mali Požarevac","Novi Sad",220,440,660,1320,2650,2,4,6,12,23
"Mali Požarevac","Kovilj",170,330,500,1000,2020,2,3,4.5,9,18
"Mali Požarevac","Beška",120,250,370,740,1490,1.5,2.5,3.5,7,13.5
"Mali Požarevac","Maradik",110,220,330,670,1340,1.5,2.5,3.5,6.5,12
"Mali Požarevac","Inđija",100,200,290,590,1190,1,2,3,5.5,10.5
"Mali Požarevac","Beograd",50,100,150,300,610,0.5,1,1.5,3,5.5
"Mali Požarevac","Umčari",20,40,50,110,210,0.5,0.5,0.5,1,2
"Mali Požarevac","Vodanj",30,70,100,200,410,0.5,1,1,2,4
"Mali Požarevac","Kolari",50,100,150,300,610,0.5,1,1.5,3,5.5
"Mali Požarevac","Smederevo",70,130,200,400,790,1,1.5,2,3.5,7
"Mali Požarevac","Požarevac",70,140,210,420,840,1,1.5,2,4,7.5
"Mali Požarevac","Velika Plana",150,300,450,900,1790,1.5,3,4,8,15.5
"Mali Požarevac","Markovac",180,360,540,1090,2170,2,3.5,5,9.5,19
"Mali Požarevac","Lapovo",200,400,590,1190,2380,2,3.5,5.5,10.5,20.5
"Mali Požarevac","Batočina",210,420,630,1250,2500,2,4,5.5,11,21.5
"Mali Požarevac","Jagodina",270,540,800,1610,3220,2.5,5,7,14,28
"Mali Požarevac","Ćuprija",300,610,910,1820,3650,3,5.5,8,16,31.5
"Mali Požarevac","Paraćin",330,670,1000,2000,4000,3,6,9,17.5,34.5
"Mali Požarevac","Ćićevac",380,760,1130,2270,4530,3.5,6.5,10,19.5,39
"Mali Požarevac","Ražanj",400,800,1200,2410,4810,3.5,7,10.5,21,41.5
"Mali Požarevac","Aleksinački Rudnici",460,920,1380,2750,5500,4,8,12,23.5,47
"Mali Požarevac","Aleksinac",470,940,1420,2830,5670,4.5,8.5,12.5,24.5,48.5
"Mali Požarevac","Niš jug",540,1080,1620,3240,6470,5,9.5,14,28,55.5
"Mali Požarevac","Doljevac",580,1170,1750,3500,7010,5,10,15,30,60
"Mali Požarevac","Brestovac",600,1200,1800,3600,7200,5.5,10.5,15.5,31,62
"Mali Požarevac","Leskovac centar",620,1240,1860,3720,7440,5.5,11,16,32,64
"Mali Požarevac","Leskovac jug",660,1330,1990,3980,7970,6,11.5,17,34,68.5
"Mali Požarevac","Grdelica",690,1390,2080,4170,8340,6,12,18,36,71.5
"Mali Požarevac","Predejane",740,1480,2220,4440,8870,6.5,13,19,38,76
"Mali Požarevac","Vladičin Han",810,1620,2430,4850,9710,7,14,21,41.5,83
"Mali Požarevac","Vranje",870,1750,2620,5240,10480,7.5,15,22.5,45,90
"Mali Požarevac","Bujanovac sever",910,1820,2730,5460,10930,8,16,23.5,47,93.5
"Mali Požarevac","Bujanovac jug",920,1840,2760,5530,11050,8,16,24,47.5,94.5
"Mali Požarevac","Preševo",980,1950,2930,5860,11730,8.5,17,25.5,50.5,100.5
"Mali Požarevac","Dimitrovgrad",850,1700,2560,5110,10220,7.5,15,22,44,87.5
"Mali Požarevac","Šid",310,620,930,1860,3730,3,5.5,8.5,16.5,32.5
"Mali Požarevac","Adaševci",50,100,150,300,610,0.5,1,1.5,3,5.5
"Mali Požarevac","Kuzmin",250,500,740,1490,2980,2.5,4.5,7,13.5,26
"Mali Požarevac","Sremska Mitrovica",190,380,570,1130,2280,2,3.5,5.5,10.5,20
"Mali Požarevac","Ruma",160,310,470,940,1880,1.5,3,4.5,8.5,16.5
"Mali Požarevac","Pećinci",120,240,360,720,1450,1.5,2.5,3.5,7,13
"Mali Požarevac","Takovo",320,640,960,1920,3850,3,6,8.5,17,33.5
"Mali Požarevac","Preljina jug",380,760,1140,2280,4560,3.5,7,10,20,39.5
"Mali Požarevac","Obrenovac",50,100,150,300,610,0.5,1,1.5,3,5.5
"Mali Požarevac","Ub",120,250,370,740,1490,1.5,2.5,3.5,7,13.5
"Mali Požarevac","Lajkovac",160,320,490,970,1960,1.5,3,4.5,9,17.5
"Mali Požarevac","Ljig",230,460,690,1380,2770,2.5,4.5,6.5,12.5,24
"Mali Požarevac","Merošina",560,1110,1670,3330,6660,5,9.5,14.5,28.5,57
"Mali Požarevac","Niš sever",540,1070,1610,3220,6440,5,9.5,14,28,55.5
"Mali Požarevac","Niš istok",550,1110,1660,3330,6650,5,9.5,14.5,28.5,57
"Mali Požarevac","Niš Malča",570,1150,1720,3450,6900,5,10,15,29.5,59
"Mali Požarevac","Bela Palanka",670,1330,2000,4000,7990,6,11.5,17.5,34.5,68.5
"Mali Požarevac","Pirot zapad",740,1470,2210,4410,8830,6.5,13,19,38,75.5
"Mali Požarevac","Pirot istok",770,1540,2310,4630,9250,7,13.5,20,40,79.5
"Mali Požarevac","Čačak (Pakovraće)",410,820,1230,2460,4920,4,7.5,11,21.5,42.5
"Mali Požarevac","Hrtkovci",190,380,570,1130,2280,2,3.5,5.5,10.5,20
"Mali Požarevac","Šabac",230,450,680,1360,2730,2.5,4,6.5,12.5,24
"Mali Požarevac","Kruševac istok",430,860,1290,2570,5150,4,7.5,11.5,22,44
"Mali Požarevac","Kruševac zapad",430,870,1300,2600,5210,4,7.5,11.5,22.5,45
"Mali Požarevac","Koševi",450,900,1350,2710,5410,4,8,12,23.5,46.5
"Mali Požarevac","Velika Drenova",470,940,1420,2830,5670,4.5,8.5,12.5,24.5,48.5
"Mali Požarevac","Trstenik",510,1020,1530,3060,6130,4.5,9,13.5,26.5,52.5
"Mali Požarevac","Vrnjačka Banja",540,1090,1630,3260,6520,5,9.5,14,28,56
"Mali Požarevac","Lučani",480,960,1440,2880,5770,4.5,8.5,13,25.5,50
"Mali Požarevac","Prilipac",530,1050,1580,3160,6330,5,9.5,14,27.5,54.5
"Mali Požarevac","Vrba",580,1160,1740,3490,6980,5,10,15,30,60
"Mali Požarevac","Adrani",460,910,1370,2730,5480,4.5,8,12,24,47.5
"Umčari","Subotica",490,990,1470,2950,5910,5,9,13,26,51
"Umčari","Žednik",440,870,1300,2610,5230,4.5,8,11.5,23,45.5
"Umčari","Bačka Topola",400,810,1200,2410,4820,4,7.5,11,21.5,42
"Umčari","Feketić",350,690,1030,2070,4150,3.5,6.5,9.5,18.5,36
"Umčari","Vrbas",320,640,950,1910,3820,3.5,6,8.5,17,33.5
"Umčari","Zmajevo",280,570,840,1700,3400,3,5.5,7.5,15.5,30
"Umčari","Novi Sad",240,480,710,1430,2860,2.5,4.5,6.5,13,25
"Umčari","Kovilj",190,370,550,1110,2230,2.5,3.5,5,10,20
"Umčari","Beška",140,290,420,850,1700,2,3,4,8,15.5
"Umčari","Maradik",130,260,380,780,1550,2,3,4,7.5,14
"Umčari","Inđija",120,240,340,700,1400,1.5,2.5,3.5,6.5,12.5
"Umčari","Beograd",70,140,200,410,820,1,1.5,2,4,7.5
"Umčari","Mali Požarevac",20,40,50,110,210,0.5,0.5,0.5,1,2
"Umčari","Vodanj",20,30,50,100,190,0.5,0.5,0.5,1,2
"Umčari","Kolari",30,70,100,200,400,0.5,1,1,2,3.5
"Umčari","Smederevo",50,100,150,290,580,0.5,1,1.5,2.5,5
"Umčari","Požarevac",50,110,160,320,630,0.5,1,1.5,3,5.5
"Umčari","Velika Plana",130,260,390,790,1580,1.5,2.5,3.5,7,13.5
"Umčari","Markovac",160,330,490,980,1960,1.5,3,4.5,8.5,17
"Umčari","Lapovo",180,360,540,1080,2170,2,3.5,5,9.5,19
"Umčari","Batočina",190,380,570,1150,2290,2,3.5,5,10,20
"Umčari","Jagodina",250,500,750,1500,3010,2.5,4.5,6.5,13,26
"Umčari","Ćuprija",290,570,860,1720,3440,2.5,5,7.5,15,29.5
"Umčari","Paraćin",320,630,950,1890,3790,3,5.5,8.5,16.5,32.5
"Umčari","Ćićevac",360,720,1080,2160,4320,3.5,6.5,9.5,18.5,37
"Umčari","Ražanj",380,770,1150,2300,4600,3.5,7,10,20,39.5
"Umčari","Aleksinački Rudnici",440,880,1320,2650,5290,4,8,11.5,23,45.5
"Umčari","Aleksinac",450,910,1360,2730,5450,4,8,12,23.5,47
"Umčari","Niš jug",520,1040,1560,3130,6260,4.5,9,13.5,27,53.5
"Umčari","Doljevac",570,1130,1700,3400,6790,5,10,15,29.5,58.5
"Umčari","Brestovac",580,1170,1750,3500,6990,5,10,15,30,60
"Umčari","Leskovac centar",600,1200,1810,3610,7230,5.5,10.5,15.5,31,62
"Umčari","Leskovac jug",650,1290,1940,3880,7760,6,11.5,17,33.5,66.5
"Umčari","Grdelica",680,1350,2030,4060,8120,6,12,17.5,35,69.5
"Umčari","Predejane",720,1440,2160,4330,8660,6.5,12.5,18.5,37,74
"Umčari","Vladičin Han",790,1580,2370,4750,9490,7,13.5,20.5,41,81.5
"Umčari","Vranje",860,1710,2570,5130,10270,7.5,15,22,44,88
"Umčari","Bujanovac sever",890,1790,2680,5360,10720,8,15.5,23,46,92
"Umčari","Bujanovac jug",900,1810,2710,5420,10840,8,15.5,23.5,46.5,93
"Umčari","Preševo",960,1920,2880,5760,11520,8.5,16.5,25,49.5,98.5
"Umčari","Dimitrovgrad",830,1670,2500,5010,10010,7.5,14.5,21.5,43,86
"Umčari","Šid",330,660,980,1970,3940,3.5,6,9,17.5,34.5
"Umčari","Adaševci",70,140,200,410,820,1,1.5,2,4,7.5
"Umčari","Kuzmin",270,540,790,1600,3190,3,5,7.5,14.5,28
"Umčari","Sremska Mitrovica",210,420,620,1240,2490,2.5,4,6,11.5,22
"Umčari","Ruma",180,350,520,1050,2090,2,3.5,5,9.5,18.5
"Umčari","Pećinci",140,280,410,830,1660,2,3,4,8,15
"Umčari","Takovo",340,680,1010,2030,4060,3.5,6.5,9,18,35.5
"Umčari","Preljina jug",400,800,1190,2390,4770,4,7.5,10.5,21,41.5
"Umčari","Obrenovac",70,140,200,410,820,1,1.5,2,4,7.5
"Umčari","Ub",140,290,420,850,1700,2,3,4,8,15.5
"Umčari","Lajkovac",180,360,540,1080,2170,2,3.5,5,10,19.5
"Umčari","Ljig",250,500,740,1490,2980,3,5,7,13.5,26
"Umčari","Merošina",540,1070,1610,3220,6450,5,9.5,14,28,55.5
"Umčari","Niš sever",520,1040,1560,3110,6220,4.5,9,13.5,27,53.5
"Umčari","Niš istok",540,1070,1610,3220,6440,5,9.5,14,28,55.5
"Umčari","Niš Malča",560,1110,1670,3340,6690,5,9.5,14.5,29,57.5
"Umčari","Bela Palanka",650,1300,1940,3890,7780,6,11.5,17,33.5,66.5
"Umčari","Pirot zapad",720,1440,2150,4310,8620,6.5,12.5,18.5,37,74
"Umčari","Pirot istok",750,1510,2260,4520,9040,6.5,13,19.5,39,77.5
"Umčari","Čačak (Pakovraće)",430,860,1280,2570,5130,4.5,8,11.5,22.5,44.5
"Umčari","Hrtkovci",210,420,620,1240,2490,2.5,4,6,11.5,22
"Umčari","Šabac",250,490,730,1470,2940,3,4.5,7,13.5,26
"Umčari","Kruševac istok",410,820,1230,2470,4940,4,7.5,11,21.5,42.5
"Umčari","Kruševac zapad",420,830,1250,2500,5000,4,7.5,11,21.5,43
"Umčari","Koševi",430,870,1300,2600,5200,4,7.5,11.5,22.5,44.5
"Umčari","Velika Drenova",450,910,1360,2730,5450,4,8,12,23.5,47
"Umčari","Trstenik",490,990,1480,2960,5920,4.5,8.5,13,25.5,51
"Umčari","Vrnjačka Banja",530,1050,1580,3150,6310,5,9,13.5,27,54
"Umčari","Lučani",500,1000,1490,2990,5980,5,9,13.5,26.5,52
"Umčari","Prilipac",550,1090,1630,3270,6540,5.5,10,14.5,28.5,56.5
"Umčari","Vrba",560,1130,1690,3380,6760,5,10,14.5,29,58
"Umčari","Adrani",480,950,1420,2840,5690,5,8.5,12.5,25,49.5
"Vodanj","Subotica",500,1020,1520,3050,6100,5,9,13.5,26.5,52.5
"Vodanj","Žednik",450,900,1350,2710,5420,4.5,8,12,23.5,47
"Vodanj","Bačka Topola",410,840,1250,2510,5010,4,7.5,11.5,22,43.5
"Vodanj","Feketić",360,720,1080,2170,4340,3.5,6.5,10,19,37.5
"Vodanj","Vrbas",330,670,1000,2010,4010,3.5,6,9,17.5,35
"Vodanj","Zmajevo",290,600,890,1800,3590,3,5.5,8,16,31.5
"Vodanj","Novi Sad",250,510,760,1530,3050,2.5,4.5,7,13.5,26.5
"Vodanj","Kovilj",200,400,600,1210,2420,2.5,3.5,5.5,10.5,21.5
"Vodanj","Beška",150,320,470,950,1890,2,3,4.5,8.5,17
"Vodanj","Maradik",140,290,430,880,1740,2,3,4.5,8,15.5
"Vodanj","Inđija",130,270,390,800,1590,1.5,2.5,4,7,14
"Vodanj","Beograd",80,170,250,510,1010,1,1.5,2.5,4.5,9
"Vodanj","Mali Požarevac",30,70,100,200,410,0.5,1,1,2,4
"Vodanj","Umčari",20,30,50,100,190,0.5,0.5,0.5,1,2
"Vodanj","Kolari",20,30,50,100,200,0.5,0.5,0.5,1,2
"Vodanj","Smederevo",30,60,100,190,390,0.5,1,1,2,3.5
"Vodanj","Požarevac",40,70,110,220,440,0.5,1,1,2,4
"Vodanj","Velika Plana",120,230,350,690,1390,1.5,2,3,6,12
"Vodanj","Markovac",150,290,440,880,1770,1.5,2.5,4,8,15.5
"Vodanj","Lapovo",160,330,490,990,1970,1.5,3,4.5,8.5,17
"Vodanj","Batočina",170,350,520,1050,2100,1.5,3,4.5,9,18
"Vodanj","Jagodina",230,470,700,1410,2810,2,4.5,6,12.5,24.5
"Vodanj","Ćuprija",270,540,810,1620,3240,2.5,5,7,14,28
"Vodanj","Paraćin",300,600,900,1800,3590,3,5.5,8,15.5,31
"Vodanj","Ćićevac",340,690,1030,2060,4130,3,6,9,18,35.5
"Vodanj","Ražanj",370,730,1100,2200,4410,3.5,6.5,9.5,19,38
"Vodanj","Aleksinački Rudnici",420,850,1270,2550,5100,4,7.5,11,22,44
"Vodanj","Aleksinac",440,880,1310,2630,5260,4,8,11.5,22.5,45
"Vodanj","Niš jug",510,1010,1520,3030,6060,4.5,9,13,26,52
"Vodanj","Doljevac",550,1100,1650,3300,6600,5,9.5,14.5,28.5,56.5
"Vodanj","Brestovac",570,1130,1700,3400,6800,5,10,15,29.5,58.5
"Vodanj","Leskovac centar",590,1170,1760,3520,7040,5.5,10,15.5,30.5,60.5
"Vodanj","Leskovac jug",630,1260,1890,3780,7560,5.5,11,16.5,32.5,65
"Vodanj","Grdelica",660,1320,1980,3970,7930,6,11.5,17,34,68
"Vodanj","Predejane",710,1410,2120,4230,8470,6.5,12.5,18.5,36.5,72.5
"Vodanj","Vladičin Han",780,1550,2330,4650,9300,7,13.5,20,40,79.5
"Vodanj","Vranje",840,1680,2520,5040,10070,7.5,14.5,22,43.5,86.5
"Vodanj","Bujanovac sever",880,1750,2630,5260,10520,8,15,22.5,45,90
"Vodanj","Bujanovac jug",890,1770,2660,5320,10650,8,15.5,23,45.5,91
"Vodanj","Preševo",940,1890,2830,5660,11320,8.5,16.5,24.5,48.5,97
"Vodanj","Dimitrovgrad",820,1640,2450,4910,9820,7.5,14.5,21,42,84
"Vodanj","Šid",340,690,1030,2070,4130,3.5,6,9.5,18,36
"Vodanj","Adaševci",80,170,250,510,1010,1,1.5,2.5,4.5,9
"Vodanj","Kuzmin",280,570,840,1700,3380,3,5,8,15,29.5
"Vodanj","Sremska Mitrovica",220,450,670,1340,2680,2.5,4,6.5,12,23.5
"Vodanj","Ruma",190,380,570,1150,2280,2,3.5,5.5,10,20
"Vodanj","Pećinci",150,310,460,930,1850,2,3,4.5,8.5,16.5
"Vodanj","Takovo",350,710,1060,2130,4250,3.5,6.5,9.5,18.5,37
"Vodanj","Preljina jug",410,830,1240,2490,4960,4,7.5,11,21.5,43
"Vodanj","Obrenovac",80,170,250,510,1010,1,1.5,2.5,4.5,9
"Vodanj","Ub",150,320,470,950,1890,2,3,4.5,8.5,17
"Vodanj","Lajkovac",190,390,590,1180,2360,2,3.5,5.5,10.5,21
"Vodanj","Ljig",260,530,790,1590,3170,3,5,7.5,14,27.5
"Vodanj","Merošina",520,1040,1560,3130,6260,4.5,9,13.5,27,53.5
"Vodanj","Niš sever",500,1000,1510,3010,6030,4.5,9,13,26,52
"Vodanj","Niš istok",520,1040,1560,3120,6250,4.5,9,13.5,27,53.5
"Vodanj","Niš Malča",540,1080,1620,3250,6490,5,9.5,14,28,55.5
"Vodanj","Bela Palanka",630,1260,1900,3790,7580,5.5,11,16.5,32.5,65
"Vodanj","Pirot zapad",700,1400,2110,4210,8420,6,12,18.5,36,72
"Vodanj","Pirot istok",740,1470,2210,4420,8850,6.5,13,19,38,76
"Vodanj","Čačak (Pakovraće)",440,890,1330,2670,5320,4.5,8,12,23,46
"Vodanj","Hrtkovci",220,450,670,1340,2680,2.5,4,6.5,12,23.5
"Vodanj","Šabac",260,520,780,1570,3130,3,4.5,7.5,14,27.5
"Vodanj","Kruševac istok",400,790,1190,2370,4740,3.5,7,10.5,20.5,40.5
"Vodanj","Kruševac zapad",400,800,1200,2400,4800,3.5,7,10.5,21,41.5
"Vodanj","Koševi",420,830,1250,2500,5010,4,7.5,11,21.5,43
"Vodanj","Velika Drenova",440,880,1320,2630,5260,4,8,11.5,22.5,45
"Vodanj","Trstenik",480,950,1430,2860,5720,4.5,8.5,12.5,24.5,49
"Vodanj","Vrnjačka Banja",510,1020,1530,3060,6110,4.5,9,13.5,26.5,52.5
"Vodanj","Lučani",510,1030,1540,3090,6170,5,9,14,27,53.5
"Vodanj","Prilipac",560,1120,1680,3370,6730,5.5,10,15,29,58
"Vodanj","Vrba",550,1100,1640,3290,6570,5,9.5,14.5,28.5,56.5
"Vodanj","Adrani",490,980,1470,2940,5880,5,8.5,13,25.5,51
"Kolari","Subotica",520,1050,1570,3150,6310,5,9.5,14,27.5,54
"Kolari","Žednik",470,930,1400,2810,5630,4.5,8.5,12.5,24.5,48.5
"Kolari","Bačka Topola",430,870,1300,2610,5220,4,8,12,23,45
"Kolari","Feketić",380,750,1130,2270,4550,3.5,7,10.5,20,39
"Kolari","Vrbas",350,700,1050,2110,4220,3.5,6.5,9.5,18.5,36.5
"Kolari","Zmajevo",310,630,940,1900,3800,3,6,8.5,17,33
"Kolari","Novi Sad",270,540,810,1630,3260,2.5,5,7.5,14.5,28
"Kolari","Kovilj",220,430,650,1310,2630,2.5,4,6,11.5,23
"Kolari","Beška",170,350,520,1050,2100,2,3.5,5,9.5,18.5
"Kolari","Maradik",160,320,480,980,1950,2,3.5,5,9,17
"Kolari","Inđija",150,300,440,900,1800,1.5,3,4.5,8,15.5
"Kolari","Beograd",100,200,300,610,1220,1,2,3,5.5,10.5
"Kolari","Mali Požarevac",50,100,150,300,610,0.5,1,1.5,3,5.5
"Kolari","Umčari",30,70,100,200,400,0.5,1,1,2,3.5
"Kolari","Vodanj",20,30,50,100,200,0.5,0.5,0.5,1,2
"Kolari","Smederevo",20,30,50,90,190,0.5,0.5,0.5,1,2
"Kolari","Požarevac",20,40,60,120,230,0.5,0.5,1,1.5,2
"Kolari","Velika Plana",100,200,300,590,1180,1,2,3,5.5,10.5
"Kolari","Markovac",130,260,390,780,1560,1.5,2.5,3.5,7,13.5
"Kolari","Lapovo",150,300,440,890,1770,1.5,3,4,8,15.5
"Kolari","Batočina",160,320,470,950,1900,1.5,3,4.5,8.5,16.5
"Kolari","Jagodina",220,430,650,1300,2610,2,4,6,11.5,22.5
"Kolari","Ćuprija",250,510,760,1520,3040,2.5,4.5,6.5,13,26
"Kolari","Paraćin",280,560,850,1690,3390,2.5,5,7.5,14.5,29
"Kolari","Ćićevac",330,650,980,1960,3920,3,6,8.5,17,33.5
"Kolari","Ražanj",350,700,1050,2100,4200,3,6,9,18,36
"Kolari","Aleksinački Rudnici",410,820,1220,2450,4890,4,7.5,10.5,21,42
"Kolari","Aleksinac",420,840,1260,2530,5060,4,7.5,11,22,43.5
"Kolari","Niš jug",490,980,1470,2930,5860,4.5,8.5,13,25.5,50.5
"Kolari","Doljevac",530,1070,1600,3200,6400,5,9.5,14,27.5,55
"Kolari","Brestovac",550,1100,1650,3300,6590,5,9.5,14.5,28.5,56.5
"Kolari","Leskovac centar",570,1140,1710,3420,6830,5,10,15,29.5,58.5
"Kolari","Leskovac jug",610,1230,1840,3680,7360,5.5,11,16,31.5,63
"Kolari","Grdelica",640,1290,1930,3860,7730,5.5,11.5,16.5,33,66.5
"Kolari","Predejane",690,1380,2070,4130,8260,6,12,18,35.5,71
"Kolari","Vladičin Han",760,1520,2270,4550,9100,6.5,13,19.5,39,78
"Kolari","Vranje",820,1640,2470,4930,9870,7.5,14.5,21.5,42.5,84.5
"Kolari","Bujanovac sever",860,1720,2580,5160,10320,7.5,15,22.5,44.5,88.5
"Kolari","Bujanovac jug",870,1740,2610,5220,10440,7.5,15,22.5,45,89.5
"Kolari","Preševo",930,1850,2780,5560,11120,8,16,24,47.5,95
"Kolari","Dimitrovgrad",800,1600,2400,4810,9610,7,14,21,41.5,82.5
"Kolari","Šid",360,720,1080,2170,4340,3.5,6.5,10,19,37.5
"Kolari","Adaševci",100,200,300,610,1220,1,2,3,5.5,10.5
"Kolari","Kuzmin",300,600,890,1800,3590,3,5.5,8.5,16,31
"Kolari","Sremska Mitrovica",240,480,720,1440,2890,2.5,4.5,7,13,25
"Kolari","Ruma",210,410,620,1250,2490,2,4,6,11,21.5
"Kolari","Pećinci",170,340,510,1030,2060,2,3.5,5,9.5,18
"Kolari","Takovo",370,740,1110,2230,4460,3.5,7,10,19.5,38.5
"Kolari","Preljina jug",430,860,1290,2590,5170,4,8,11.5,22.5,44.5
"Kolari","Obrenovac",100,200,300,610,1220,1,2,3,5.5,10.5
"Kolari","Ub",170,350,520,1050,2100,2,3.5,5,9.5,18.5
"Kolari","Lajkovac",210,420,640,1280,2570,2,4,6,11.5,22.5
"Kolari","Ljig",280,560,840,1690,3380,3,5.5,8,15,29
"Kolari","Merošina",500,1010,1510,3030,6050,4.5,8.5,13,25.5,50.5
"Kolari","Niš sever",490,970,1460,2910,5830,4.5,8.5,12.5,25,50
"Kolari","Niš istok",500,1010,1510,3020,6050,4.5,9,13,26,52
"Kolari","Niš Malča",520,1050,1570,3140,6290,4.5,9,13.5,27,54
"Kolari","Bela Palanka",620,1230,1850,3690,7380,5.5,11,16,32,63.5
"Kolari","Pirot zapad",680,1370,2060,4110,8220,6,12,18,35.5,70.5
"Kolari","Pirot istok",720,1440,2160,4320,8640,6.5,12.5,18.5,37,74
"Kolari","Čačak (Pakovraće)",460,920,1380,2770,5530,4.5,8.5,12.5,24,47.5
"Kolari","Hrtkovci",240,480,720,1440,2890,2.5,4.5,7,13,25
"Kolari","Šabac",280,550,830,1670,3340,3,5,8,15,29
"Kolari","Kruševac istok",380,760,1140,2270,4540,3.5,6.5,10,19.5,39
"Kolari","Kruševac zapad",380,770,1150,2300,4600,3.5,7,10,20,39.5
"Kolari","Koševi",400,800,1200,2400,4800,3.5,7,10.5,21,41.5
"Kolari","Velika Drenova",420,840,1260,2530,5060,4,7.5,11,22,43.5
"Kolari","Trstenik",460,920,1380,2760,5520,4,8,12,24,47.5
"Kolari","Vrnjačka Banja",490,980,1480,2950,5910,4.5,8.5,13,25.5,50.5
"Kolari","Lučani",530,1060,1590,3190,6380,5,9.5,14.5,28,55
"Kolari","Prilipac",580,1150,1730,3470,6940,5.5,10.5,15.5,30,59.5
"Kolari","Vrba",530,1060,1590,3180,6370,5,9.5,14,27.5,54.5
"Kolari","Adrani",510,1010,1520,3040,6090,5,9,13.5,26.5,52.5
"Smederevo","Subotica",540,1080,1620,3240,6490,5.5,9.5,14,28,55.5
"Smederevo","Žednik",490,960,1450,2900,5810,5,8.5,12.5,25,50
"Smederevo","Bačka Topola",450,900,1350,2700,5400,4.5,8,12,23.5,46.5
"Smederevo","Feketić",400,780,1180,2360,4730,4,7,10.5,20.5,40.5
"Smederevo","Vrbas",370,730,1100,2200,4400,4,6.5,9.5,19,38
"Smederevo","Zmajevo",330,660,990,1990,3980,3.5,6,8.5,17.5,34.5
"Smederevo","Novi Sad",290,570,860,1720,3440,3,5,7.5,15,29.5
"Smederevo","Kovilj",240,460,700,1400,2810,3,4,6,12,24.5
"Smederevo","Beška",190,380,570,1140,2280,2.5,3.5,5,10,20
"Smederevo","Maradik",180,350,530,1070,2130,2.5,3.5,5,9.5,18.5
"Smederevo","Inđija",170,330,490,990,1980,2,3,4.5,8.5,17
"Smederevo","Beograd",120,230,350,700,1400,1.5,2,3,6,12
"Smederevo","Mali Požarevac",70,130,200,400,790,1,1.5,2,3.5,7
"Smederevo","Umčari",50,100,150,290,580,0.5,1,1.5,2.5,5
"Smederevo","Vodanj",30,60,100,190,390,0.5,1,1,2,3.5
"Smederevo","Kolari",20,30,50,90,190,0.5,0.5,0.5,1,2
"Smederevo","Požarevac",10,10,10,20,50,0.5,0.5,0.5,0.5,0.5
"Smederevo","Velika Plana",80,170,250,500,1000,1,1.5,2.5,4.5,9
"Smederevo","Markovac",110,230,340,690,1380,1,2,3,6,12
"Smederevo","Lapovo",130,260,400,790,1580,1.5,2.5,3.5,7,13.5
"Smederevo","Batočina",140,280,430,850,1710,1.5,2.5,4,7.5,15
"Smederevo","Jagodina",200,400,610,1210,2420,2,3.5,5.5,10.5,21
"Smederevo","Ćuprija",240,480,710,1430,2850,2.5,4.5,6.5,12.5,24.5
"Smederevo","Paraćin",270,530,800,1600,3200,2.5,5,7,14,27.5
"Smederevo","Ćićevac",310,620,930,1870,3740,3,5.5,8,16,32
"Smederevo","Ražanj",330,670,1000,2010,4020,3,6,9,17.5,34.5
"Smederevo","Aleksinački Rudnici",390,780,1180,2350,4710,3.5,7,10.5,20.5,40.5
"Smederevo","Aleksinac",410,810,1220,2440,4870,4,7,10.5,21,42
"Smederevo","Niš jug",470,950,1420,2840,5680,4.5,8.5,12.5,24.5,49
"Smederevo","Doljevac",520,1040,1550,3110,6210,4.5,9,13.5,27,53.5
"Smederevo","Brestovac",530,1070,1600,3200,6410,5,9.5,14,27.5,55
"Smederevo","Leskovac centar",550,1110,1660,3320,6650,5,9.5,14.5,28.5,57
"Smederevo","Leskovac jug",600,1200,1790,3590,7170,5.5,10.5,15.5,31,61.5
"Smederevo","Grdelica",630,1260,1890,3770,7540,5.5,11,16.5,32.5,64.5
"Smederevo","Predejane",670,1350,2020,4040,8080,6,12,17.5,35,69.5
"Smederevo","Vladičin Han",740,1490,2230,4460,8910,6.5,13,19.5,38.5,76.5
"Smederevo","Vranje",810,1610,2420,4840,9680,7,14,21,41.5,83
"Smederevo","Bujanovac sever",840,1690,2530,5070,10130,7.5,14.5,22,43.5,87
"Smederevo","Bujanovac jug",850,1710,2560,5130,10260,7.5,15,22,44,88
"Smederevo","Preševo",910,1820,2730,5470,10930,8,16,23.5,47,93.5
"Smederevo","Dimitrovgrad",790,1570,2360,4710,9430,7,13.5,20.5,40.5,81
"Smederevo","Šid",380,750,1130,2260,4520,4,6.5,10,19.5,39
"Smederevo","Adaševci",120,230,350,700,1400,1.5,2,3,6,12
"Smederevo","Kuzmin",320,630,940,1890,3770,3.5,5.5,8.5,16.5,32.5
"Smederevo","Sremska Mitrovica",260,510,770,1530,3070,3,4.5,7,13.5,26.5
"Smederevo","Ruma",230,440,670,1340,2670,2.5,4,6,11.5,23
"Smederevo","Pećinci",190,370,560,1120,2240,2.5,3.5,5,10,19.5
"Smederevo","Takovo",390,770,1160,2320,4640,4,7,10,20,40
"Smederevo","Preljina jug",450,890,1340,2680,5350,4.5,8,11.5,23,46
"Smederevo","Obrenovac",120,230,350,700,1400,1.5,2,3,6,12
"Smederevo","Ub",190,380,570,1140,2280,2.5,3.5,5,10,20
"Smederevo","Lajkovac",230,450,690,1370,2750,2.5,4,6,12,24
"Smederevo","Ljig",300,590,890,1780,3560,3.5,5.5,8,15.5,30.5
"Smederevo","Merošina",490,980,1470,2930,5870,4.5,8.5,13,25.5,50.5
"Smederevo","Niš sever",470,940,1410,2820,5640,4.5,8.5,12.5,24.5,48.5
"Smederevo","Niš istok",490,980,1460,2930,5860,4.5,8.5,12.5,25.5,50.5
"Smederevo","Niš Malča",510,1020,1530,3050,6100,4.5,9,13.5,26.5,52.5
"Smederevo","Bela Palanka",600,1200,1800,3600,7200,5.5,10.5,15.5,31,62
"Smederevo","Pirot zapad",670,1340,2010,4020,8030,6,11.5,17.5,34.5,69
"Smederevo","Pirot istok",700,1410,2110,4230,8460,6,12.5,18.5,36.5,72.5
"Smederevo","Čačak (Pakovraće)",480,950,1430,2860,5710,5,8.5,12.5,24.5,49
"Smederevo","Hrtkovci",260,510,770,1530,3070,3,4.5,7,13.5,26.5
"Smederevo","Šabac",300,580,880,1760,3520,3.5,5,8,15.5,30.5
"Smederevo","Kruševac istok",360,730,1090,2180,4350,3.5,6.5,9.5,19,37.5
"Smederevo","Kruševac zapad",370,740,1100,2210,4410,3.5,6.5,9.5,19,38
"Smederevo","Koševi",380,770,1150,2310,4620,3.5,7,10,20,39.5
"Smederevo","Velika Drenova",410,810,1220,2440,4870,4,7,10.5,21,42
"Smederevo","Trstenik",440,890,1330,2670,5330,4,8,11.5,23,46
"Smederevo","Vrnjačka Banja",480,950,1430,2860,5720,4.5,8.5,12.5,24.5,49
"Smederevo","Lučani",550,1090,1640,3280,6560,5.5,9.5,14.5,28.5,56.5
"Smederevo","Prilipac",600,1180,1780,3560,7120,6,10.5,15.5,30.5,61
"Smederevo","Vrba",520,1030,1550,3090,6180,4.5,9,13.5,26.5,53
"Smederevo","Adrani",530,1040,1570,3130,6270,5.5,9,13.5,27,54
"Požarevac","Subotica",540,1090,1630,3270,6540,5.5,10,14.5,28.5,56
"Požarevac","Žednik",490,970,1460,2930,5860,5,9,13,25.5,50.5
"Požarevac","Bačka Topola",450,910,1360,2730,5450,4.5,8.5,12.5,24,47
"Požarevac","Feketić",400,790,1190,2390,4780,4,7.5,11,21,41
"Požarevac","Vrbas",370,740,1110,2230,4450,4,7,10,19.5,38.5
"Požarevac","Zmajevo",330,660,990,1990,3980,3.5,6,8.5,17.5,34.5
"Požarevac","Novi Sad",290,580,870,1750,3490,3,5.5,8,15.5,30
"Požarevac","Kovilj",240,470,710,1430,2860,3,4.5,6.5,12.5,25
"Požarevac","Beška",190,390,580,1170,2330,2.5,4,5.5,10.5,20.5
"Požarevac","Maradik",180,360,540,1100,2180,2.5,4,5.5,10,19
"Požarevac","Inđija",170,340,500,1020,2030,2,3.5,5,9,17.5
"Požarevac","Beograd",120,240,360,730,1450,1.5,2.5,3.5,6.5,12.5
"Požarevac","Mali Požarevac",70,140,210,420,840,1,1.5,2,4,7.5
"Požarevac","Umčari",50,110,160,320,630,0.5,1,1.5,3,5.5
"Požarevac","Vodanj",40,70,110,220,440,0.5,1,1,2,4
"Požarevac","Kolari",20,40,60,120,230,0.5,0.5,1,1.5,2
"Požarevac","Smederevo",10,10,10,20,50,0.5,0.5,0.5,0.5,0.5
"Požarevac","Velika Plana",80,160,240,470,950,1,1.5,2.5,4.5,8.5
"Požarevac","Markovac",110,220,330,660,1330,1,2,3,6,11.5
"Požarevac","Lapovo",130,260,380,770,1540,1.5,2.5,3.5,7,13.5
"Požarevac","Batočina",140,280,420,830,1660,1.5,2.5,4,7.5,14.5
"Požarevac","Jagodina",200,400,590,1190,2370,2,3.5,5.5,10.5,20.5
"Požarevac","Ćuprija",230,470,700,1400,2800,2,4.5,6,12,24
"Požarevac","Paraćin",260,530,790,1580,3150,2.5,5,7,13.5,27
"Požarevac","Ćićevac",310,610,920,1840,3690,3,5.5,8,16,32
"Požarevac","Ražanj",330,660,990,1990,3970,3,6,8.5,17,34
"Požarevac","Aleksinački Rudnici",390,780,1160,2330,4660,3.5,7,10,20,40
"Požarevac","Aleksinac",400,800,1210,2410,4820,3.5,7,10.5,21,41.5
"Požarevac","Niš jug",470,940,1410,2810,5630,4.5,8.5,12.5,24.5,48.5
"Požarevac","Doljevac",510,1030,1540,3080,6160,4.5,9,13.5,26.5,53
"Požarevac","Brestovac",530,1060,1590,3180,6360,5,9.5,14,27.5,54.5
"Požarevac","Leskovac centar",550,1100,1650,3300,6600,5,9.5,14.5,28.5,56.5
"Požarevac","Leskovac jug",590,1190,1780,3560,7130,5.5,10.5,15.5,30.5,61
"Požarevac","Grdelica",620,1250,1870,3750,7490,5.5,11,16,32.5,64
"Požarevac","Predejane",670,1340,2010,4010,8030,6,11.5,17.5,34.5,69
"Požarevac","Vladičin Han",740,1480,2220,4430,8860,6.5,13,19,38,76
"Požarevac","Vranje",800,1610,2410,4820,9630,7,14,21,41.5,82.5
"Požarevac","Bujanovac sever",840,1680,2520,5040,10080,7.5,14.5,22,43.5,86.5
"Požarevac","Bujanovac jug",850,1700,2550,5100,10210,7.5,15,22,44,87.5
"Požarevac","Preševo",910,1810,2720,5440,10880,8,15.5,23.5,46.5,93
"Požarevac","Dimitrovgrad",780,1560,2340,4690,9380,7,13.5,20,40.5,80.5
"Požarevac","Šid",380,760,1140,2290,4570,4,7,10.5,20,39.5
"Požarevac","Adaševci",120,240,360,730,1450,1.5,2.5,3.5,6.5,12.5
"Požarevac","Kuzmin",320,640,950,1920,3820,3.5,6,9,17,33
"Požarevac","Sremska Mitrovica",260,520,780,1560,3120,3,5,7.5,14,27
"Požarevac","Ruma",230,450,680,1370,2720,2.5,4.5,6.5,12,23.5
"Požarevac","Pećinci",190,380,570,1150,2290,2.5,4,5.5,10.5,20
"Požarevac","Takovo",390,780,1170,2350,4690,4,7.5,10.5,20.5,40.5
"Požarevac","Preljina jug",450,900,1350,2710,5400,4.5,8.5,12,23.5,46.5
"Požarevac","Obrenovac",120,240,360,730,1450,1.5,2.5,3.5,6.5,12.5
"Požarevac","Ub",190,390,580,1170,2330,2.5,4,5.5,10.5,20.5
"Požarevac","Lajkovac",230,460,700,1400,2800,2.5,4.5,6.5,12.5,24.5
"Požarevac","Ljig",300,600,900,1810,3610,3.5,6,8.5,16,31
"Požarevac","Merošina",480,970,1450,2910,5820,4.5,8.5,12.5,25,50
"Požarevac","Niš sever",470,930,1400,2800,5590,4.5,8,12,24,48
"Požarevac","Niš istok",480,970,1450,2910,5810,4.5,8.5,12.5,25,50
"Požarevac","Niš Malča",500,1010,1510,3030,6050,4.5,9,13,26,52
"Požarevac","Bela Palanka",600,1190,1790,3570,7150,5.5,10.5,15.5,30.5,61.5
"Požarevac","Pirot zapad",670,1330,2000,3990,7990,6,11.5,17.5,34.5,68.5
"Požarevac","Pirot istok",700,1400,2100,4200,8410,6,12,18,36,72
"Požarevac","Čačak (Pakovraće)",480,960,1440,2890,5760,5,9,13,25,49.5
"Požarevac","Hrtkovci",260,520,780,1560,3120,3,5,7.5,14,27
"Požarevac","Šabac",300,590,890,1790,3570,3.5,5.5,8.5,16,31
"Požarevac","Kruševac istok",360,720,1080,2150,4310,3.5,6.5,9.5,18.5,37
"Požarevac","Kruševac zapad",360,730,1090,2180,4360,3.5,6.5,9.5,19,37.5
"Požarevac","Koševi",380,760,1140,2280,4570,3.5,6.5,10,19.5,39.5
"Požarevac","Velika Drenova",400,800,1210,2410,4820,3.5,7,10.5,21,41.5
"Požarevac","Trstenik",440,890,1330,2670,5330,4,8,11.5,23,46
"Požarevac","Vrnjačka Banja",470,950,1420,2840,5670,4.5,8.5,12.5,24.5,48.5
"Požarevac","Lučani",550,1100,1650,3310,6610,5.5,10,15,29,57
"Požarevac","Prilipac",600,1190,1790,3590,7170,6,11,16,31,61.5
"Požarevac","Vrba",510,1020,1530,3070,6130,4.5,9,13.5,26.5,52.5
"Požarevac","Adrani",530,1050,1580,3160,6320,5.5,9.5,14,27.5,54.5
"Velika Plana","Subotica",620,1250,1870,3740,7490,6,11,16.5,32.5,64.5
"Velika Plana","Žednik",570,1130,1700,3400,6810,5.5,10,15,29.5,59
"Velika Plana","Bačka Topola",530,1070,1600,3200,6400,5,9.5,14.5,28,55.5
"Velika Plana","Feketić",480,950,1430,2860,5730,4.5,8.5,13,25,49.5
"Velika Plana","Vrbas",450,900,1350,2700,5400,4.5,8,12,23.5,47
"Velika Plana","Zmajevo",410,830,1240,2490,4980,4,7.5,11,22,43.5
"Velika Plana","Novi Sad",370,740,1110,2220,4440,3.5,6.5,10,19.5,38.5
"Velika Plana","Kovilj",320,630,950,1900,3810,3.5,5.5,8.5,16.5,33.5
"Velika Plana","Beška",270,550,820,1640,3280,3,5,7.5,14.5,29
"Velika Plana","Maradik",260,520,780,1570,3130,3,5,7.5,14,27.5
"Velika Plana","Inđija",250,500,740,1490,2980,2.5,4.5,7,13,26
"Velika Plana","Beograd",200,400,600,1200,2400,2,3.5,5.5,10.5,21
"Velika Plana","Mali Požarevac",150,300,450,900,1790,1.5,3,4,8,15.5
"Velika Plana","Umčari",130,260,390,790,1580,1.5,2.5,3.5,7,13.5
"Velika Plana","Vodanj",120,230,350,690,1390,1.5,2,3,6,12
"Velika Plana","Kolari",100,200,300,590,1180,1,2,3,5.5,10.5
"Velika Plana","Smederevo",80,170,250,500,1000,1,1.5,2.5,4.5,9
"Velika Plana","Požarevac",80,160,240,470,950,1,1.5,2.5,4.5,8.5
"Velika Plana","Markovac",30,60,100,190,380,0.5,1,1,2,3.5
"Velika Plana","Lapovo",50,100,150,290,590,0.5,1,1.5,2.5,5.5
"Velika Plana","Batočina",60,120,180,360,710,1,1.5,2,3.5,6.5
"Velika Plana","Jagodina",120,240,360,710,1430,1.5,2.5,3.5,6.5,12.5
"Velika Plana","Ćuprija",150,310,460,930,1860,1.5,3,4,8,16
"Velika Plana","Paraćin",180,370,550,1100,2210,2,3.5,5,9.5,19
"Velika Plana","Ćićevac",230,460,690,1370,2740,2,4,6,12,23.5
"Velika Plana","Ražanj",250,500,760,1510,3020,2.5,4.5,6.5,13,26
"Velika Plana","Aleksinački Rudnici",310,620,930,1860,3710,3,5.5,8,16,32
"Velika Plana","Aleksinac",320,650,970,1940,3870,3,6,8.5,17,33.5
"Velika Plana","Niš jug",390,780,1170,2340,4680,3.5,7,10,20,40
"Velika Plana","Doljevac",430,870,1300,2610,5220,4,7.5,11.5,22.5,45
"Velika Plana","Brestovac",450,900,1350,2710,5410,4,8,12,23.5,46.5
"Velika Plana","Leskovac centar",470,940,1410,2820,5650,4.5,8.5,12.5,24.5,48.5
"Velika Plana","Leskovac jug",510,1030,1540,3090,6180,4.5,9,13.5,26.5,53
"Velika Plana","Grdelica",550,1090,1640,3270,6540,5,9.5,14.5,28,56
"Velika Plana","Predejane",590,1180,1770,3540,7080,5.5,10.5,15.5,30.5,60.5
"Velika Plana","Vladičin Han",660,1320,1980,3960,7920,6,11.5,17,34,68
"Velika Plana","Vranje",720,1450,2170,4340,8690,6.5,12.5,19,37.5,74.5
"Velika Plana","Bujanovac sever",760,1520,2280,4570,9140,6.5,13,19.5,39.5,78.5
"Velika Plana","Bujanovac jug",770,1540,2320,4630,9260,7,13.5,20,40,79.5
"Velika Plana","Preševo",830,1650,2480,4970,9940,7.5,14.5,21.5,42.5,85
"Velika Plana","Dimitrovgrad",700,1410,2110,4220,8430,6,12.5,18.5,36.5,72.5
"Velika Plana","Šid",460,920,1380,2760,5520,4.5,8,12.5,24,48
"Velika Plana","Adaševci",200,400,600,1200,2400,2,3.5,5.5,10.5,21
"Velika Plana","Kuzmin",400,800,1190,2390,4770,4,7,11,21,41.5
"Velika Plana","Sremska Mitrovica",340,680,1020,2030,4070,3.5,6,9.5,18,35.5
"Velika Plana","Ruma",310,610,920,1840,3670,3,5.5,8.5,16,32
"Velika Plana","Pećinci",270,540,810,1620,3240,3,5,7.5,14.5,28.5
"Velika Plana","Takovo",470,940,1410,2820,5640,4.5,8.5,12.5,24.5,49
"Velika Plana","Preljina jug",530,1060,1590,3180,6350,5,9.5,14,27.5,55
"Velika Plana","Obrenovac",200,400,600,1200,2400,2,3.5,5.5,10.5,21
"Velika Plana","Ub",270,550,820,1640,3280,3,5,7.5,14.5,29
"Velika Plana","Lajkovac",310,620,940,1870,3750,3,5.5,8.5,16.5,33
"Velika Plana","Ljig",380,760,1140,2280,4560,4,7,10.5,20,39.5
"Velika Plana","Merošina",410,810,1220,2430,4870,4,7,10.5,21,42
"Velika Plana","Niš sever",390,770,1160,2320,4640,3.5,7,10,20,40
"Velika Plana","Niš istok",410,810,1220,2430,4860,4,7,10.5,21,42
"Velika Plana","Niš Malča",430,850,1280,2550,5110,4,7.5,11,22,44
"Velika Plana","Bela Palanka",520,1030,1550,3100,6200,4.5,9,13.5,26.5,53
"Velika Plana","Pirot zapad",590,1170,1760,3520,7040,5.5,10,15.5,30.5,60.5
"Velika Plana","Pirot istok",620,1240,1860,3730,7460,5.5,11,16,32,64
"Velika Plana","Čačak (Pakovraće)",560,1120,1680,3360,6710,5.5,10,15,29,58
"Velika Plana","Hrtkovci",340,680,1020,2030,4070,3.5,6,9.5,18,35.5
"Velika Plana","Šabac",380,750,1130,2260,4520,4,6.5,10.5,20,39.5
"Velika Plana","Kruševac istok",280,560,840,1680,3360,2.5,5,7.5,14.5,29
"Velika Plana","Kruševac zapad",280,570,850,1710,3420,2.5,5,7.5,15,29.5
"Velika Plana","Koševi",300,600,910,1810,3620,3,5.5,8,15.5,31
"Velika Plana","Velika Drenova",320,650,970,1940,3870,3,6,8.5,17,33.5
"Velika Plana","Trstenik",360,720,1080,2170,4340,3.5,6.5,9.5,19,37.5
"Velika Plana","Vrnjačka Banja",390,790,1180,2360,4730,3.5,7,10.5,20.5,40.5
"Velika Plana","Lučani",630,1260,1890,3780,7560,6,11,17,33,65.5
"Velika Plana","Prilipac",680,1350,2030,4060,8120,6.5,12,18,35,70
"Velika Plana","Vrba",430,860,1300,2590,5190,4,7.5,11.5,22.5,44.5
"Velika Plana","Adrani",610,1210,1820,3630,7270,6,10.5,16,31.5,63
"Markovac","Subotica",650,1310,1960,3930,7870,6,11.5,17,34,67.5
"Markovac","Žednik",600,1190,1790,3590,7190,5.5,10.5,15.5,31,62
"Markovac","Bačka Topola",560,1130,1690,3390,6780,5,10,15,29.5,58.5
"Markovac","Feketić",510,1010,1520,3050,6110,4.5,9,13.5,26.5,52.5
"Markovac","Vrbas",480,960,1440,2890,5780,4.5,8.5,12.5,25,50
"Markovac","Zmajevo",440,890,1330,2680,5360,4,8,11.5,23.5,46.5
"Markovac","Novi Sad",400,800,1200,2410,4820,3.5,7,10.5,21,41.5
"Markovac","Kovilj",350,690,1040,2090,4190,3.5,6,9,18,36.5
"Markovac","Beška",300,610,910,1830,3660,3,5.5,8,16,32
"Markovac","Maradik",290,580,870,1760,3510,3,5.5,8,15.5,30.5
"Markovac","Inđija",280,560,830,1680,3360,2.5,5,7.5,14.5,29
"Markovac","Beograd",230,460,690,1390,2780,2,4,6,12,24
"Markovac","Mali Požarevac",180,360,540,1090,2170,2,3.5,5,9.5,19
"Markovac","Umčari",160,330,490,980,1960,1.5,3,4.5,8.5,17
"Markovac","Vodanj",150,290,440,880,1770,1.5,2.5,4,8,15.5
"Markovac","Kolari",130,260,390,780,1560,1.5,2.5,3.5,7,13.5
"Markovac","Smederevo",110,230,340,690,1380,1,2,3,6,12
"Markovac","Požarevac",110,220,330,660,1330,1,2,3,6,11.5
"Markovac","Velika Plana",30,60,100,190,380,0.5,1,1,2,3.5
"Markovac","Lapovo",20,30,50,100,210,0.5,0.5,0.5,1,2
"Markovac","Batočina",30,60,80,170,330,0.5,1,1,1.5,3
"Markovac","Jagodina",90,170,260,520,1050,1,1.5,2.5,4.5,9
"Markovac","Ćuprija",120,250,370,740,1480,1.5,2.5,3.5,6.5,13
"Markovac","Paraćin",150,300,460,910,1830,1.5,3,4,8,16
"Markovac","Ćićevac",200,390,590,1180,2360,2,3.5,5.5,10.5,20.5
"Markovac","Ražanj",220,440,660,1320,2640,2,4,6,11.5,23
"Markovac","Aleksinački Rudnici",280,560,830,1670,3330,2.5,5,7.5,14.5,28.5
"Markovac","Aleksinac",290,580,870,1750,3490,2.5,5,7.5,15,30
"Markovac","Niš jug",360,720,1070,2150,4300,3.5,6.5,9.5,18.5,37
"Markovac","Doljevac",400,810,1210,2420,4840,3.5,7,10.5,21,41.5
"Markovac","Brestovac",420,840,1260,2520,5030,4,7.5,11,22,43
"Markovac","Leskovac centar",440,880,1320,2630,5270,4,8,11.5,22.5,45.5
"Markovac","Leskovac jug",480,970,1450,2900,5800,4.5,8.5,12.5,25,50
"Markovac","Grdelica",510,1030,1540,3080,6160,4.5,9,13.5,26.5,53
"Markovac","Predejane",560,1120,1670,3350,6700,5,10,14.5,29,57.5
"Markovac","Vladičin Han",630,1260,1880,3770,7540,5.5,11,16.5,32.5,64.5
"Markovac","Vranje",690,1380,2080,4150,8310,6,12,18,35.5,71
"Markovac","Bujanovac sever",730,1460,2190,4380,8760,6.5,12.5,19,37.5,75
"Markovac","Bujanovac jug",740,1480,2220,4440,8880,6.5,13,19,38,76
"Markovac","Preševo",800,1590,2390,4780,9560,7,14,20.5,41,82
"Markovac","Dimitrovgrad",670,1340,2010,4030,8050,6,11.5,17.5,34.5,69
"Markovac","Šid",490,980,1470,2950,5900,4.5,8.5,13,25.5,51
"Markovac","Adaševci",230,460,690,1390,2780,2,4,6,12,24
"Markovac","Kuzmin",430,860,1280,2580,5150,4,7.5,11.5,22.5,44.5
"Markovac","Sremska Mitrovica",370,740,1110,2220,4450,3.5,6.5,10,19.5,38.5
"Markovac","Ruma",340,670,1010,2030,4050,3,6,9,17.5,35
"Markovac","Pećinci",300,600,900,1810,3620,3,5.5,8,16,31.5
"Markovac","Takovo",500,1000,1500,3010,6020,4.5,9,13,26,52
"Markovac","Preljina jug",560,1120,1680,3370,6730,5,10,14.5,29,58
"Markovac","Obrenovac",230,460,690,1390,2780,2,4,6,12,24
"Markovac","Ub",300,610,910,1830,3660,3,5.5,8,16,32
"Markovac","Lajkovac",340,680,1030,2060,4130,3,6,9,18,36
"Markovac","Ljig",410,820,1230,2470,4940,4,7.5,11,21.5,42.5
"Markovac","Merošina",370,750,1120,2240,4490,3.5,6.5,10,19.5,38.5
"Markovac","Niš sever",360,710,1070,2130,4260,3.5,6.5,9.5,18.5,36.5
"Markovac","Niš istok",370,750,1120,2240,4480,3.5,6.5,10,19.5,38.5
"Markovac","Niš Malča",390,790,1180,2360,4730,3.5,7,10.5,20.5,40.5
"Markovac","Bela Palanka",480,970,1450,2910,5820,4.5,8.5,12.5,25,50
"Markovac","Pirot zapad",550,1110,1660,3330,6660,5,9.5,14.5,28.5,57
"Markovac","Pirot istok",590,1180,1770,3540,7080,5.5,10.5,15.5,30.5,60.5
"Markovac","Čačak (Pakovraće)",590,1180,1770,3550,7090,5.5,10.5,15.5,30.5,61
"Markovac","Hrtkovci",370,740,1110,2220,4450,3.5,6.5,10,19.5,38.5
"Markovac","Šabac",410,810,1220,2450,4900,4,7,11,21.5,42.5
"Markovac","Kruševac istok",250,500,740,1490,2980,2.5,4.5,6.5,13,25.5
"Markovac","Kruševac zapad",250,510,760,1520,3040,2.5,4.5,6.5,13,26
"Markovac","Koševi",270,540,810,1620,3240,2.5,5,7,14,28
"Markovac","Velika Drenova",290,580,870,1750,3490,2.5,5,7.5,15,30
"Markovac","Trstenik",330,660,990,1980,3960,3,6,8.5,17,34
"Markovac","Vrnjačka Banja",360,720,1090,2170,4350,3.5,6.5,9.5,19,37.5
"Markovac","Lučani",660,1320,1980,3970,7940,6,11.5,17.5,34.5,68.5
"Markovac","Prilipac",710,1410,2120,4250,8500,6.5,12.5,18.5,36.5,73
"Markovac","Vrba",400,800,1200,2400,4810,3.5,7,10.5,21,41.5
"Markovac","Adrani",640,1270,1910,3820,7650,6,11,16.5,33,66
"Lapovo","Subotica",670,1350,2020,4030,8080,6.5,12,17.5,35,69.5
"Lapovo","Žednik",620,1230,1850,3690,7400,6,11,16,32,64
"Lapovo","Bačka Topola",580,1170,1750,3490,6990,5.5,10.5,15.5,30.5,60.5
"Lapovo","Feketić",530,1050,1580,3150,6320,5,9.5,14,27.5,54.5
"Lapovo","Vrbas",500,1000,1500,2990,5990,5,9,13,26,52
"Lapovo","Zmajevo",460,930,1390,2780,5570,4.5,8.5,12,24.5,48.5
"Lapovo","Novi Sad",420,840,1260,2510,5030,4,7.5,11,22,43.5
"Lapovo","Kovilj",370,730,1100,2190,4400,4,6.5,9.5,19,38.5
"Lapovo","Beška",320,650,970,1930,3870,3.5,6,8.5,17,34
"Lapovo","Maradik",310,620,930,1860,3720,3.5,6,8.5,16.5,32.5
"Lapovo","Inđija",300,600,890,1780,3570,3,5.5,8,15.5,31
"Lapovo","Beograd",250,500,750,1490,2990,2.5,4.5,6.5,13,26
"Lapovo","Mali Požarevac",200,400,590,1190,2380,2,3.5,5.5,10.5,20.5
"Lapovo","Umčari",180,360,540,1080,2170,2,3.5,5,9.5,19
"Lapovo","Vodanj",160,330,490,990,1970,1.5,3,4.5,8.5,17
"Lapovo","Kolari",150,300,440,890,1770,1.5,3,4,8,15.5
"Lapovo","Smederevo",130,260,400,790,1580,1.5,2.5,3.5,7,13.5
"Lapovo","Požarevac",130,260,380,770,1540,1.5,2.5,3.5,7,13.5
"Lapovo","Velika Plana",50,100,150,290,590,0.5,1,1.5,2.5,5.5
"Lapovo","Markovac",20,30,50,100,210,0.5,0.5,0.5,1,2
"Lapovo","Batočina",10,20,30,60,120,0.5,0.5,0.5,1,1.5
"Lapovo","Jagodina",70,140,210,420,840,1,1.5,2,4,7.5
"Lapovo","Ćuprija",110,210,320,630,1270,1,2,3,5.5,11
"Lapovo","Paraćin",130,270,400,810,1620,1.5,2.5,3.5,7,14
"Lapovo","Ćićevac",180,360,540,1080,2150,2,3.5,5,9.5,18.5
"Lapovo","Ražanj",200,410,610,1220,2430,2,4,5.5,10.5,21
"Lapovo","Aleksinački Rudnici",260,520,780,1560,3120,2.5,4.5,7,13.5,27
"Lapovo","Aleksinac",270,550,820,1640,3290,2.5,5,7.5,14.5,28.5
"Lapovo","Niš jug",340,680,1020,2050,4090,3,6,9,18,35
"Lapovo","Doljevac",390,770,1160,2310,4630,3.5,7,10,20,40
"Lapovo","Brestovac",400,800,1210,2410,4820,3.5,7,10.5,21,41.5
"Lapovo","Leskovac centar",420,840,1270,2530,5060,4,7.5,11,22,43.5
"Lapovo","Leskovac jug",470,930,1400,2800,5590,4.5,8,12,24,48
"Lapovo","Grdelica",500,990,1490,2980,5960,4.5,8.5,13,25.5,51
"Lapovo","Predejane",540,1080,1620,3250,6490,5,9.5,14,28,55.5
"Lapovo","Vladičin Han",610,1220,1830,3660,7330,5.5,10.5,16,31.5,63
"Lapovo","Vranje",670,1350,2020,4050,8100,6,12,17.5,35,69.5
"Lapovo","Bujanovac sever",710,1420,2140,4270,8550,6.5,12.5,18.5,36.5,73.5
"Lapovo","Bujanovac jug",720,1450,2170,4340,8670,6.5,12.5,19,37.5,74.5
"Lapovo","Preševo",780,1560,2340,4670,9350,7,13.5,20,40,80
"Lapovo","Dimitrovgrad",650,1310,1960,3920,7840,6,11.5,17,33.5,67
"Lapovo","Šid",510,1020,1530,3050,6110,5,9,13.5,26.5,53
"Lapovo","Adaševci",250,500,750,1490,2990,2.5,4.5,6.5,13,26
"Lapovo","Kuzmin",450,900,1340,2680,5360,4.5,8,12,23.5,46.5
"Lapovo","Sremska Mitrovica",560,1130,1690,3370,6760,5.5,10,15,29.5,58
"Lapovo","Ruma",360,710,1070,2130,4260,3.5,6.5,9.5,18.5,37
"Lapovo","Pećinci",320,640,960,1910,3830,3.5,6,8.5,17,33.5
"Lapovo","Takovo",520,1040,1560,3110,6230,5,9.5,13.5,27,54
"Lapovo","Preljina jug",580,1160,1740,3470,6940,5.5,10.5,15,30,60
"Lapovo","Obrenovac",250,500,750,1490,2990,2.5,4.5,6.5,13,26
"Lapovo","Ub",320,650,970,1930,3870,3.5,6,8.5,17,34
"Lapovo","Lajkovac",360,720,1090,2160,4340,3.5,6.5,9.5,19,38
"Lapovo","Ljig",430,860,1290,2570,5150,4.5,8,11.5,22.5,44.5
"Lapovo","Merošina",360,710,1070,2140,4280,3.5,6.5,9.5,18.5,37
"Lapovo","Niš sever",340,680,1010,2030,4060,3,6,9,17.5,35
"Lapovo","Niš istok",360,710,1070,2140,4270,3.5,6.5,9.5,18.5,36.5
"Lapovo","Niš Malča",380,750,1130,2260,4520,3.5,6.5,10,19.5,39
"Lapovo","Bela Palanka",470,940,1400,2810,5610,4.5,8.5,12,24.5,48
"Lapovo","Pirot zapad",540,1070,1610,3220,6450,5,9.5,14,28,55.5
"Lapovo","Pirot istok",570,1150,1720,3440,6870,5,10,15,29.5,59
"Lapovo","Čačak (Pakovraće)",610,1220,1830,3650,7300,6,11,16,31.5,63
"Lapovo","Hrtkovci",390,780,1170,2320,4660,4,7,10.5,20.5,40.5
"Lapovo","Šabac",430,850,1280,2550,5110,4.5,7.5,11.5,22.5,44.5
"Lapovo","Kruševac istok",230,460,690,1380,2770,2,4,6,12,24
"Lapovo","Kruševac zapad",240,470,710,1410,2830,2.5,4.5,6.5,12.5,24.5
"Lapovo","Koševi",250,510,760,1520,3030,2.5,4.5,6.5,13,26
"Lapovo","Velika Drenova",270,550,820,1640,3290,2.5,5,7.5,14.5,28.5
"Lapovo","Trstenik",310,620,940,1870,3750,3,5.5,8.5,16,32.5
"Lapovo","Vrnjačka Banja",340,690,1030,2070,4140,3,6,9,18,35.5
"Lapovo","Lučani",680,1360,2040,4070,8150,6.5,12,18,35.5,70.5
"Lapovo","Prilipac",730,1450,2180,4350,8710,7,13,19,37.5,75
"Lapovo","Vrba",380,770,1150,2300,4600,3.5,7,10,20,39.5
"Lapovo","Adrani",660,1310,1970,3920,7860,6.5,11.5,17,34,68
"Batočina","Subotica",680,1370,2050,4100,8200,6.5,12,18,35.5,70.5
"Batočina","Žednik",630,1250,1880,3760,7520,6,11,16.5,32.5,65
"Batočina","Bačka Topola",590,1190,1780,3560,7110,5.5,10.5,16,31,61.5
"Batočina","Feketić",540,1070,1610,3220,6440,5,9.5,14.5,28,55.5
"Batočina","Vrbas",510,1020,1530,3060,6110,5,9,13.5,26.5,53
"Batočina","Zmajevo",470,950,1420,2850,5690,4.5,8.5,12.5,25,49.5
"Batočina","Novi Sad",430,860,1290,2580,5150,4,7.5,11.5,22.5,44.5
"Batočina","Kovilj",380,750,1130,2260,4520,4,6.5,10,19.5,39.5
"Batočina","Beška",330,670,1000,2000,3990,3.5,6,9,17.5,35
"Batočina","Maradik",320,640,960,1930,3840,3.5,6,9,17,33.5
"Batočina","Inđija",310,620,920,1850,3690,3,5.5,8.5,16,32
"Batočina","Beograd",260,520,780,1560,3110,2.5,4.5,7,13.5,27
"Batočina","Mali Požarevac",210,420,630,1250,2500,2,4,5.5,11,21.5
"Batočina","Umčari",190,380,570,1150,2290,2,3.5,5,10,20
"Batočina","Vodanj",170,350,520,1050,2100,1.5,3,4.5,9,18
"Batočina","Kolari",160,320,470,950,1900,1.5,3,4.5,8.5,16.5
"Batočina","Smederevo",140,280,430,850,1710,1.5,2.5,4,7.5,15
"Batočina","Požarevac",140,280,420,830,1660,1.5,2.5,4,7.5,14.5
"Batočina","Velika Plana",60,120,180,360,710,1,1.5,2,3.5,6.5
"Batočina","Markovac",30,60,80,170,330,0.5,1,1,1.5,3
"Batočina","Lapovo",10,20,30,60,120,0.5,0.5,0.5,1,1.5
"Batočina","Jagodina",60,120,180,360,710,1,1.5,2,3.5,6.5
"Batočina","Ćuprija",100,190,290,570,1140,1,2,2.5,5,10
"Batočina","Paraćin",120,250,370,750,1490,1.5,2.5,3.5,6.5,13
"Batočina","Ćićevac",170,340,510,1010,2030,1.5,3,4.5,9,17.5
"Batočina","Ražanj",190,380,580,1150,2310,2,3.5,5,10,20
"Batočina","Aleksinački Rudnici",250,500,750,1500,3000,2.5,4.5,6.5,13,26
"Batočina","Aleksinac",260,530,790,1580,3160,2.5,5,7,13.5,27
"Batočina","Niš jug",330,660,990,1980,3970,3,6,8.5,17,34
"Batočina","Doljevac",380,750,1130,2250,4500,3.5,6.5,10,19.5,38.5
"Batočina","Brestovac",390,780,1170,2350,4700,3.5,7,10,20.5,40.5
"Batočina","Leskovac centar",410,820,1230,2470,4940,4,7.5,11,21.5,42.5
"Batočina","Leskovac jug",460,910,1370,2730,5470,4,8,12,23.5,47
"Batočina","Grdelica",490,970,1460,2920,5830,4.5,8.5,12.5,25,50
"Batočina","Predejane",530,1060,1590,3180,6370,5,9.5,14,27.5,54.5
"Batočina","Vladičin Han",600,1200,1800,3600,7200,5.5,10.5,15.5,31,62
"Batočina","Vranje",660,1330,1990,3990,7970,6,11.5,17,34.5,68.5
"Batočina","Bujanovac sever",700,1400,2110,4210,8420,6,12,18.5,36,72
"Batočina","Bujanovac jug",710,1420,2140,4270,8550,6.5,12.5,18.5,36.5,73.5
"Batočina","Preševo",770,1540,2310,4610,9220,7,13.5,20,39.5,79
"Batočina","Dimitrovgrad",640,1290,1930,3860,7720,5.5,11.5,16.5,33,66
"Batočina","Šid",520,1040,1560,3120,6230,5,9,14,27,54
"Batočina","Adaševci",260,520,780,1560,3110,2.5,4.5,7,13.5,27
"Batočina","Kuzmin",460,920,1370,2750,5480,4.5,8,12.5,24,47.5
"Batočina","Sremska Mitrovica",400,800,1200,2390,4780,4,7,11,21,41.5
"Batočina","Ruma",370,730,1100,2200,4380,3.5,6.5,10,19,38
"Batočina","Pećinci",330,660,990,1980,3950,3.5,6,9,17.5,34.5
"Batočina","Takovo",530,1060,1590,3180,6350,5,9.5,14,27.5,55
"Batočina","Preljina jug",590,1180,1770,3540,7060,5.5,10.5,15.5,30.5,61
"Batočina","Obrenovac",260,520,780,1560,3110,2.5,4.5,7,13.5,27
"Batočina","Ub",330,670,1000,2000,3990,3.5,6,9,17.5,35
"Batočina","Lajkovac",370,740,1120,2230,4460,3.5,6.5,10,19.5,39
"Batočina","Ljig",440,880,1320,2640,5270,4.5,8,12,23,45.5
"Batočina","Merošina",350,690,1040,2080,4160,3,6,9,18,36
"Batočina","Niš sever",330,660,980,1970,3930,3,6,8.5,17,34
"Batočina","Niš istok",350,690,1040,2070,4150,3,6,9,18,35.5
"Batočina","Niš Malča",370,730,1100,2200,4390,3.5,6.5,9.5,19,38
"Batočina","Bela Palanka",460,910,1370,2740,5490,4,8,12,23.5,47
"Batočina","Pirot zapad",530,1050,1580,3160,6320,5,9,13.5,27,54
"Batočina","Pirot istok",560,1120,1690,3370,6750,5,10,14.5,29,58
"Batočina","Čačak (Pakovraće)",620,1240,1860,3720,7420,6,11,16.5,32,64
"Batočina","Hrtkovci",400,800,1200,2390,4780,4,7,11,21,41.5
"Batočina","Šabac",440,870,1310,2620,5230,4.5,7.5,12,23,45.5
"Batočina","Kruševac istok",220,440,660,1320,2650,2,4,6,11.5,23
"Batočina","Kruševac zapad",230,450,680,1350,2700,2,4,6,12,23.5
"Batočina","Koševi",240,480,730,1450,2910,2.5,4.5,6.5,12.5,25
"Batočina","Velika Drenova",260,530,790,1580,3160,2.5,5,7,13.5,27
"Batočina","Trstenik",300,600,910,1810,3620,3,5.5,8,15.5,31
"Batočina","Vrnjačka Banja",330,670,1000,2010,4010,3,6,9,17.5,34.5
"Batočina","Lučani",690,1380,2070,4140,8270,6.5,12,18.5,36,71.5
"Batočina","Prilipac",740,1470,2210,4420,8830,7,13,19.5,38,76
"Batočina","Vrba",370,750,1120,2240,4470,3.5,6.5,10,19.5,38.5
"Batočina","Adrani",670,1330,2000,3990,7980,6.5,11.5,17.5,34.5,69
"Jagodina","Subotica",740,1490,2230,4450,8920,7,13,19.5,38.5,76.5
"Jagodina","Žednik",690,1370,2060,4110,8240,6.5,12,18,35.5,71
"Jagodina","Bačka Topola",650,1310,1960,3910,7830,6,11.5,17.5,34,67.5
"Jagodina","Feketić",600,1190,1790,3570,7160,5.5,10.5,16,31,61.5
"Jagodina","Vrbas",570,1140,1710,3410,6830,5.5,10,15,29.5,59
"Jagodina","Zmajevo",530,1070,1600,3200,6410,5,9.5,14,28,55.5
"Jagodina","Novi Sad",490,980,1470,2930,5870,4.5,8.5,13,25.5,50.5
"Jagodina","Kovilj",440,870,1310,2610,5240,4.5,7.5,11.5,22.5,45.5
"Jagodina","Beška",390,790,1180,2350,4710,4,7,10.5,20.5,41
"Jagodina","Maradik",380,760,1140,2280,4560,4,7,10.5,20,39.5
"Jagodina","Inđija",370,740,1100,2200,4410,3.5,6.5,10,19,38
"Jagodina","Beograd",320,640,960,1910,3830,3,5.5,8.5,16.5,33
"Jagodina","Mali Požarevac",270,540,800,1610,3220,2.5,5,7,14,28
"Jagodina","Umčari",250,500,750,1500,3010,2.5,4.5,6.5,13,26
"Jagodina","Vodanj",230,470,700,1410,2810,2,4.5,6,12.5,24.5
"Jagodina","Kolari",220,430,650,1300,2610,2,4,6,11.5,22.5
"Jagodina","Smederevo",200,400,610,1210,2420,2,3.5,5.5,10.5,21
"Jagodina","Požarevac",200,400,590,1190,2370,2,3.5,5.5,10.5,20.5
"Jagodina","Velika Plana",120,240,360,710,1430,1.5,2.5,3.5,6.5,12.5
"Jagodina","Markovac",90,170,260,520,1050,1,1.5,2.5,4.5,9
"Jagodina","Lapovo",70,140,210,420,840,1,1.5,2,4,7.5
"Jagodina","Batočina",60,120,180,360,710,1,1.5,2,3.5,6.5
"Jagodina","Ćuprija",40,70,110,210,430,0.5,1,1,2,4
"Jagodina","Paraćin",60,130,190,390,780,1,1.5,2,3.5,7
"Jagodina","Ćićevac",110,220,330,660,1310,1,2,3,6,11.5
"Jagodina","Ražanj",130,270,400,800,1600,1.5,2.5,3.5,7,14
"Jagodina","Aleksinački Rudnici",190,380,570,1140,2290,2,3.5,5,10,20
"Jagodina","Aleksinac",200,410,610,1220,2450,2,4,5.5,10.5,21
"Jagodina","Niš jug",270,540,810,1630,3250,2.5,5,7,14,28
"Jagodina","Doljevac",320,630,950,1890,3790,3,5.5,8.5,16.5,32.5
"Jagodina","Brestovac",330,660,1000,1990,3980,3,6,9,17,34
"Jagodina","Leskovac centar",350,700,1060,2110,4220,3,6,9.5,18.5,36.5
"Jagodina","Leskovac jug",400,790,1190,2380,4750,3.5,7,10.5,20.5,41
"Jagodina","Grdelica",430,850,1280,2560,5120,4,7.5,11,22,44
"Jagodina","Predejane",470,940,1410,2830,5650,4.5,8.5,12.5,24.5,48.5
"Jagodina","Vladičin Han",540,1080,1620,3240,6490,5,9.5,14,28,55.5
"Jagodina","Vranje",600,1210,1810,3630,7260,5.5,10.5,15.5,31.5,62.5
"Jagodina","Bujanovac sever",640,1290,1930,3860,7710,5.5,11.5,16.5,33,66
"Jagodina","Bujanovac jug",650,1310,1960,3920,7840,6,11.5,17,33.5,67
"Jagodina","Preševo",710,1420,2130,4250,8510,6.5,12.5,18.5,36.5,73
"Jagodina","Dimitrovgrad",580,1170,1750,3500,7000,5,10,15,30,60
"Jagodina","Šid",580,1160,1740,3470,6950,5.5,10,15.5,30,60
"Jagodina","Adaševci",320,640,960,1910,3830,3,5.5,8.5,16.5,33
"Jagodina","Kuzmin",520,1040,1550,3100,6200,5,9,14,27,53.5
"Jagodina","Sremska Mitrovica",460,920,1380,2740,5500,4.5,8,12.5,24,47.5
"Jagodina","Ruma",430,850,1280,2550,5100,4,7.5,11.5,22,44
"Jagodina","Pećinci",390,780,1170,2330,4670,4,7,10.5,20.5,40.5
"Jagodina","Takovo",590,1180,1770,3530,7070,5.5,10.5,15.5,30.5,61
"Jagodina","Preljina jug",650,1300,1950,3890,7780,6,11.5,17,33.5,67
"Jagodina","Obrenovac",320,640,960,1910,3830,3,5.5,8.5,16.5,33
"Jagodina","Ub",390,790,1180,2350,4710,4,7,10.5,20.5,41
"Jagodina","Lajkovac",430,860,1300,2580,5180,4,7.5,11.5,22.5,45
"Jagodina","Ljig",500,1000,1500,2990,5990,5,9,13.5,26,51.5
"Jagodina","Merošina",290,570,860,1720,3440,2.5,5,7.5,15,29.5
"Jagodina","Niš sever",270,540,800,1610,3220,2.5,5,7,14,28
"Jagodina","Niš istok",290,570,860,1720,3440,2.5,5,7.5,15,29.5
"Jagodina","Niš Malča",310,610,920,1840,3680,3,5.5,8,16,31.5
"Jagodina","Bela Palanka",400,800,1190,2390,4770,3.5,7,10.5,20.5,41
"Jagodina","Pirot zapad",470,940,1400,2810,5610,4.5,8.5,12,24.5,48
"Jagodina","Pirot istok",500,1010,1510,3020,6030,4.5,9,13,26,52
"Jagodina","Čačak (Pakovraće)",680,1360,2040,4070,8140,6.5,12,18,35,70
"Jagodina","Hrtkovci",460,920,1380,2740,5500,4.5,8,12.5,24,47.5
"Jagodina","Šabac",500,990,1490,2970,5950,5,8.5,13.5,26,51.5
"Jagodina","Kruševac istok",160,320,480,970,1930,1.5,3,4.5,8.5,16.5
"Jagodina","Kruševac zapad",170,330,500,1000,1990,1.5,3,4.5,9,17
"Jagodina","Koševi",180,370,550,1100,2190,2,3.5,5,9.5,19
"Jagodina","Velika Drenova",200,410,610,1220,2450,2,4,5.5,10.5,21
"Jagodina","Trstenik",240,480,730,1450,2910,2.5,4.5,6.5,12.5,25
"Jagodina","Vrnjačka Banja",270,550,820,1650,3300,2.5,5,7.5,14.5,28.5
"Jagodina","Lučani",750,1500,2250,4490,8990,7,13,20,39,77.5
"Jagodina","Prilipac",800,1590,2390,4770,9550,7.5,14,21,41,82
"Jagodina","Vrba",310,630,940,1880,3760,3,5.5,8.5,16.5,32.5
"Jagodina","Adrani",730,1450,2180,4340,8700,7,12.5,19,37.5,75
"Ćuprija","Subotica",770,1560,2330,4670,9350,7,14,20.5,40.5,80
"Ćuprija","Žednik",720,1440,2160,4330,8670,6.5,13,19,37.5,74.5
"Ćuprija","Bačka Topola",680,1380,2060,4130,8260,6,12.5,18.5,36,71
"Ćuprija","Feketić",630,1260,1890,3790,7590,5.5,11.5,17,33,65
"Ćuprija","Vrbas",600,1210,1810,3630,7260,5.5,11,16,31.5,62.5
"Ćuprija","Zmajevo",560,1140,1700,3420,6840,5,10.5,15,30,59
"Ćuprija","Novi Sad",520,1050,1570,3150,6300,4.5,9.5,14,27.5,54
"Ćuprija","Kovilj",470,940,1410,2830,5670,4.5,8.5,12.5,24.5,49
"Ćuprija","Beška",420,860,1280,2570,5140,4,8,11.5,22.5,44.5
"Ćuprija","Maradik",410,830,1240,2500,4990,4,8,11.5,22,43
"Ćuprija","Inđija",400,810,1200,2420,4840,3.5,7.5,11,21,41.5
"Ćuprija","Beograd",350,710,1060,2130,4260,3,6.5,9.5,18.5,36.5
"Ćuprija","Mali Požarevac",300,610,910,1820,3650,3,5.5,8,16,31.5
"Ćuprija","Umčari",290,570,860,1720,3440,2.5,5,7.5,15,29.5
"Ćuprija","Vodanj",270,540,810,1620,3240,2.5,5,7,14,28
"Ćuprija","Kolari",250,510,760,1520,3040,2.5,4.5,6.5,13,26
"Ćuprija","Smederevo",240,480,710,1430,2850,2.5,4.5,6.5,12.5,24.5
"Ćuprija","Požarevac",230,470,700,1400,2800,2,4.5,6,12,24
"Ćuprija","Velika Plana",150,310,460,930,1860,1.5,3,4,8,16
"Ćuprija","Markovac",120,250,370,740,1480,1.5,2.5,3.5,6.5,13
"Ćuprija","Lapovo",110,210,320,630,1270,1,2,3,5.5,11
"Ćuprija","Batočina",100,190,290,570,1140,1,2,2.5,5,10
"Ćuprija","Jagodina",40,70,110,210,430,0.5,1,1,2,4
"Ćuprija","Paraćin",30,60,90,180,350,0.5,1,1,2,3
"Ćuprija","Ćićevac",70,150,220,440,880,1,1.5,2,4,8
"Ćuprija","Ražanj",100,190,290,580,1170,1,2,2.5,5,10
"Ćuprija","Aleksinački Rudnici",150,310,460,930,1860,1.5,3,4,8,16
"Ćuprija","Aleksinac",170,340,500,1010,2020,1.5,3,4.5,9,17.5
"Ćuprija","Niš jug",240,470,710,1410,2820,2.5,4.5,6.5,12.5,24.5
"Ćuprija","Doljevac",280,560,840,1680,3360,2.5,5,7.5,14.5,29
"Ćuprija","Brestovac",300,590,890,1780,3560,3,5.5,8,15.5,30.5
"Ćuprija","Leskovac centar",320,630,950,1900,3790,3,5.5,8.5,16.5,32.5
"Ćuprija","Leskovac jug",360,720,1080,2160,4320,3.5,6.5,9.5,18.5,37
"Ćuprija","Grdelica",390,780,1170,2340,4690,3.5,7,10,20,40.5
"Ćuprija","Predejane",440,870,1310,2610,5220,4,7.5,11.5,22.5,45
"Ćuprija","Vladičin Han",500,1010,1510,3030,6060,4.5,9,13,26,52
"Ćuprija","Vranje",570,1140,1710,3420,6830,5,10,15,29.5,58.5
"Ćuprija","Bujanovac sever",610,1210,1820,3640,7280,5.5,10.5,16,31.5,62.5
"Ćuprija","Bujanovac jug",620,1230,1850,3700,7410,5.5,11,16,32,63.5
"Ćuprija","Preševo",670,1350,2020,4040,8080,6,12,17.5,35,69.5
"Ćuprija","Dimitrovgrad",550,1100,1640,3290,6570,5,9.5,14.5,28.5,56.5
"Ćuprija","Šid",610,1230,1840,3690,7380,5.5,11,16.5,32,63.5
"Ćuprija","Adaševci",350,710,1060,2130,4260,3,6.5,9.5,18.5,36.5
"Ćuprija","Kuzmin",550,1110,1650,3320,6630,5,10,15,29,57
"Ćuprija","Sremska Mitrovica",490,990,1480,2960,5930,4.5,9,13.5,26,51
"Ćuprija","Ruma",460,920,1380,2770,5530,4,8.5,12.5,24,47.5
"Ćuprija","Pećinci",420,850,1270,2550,5100,4,8,11.5,22.5,44
"Ćuprija","Takovo",620,1250,1870,3750,7500,5.5,11.5,16.5,32.5,64.5
"Ćuprija","Preljina jug",680,1370,2050,4110,8210,6,12.5,18,35.5,70.5
"Ćuprija","Obrenovac",350,710,1060,2130,4260,3,6.5,9.5,18.5,36.5
"Ćuprija","Ub",420,860,1280,2570,5140,4,8,11.5,22.5,44.5
"Ćuprija","Lajkovac",460,930,1400,2800,5610,4,8.5,12.5,24.5,48.5
"Ćuprija","Ljig",530,1070,1600,3210,6420,5,10,14.5,28,55
"Ćuprija","Merošina",250,500,750,1510,3010,2.5,4.5,6.5,13,26
"Ćuprija","Niš sever",230,460,700,1390,2790,2,4,6,12,24
"Ćuprija","Niš istok",250,500,750,1500,3010,2.5,4.5,6.5,13,26
"Ćuprija","Niš Malča",270,540,810,1630,3250,2.5,5,7,14,28
"Ćuprija","Bela Palanka",360,720,1090,2170,4340,3.5,6.5,9.5,19,37.5
"Ćuprija","Pirot zapad",430,860,1300,2590,5180,4,7.5,11.5,22.5,44.5
"Ćuprija","Pirot istok",470,930,1400,2800,5600,4.5,8,12,24,48
"Ćuprija","Čačak (Pakovraće)",710,1430,2140,4290,8570,6.5,13,19,37,73.5
"Ćuprija","Hrtkovci",490,990,1480,2960,5930,4.5,9,13.5,26,51
"Ćuprija","Šabac",530,1060,1590,3190,6380,5,9.5,14.5,28,55
"Ćuprija","Kruševac istok",130,250,380,750,1500,1.5,2.5,3.5,6.5,13
"Ćuprija","Kruševac zapad",130,260,390,780,1560,1.5,2.5,3.5,7,13.5
"Ćuprija","Koševi",150,290,440,880,1760,1.5,2.5,4,8,15.5
"Ćuprija","Velika Drenova",170,340,500,1010,2020,1.5,3,4.5,9,17.5
"Ćuprija","Trstenik",210,410,620,1240,2480,2,4,5.5,11,21.5
"Ćuprija","Vrnjačka Banja",240,480,720,1440,2870,2.5,4.5,6.5,12.5,25
"Ćuprija","Lučani",780,1570,2350,4710,9420,7,14,21,41,81
"Ćuprija","Prilipac",830,1660,2490,4990,9980,7.5,15,22,43,85.5
"Ćuprija","Vrba",280,550,830,1660,3330,2.5,5,7.5,14.5,28.5
"Ćuprija","Adrani",760,1520,2280,4560,9130,7,13.5,20,39.5,78.5
"Paraćin","Subotica",800,1620,2420,4840,9700,7.5,14.5,21,42,83
"Paraćin","Žednik",750,1500,2250,4500,9020,7,13.5,19.5,39,77.5
"Paraćin","Bačka Topola",710,1440,2150,4300,8610,6.5,13,19,37.5,74
"Paraćin","Feketić",660,1320,1980,3960,7940,6,12,17.5,34.5,68
"Paraćin","Vrbas",630,1270,1900,3800,7610,6,11.5,16.5,33,65.5
"Paraćin","Zmajevo",590,1200,1790,3590,7190,5.5,11,15.5,31.5,62
"Paraćin","Novi Sad",550,1110,1660,3320,6650,5,10,14.5,29,57
"Paraćin","Kovilj",500,1000,1500,3000,6020,5,9,13,26,52
"Paraćin","Beška",450,920,1370,2740,5490,4.5,8.5,12,24,47.5
"Paraćin","Maradik",440,890,1330,2670,5340,4.5,8.5,12,23.5,46
"Paraćin","Inđija",430,870,1290,2590,5190,4,8,11.5,22.5,44.5
"Paraćin","Beograd",380,770,1150,2300,4610,3.5,7,10,20,39.5
"Paraćin","Mali Požarevac",330,670,1000,2000,4000,3,6,9,17.5,34.5
"Paraćin","Umčari",320,630,950,1890,3790,3,5.5,8.5,16.5,32.5
"Paraćin","Vodanj",300,600,900,1800,3590,3,5.5,8,15.5,31
"Paraćin","Kolari",280,560,850,1690,3390,2.5,5,7.5,14.5,29
"Paraćin","Smederevo",270,530,800,1600,3200,2.5,5,7,14,27.5
"Paraćin","Požarevac",260,530,790,1580,3150,2.5,5,7,13.5,27
"Paraćin","Velika Plana",180,370,550,1100,2210,2,3.5,5,9.5,19
"Paraćin","Markovac",150,300,460,910,1830,1.5,3,4,8,16
"Paraćin","Lapovo",130,270,400,810,1620,1.5,2.5,3.5,7,14
"Paraćin","Batočina",120,250,370,750,1490,1.5,2.5,3.5,6.5,13
"Paraćin","Jagodina",60,130,190,390,780,1,1.5,2,3.5,7
"Paraćin","Ćuprija",30,60,90,180,350,0.5,1,1,2,3
"Paraćin","Ćićevac",40,90,130,270,530,0.5,1,1.5,2.5,5
"Paraćin","Ražanj",70,140,200,410,820,1,1.5,2,4,7.5
"Paraćin","Aleksinački Rudnici",130,250,380,750,1510,1.5,2.5,3.5,6.5,13
"Paraćin","Aleksinac",140,280,420,830,1670,1.5,2.5,4,7.5,14.5
"Paraćin","Niš jug",210,410,620,1240,2470,2,4,5.5,11,21.5
"Paraćin","Doljevac",250,500,750,1500,3010,2.5,4.5,6.5,13,26
"Paraćin","Brestovac",270,530,800,1600,3210,2.5,5,7,14,27.5
"Paraćin","Leskovac centar",290,570,860,1720,3440,2.5,5,7.5,15,29.5
"Paraćin","Leskovac jug",330,660,990,1990,3970,3,6,8.5,17,34
"Paraćin","Grdelica",360,720,1080,2170,4340,3.5,6.5,9.5,19,37.5
"Paraćin","Predejane",410,810,1220,2440,4870,4,7,10.5,21,42
"Paraćin","Vladičin Han",480,950,1430,2850,5710,4.5,8.5,12.5,24.5,49
"Paraćin","Vranje",540,1080,1620,3240,6480,5,9.5,14,28,55.5
"Paraćin","Bujanovac sever",580,1160,1730,3470,6930,5,10,15,30,59.5
"Paraćin","Bujanovac jug",590,1180,1760,3530,7060,5.5,10.5,15.5,30.5,60.5
"Paraćin","Preševo",640,1290,1930,3860,7730,5.5,11.5,16.5,33,66.5
"Paraćin","Dimitrovgrad",520,1040,1560,3110,6220,4.5,9,13.5,27,53.5
"Paraćin","Šid",640,1290,1930,3860,7730,6,11.5,17,33.5,66.5
"Paraćin","Adaševci",380,770,1150,2300,4610,3.5,7,10,20,39.5
"Paraćin","Kuzmin",580,1170,1740,3490,6980,5.5,10.5,15.5,30.5,60
"Paraćin","Sremska Mitrovica",520,1050,1570,3130,6280,5,9.5,14,27.5,54
"Paraćin","Ruma",490,980,1470,2940,5880,4.5,9,13,25.5,50.5
"Paraćin","Pećinci",450,910,1360,2720,5450,4.5,8.5,12,24,47
"Paraćin","Takovo",650,1310,1960,3920,7850,6,12,17,34,67.5
"Paraćin","Preljina jug",710,1430,2140,4280,8560,6.5,13,18.5,37,73.5
"Paraćin","Obrenovac",380,770,1150,2300,4610,3.5,7,10,20,39.5
"Paraćin","Ub",450,920,1370,2740,5490,4.5,8.5,12,24,47.5
"Paraćin","Lajkovac",490,990,1490,2970,5960,4.5,9,13,26,51.5
"Paraćin","Ljig",560,1130,1690,3380,6770,5.5,10.5,15,29.5,58
"Paraćin","Merošina",220,440,670,1330,2660,2,4,6,11.5,23
"Paraćin","Niš sever",200,410,610,1220,2440,2,4,5.5,10.5,21
"Paraćin","Niš istok",220,440,660,1330,2660,2,4,6,11.5,23
"Paraćin","Niš Malča",240,480,730,1450,2900,2.5,4.5,6.5,12.5,25
"Paraćin","Bela Palanka",330,670,1000,2000,3990,3,6,9,17.5,34.5
"Paraćin","Pirot zapad",400,810,1210,2420,4830,3.5,7,10.5,21,41.5
"Paraćin","Pirot istok",440,880,1310,2630,5250,4,8,11.5,22.5,45
"Paraćin","Čačak (Pakovraće)",740,1490,2230,4460,8920,7,13.5,19.5,38.5,76.5
"Paraćin","Hrtkovci",520,1050,1570,3130,6280,5,9.5,14,27.5,54
"Paraćin","Šabac",560,1120,1680,3360,6730,5.5,10,15,29.5,58
"Paraćin","Kruševac istok",100,190,290,580,1150,1,2,2.5,5,10
"Paraćin","Kruševac zapad",100,200,300,610,1210,1,2,3,5.5,10.5
"Paraćin","Koševi",120,240,350,710,1410,1.5,2.5,3,6.5,12.5
"Paraćin","Velika Drenova",140,280,420,830,1670,1.5,2.5,4,7.5,14.5
"Paraćin","Trstenik",180,360,530,1070,2130,2,3.5,5,9.5,18.5
"Paraćin","Vrnjačka Banja",210,420,630,1260,2520,2,4,5.5,11,22
"Paraćin","Lučani",810,1630,2440,4880,9770,7.5,14.5,21.5,42.5,84
"Paraćin","Prilipac",860,1720,2580,5160,10330,8,15.5,22.5,44.5,88.5
"Paraćin","Vrba",250,500,740,1490,2980,2.5,4.5,6.5,13,25.5
"Paraćin","Adrani",790,1580,2370,4730,9480,7.5,14,20.5,41,81.5
"Ćićevac","Subotica",850,1710,2560,5110,10230,8,15,22.5,44,87.5
"Ćićevac","Žednik",800,1590,2390,4770,9550,7.5,14,21,41,82
"Ćićevac","Bačka Topola",760,1530,2290,4570,9140,7,13.5,20.5,39.5,78.5
"Ćićevac","Feketić",710,1410,2120,4230,8470,6.5,12.5,19,36.5,72.5
"Ćićevac","Vrbas",680,1360,2040,4070,8140,6.5,12,18,35,70
"Ćićevac","Zmajevo",640,1290,1930,3860,7720,6,11.5,17,33.5,66.5
"Ćićevac","Novi Sad",600,1200,1800,3590,7180,5.5,10.5,16,31,61.5
"Ćićevac","Kovilj",550,1090,1640,3270,6550,5.5,9.5,14.5,28,56.5
"Ćićevac","Beška",500,1010,1510,3010,6020,5,9,13.5,26,52
"Ćićevac","Maradik",490,980,1470,2940,5870,5,9,13.5,25.5,50.5
"Ćićevac","Inđija",480,960,1430,2860,5720,4.5,8.5,13,24.5,49
"Ćićevac","Beograd",430,860,1290,2570,5140,4,7.5,11.5,22,44
"Ćićevac","Mali Požarevac",380,760,1130,2270,4530,3.5,6.5,10,19.5,39
"Ćićevac","Umčari",360,720,1080,2160,4320,3.5,6.5,9.5,18.5,37
"Ćićevac","Vodanj",340,690,1030,2060,4130,3,6,9,18,35.5
"Ćićevac","Kolari",330,650,980,1960,3920,3,6,8.5,17,33.5
"Ćićevac","Smederevo",310,620,930,1870,3740,3,5.5,8,16,32
"Ćićevac","Požarevac",310,610,920,1840,3690,3,5.5,8,16,32
"Ćićevac","Velika Plana",230,460,690,1370,2740,2,4,6,12,23.5
"Ćićevac","Markovac",200,390,590,1180,2360,2,3.5,5.5,10.5,20.5
"Ćićevac","Lapovo",180,360,540,1080,2150,2,3.5,5,9.5,18.5
"Ćićevac","Batočina",170,340,510,1010,2030,1.5,3,4.5,9,17.5
"Ćićevac","Jagodina",110,220,330,660,1310,1,2,3,6,11.5
"Ćićevac","Ćuprija",70,150,220,440,880,1,1.5,2,4,8
"Ćićevac","Paraćin",40,90,130,270,530,0.5,1,1.5,2.5,5
"Ćićevac","Ražanj",50,90,140,280,560,0.5,1,1.5,2.5,5
"Ćićevac","Aleksinački Rudnici",100,210,310,630,1250,1,2,3,5.5,11
"Ćićevac","Aleksinac",120,240,350,710,1410,1.5,2.5,3,6.5,12.5
"Ćićevac","Niš jug",180,370,550,1110,2220,2,3.5,5,9.5,19
"Ćićevac","Doljevac",230,460,690,1380,2750,2,4,6,12,23.5
"Ćićevac","Brestovac",250,490,740,1480,2950,2.5,4.5,6.5,13,25.5
"Ćićevac","Leskovac centar",270,530,800,1590,3190,2.5,5,7,14,27.5
"Ćićevac","Leskovac jug",310,620,930,1860,3720,3,5.5,8,16,32
"Ćićevac","Grdelica",340,680,1020,2040,4080,3,6,9,17.5,35
"Ćićevac","Predejane",380,770,1150,2310,4620,3.5,7,10,20,39.5
"Ćićevac","Vladičin Han",450,910,1360,2730,5450,4,8,12,23.5,47
"Ćićevac","Vranje",520,1040,1560,3110,6230,4.5,9,13.5,27,53.5
"Ćićevac","Bujanovac sever",560,1110,1670,3340,6680,5,9.5,14.5,29,57.5
"Ćićevac","Bujanovac jug",570,1130,1700,3400,6800,5,10,15,29.5,58.5
"Ćićevac","Preševo",620,1250,1870,3740,7470,5.5,11,16,32,64
"Ćićevac","Dimitrovgrad",500,990,1490,2980,5970,4.5,8.5,13,25.5,51
"Ćićevac","Šid",690,1380,2070,4130,8260,6.5,12,18.5,35.5,71
"Ćićevac","Adaševci",430,860,1290,2570,5140,4,7.5,11.5,22,44
"Ćićevac","Kuzmin",630,1260,1880,3760,7510,6,11,17,32.5,64.5
"Ćićevac","Sremska Mitrovica",570,1140,1710,3400,6810,5.5,10,15.5,29.5,58.5
"Ćićevac","Ruma",540,1070,1610,3210,6410,5,9.5,14.5,27.5,55
"Ćićevac","Pećinci",500,1000,1500,2990,5980,5,9,13.5,26,51.5
"Ćićevac","Takovo",700,1400,2100,4190,8380,6.5,12.5,18.5,36,72
"Ćićevac","Preljina jug",760,1520,2280,4550,9090,7,13.5,20,39,78
"Ćićevac","Obrenovac",430,860,1290,2570,5140,4,7.5,11.5,22,44
"Ćićevac","Ub",500,1010,1510,3010,6020,5,9,13.5,26,52
"Ćićevac","Lajkovac",540,1080,1630,3240,6490,5,9.5,14.5,28,56
"Ćićevac","Ljig",610,1220,1830,3650,7300,6,11,16.5,31.5,62.5
"Ćićevac","Merošina",200,400,600,1200,2410,2,3.5,5.5,10.5,21
"Ćićevac","Niš sever",180,360,550,1090,2180,2,3.5,5,9.5,19
"Ćićevac","Niš istok",200,400,600,1200,2400,2,3.5,5.5,10.5,21
"Ćićevac","Niš Malča",220,440,660,1320,2650,2,4,6,11.5,23
"Ćićevac","Bela Palanka",310,620,930,1870,3740,3,5.5,8,16,32
"Ćićevac","Pirot zapad",380,760,1140,2290,4580,3.5,6.5,10,20,39.5
"Ćićevac","Pirot istok",420,830,1250,2500,5000,4,7.5,11,21.5,43
"Ćićevac","Čačak (Pakovraće)",790,1580,2370,4730,9450,7.5,14,21,40.5,81
"Ćićevac","Hrtkovci",570,1140,1710,3400,6810,6,10.5,16.5,31.5,62.5
"Ćićevac","Šabac",610,1210,1820,3630,7260,6,10.5,16.5,31.5,62.5
"Ćićevac","Kruševac istok",50,110,150,310,620,0.5,1,1.5,3,5.5
"Ćićevac","Kruševac zapad",60,110,170,340,680,1,1,1.5,3,6
"Ćićevac","Koševi",70,150,220,440,880,1,1.5,2,4,8
"Ćićevac","Velika Drenova",90,190,280,570,1130,1,2,2.5,5,10
"Ćićevac","Trstenik",130,270,400,800,1600,1.5,2.5,3.5,7,14
"Ćićevac","Vrnjačka Banja",170,330,500,990,1990,1.5,3,4.5,8.5,17
"Ćićevac","Lučani",860,1720,2580,5150,10300,8,15,23,44.5,88.5
"Ćićevac","Prilipac",910,1810,2720,5430,10860,8.5,16,24,46.5,93
"Ćićevac","Vrba",200,410,610,1220,2440,2,4,5.5,10.5,21
"Ćićevac","Adrani",840,1670,2510,5000,10010,8,14.5,22,43,86
"Ražanj","Subotica",870,1750,2630,5250,10510,8,15.5,23,45.5,90
"Ražanj","Žednik",820,1630,2460,4910,9830,7.5,14.5,21.5,42.5,84.5
"Ražanj","Bačka Topola",780,1570,2360,4710,9420,7,14,21,41,81
"Ražanj","Feketić",730,1450,2190,4370,8750,6.5,13,19.5,38,75
"Ražanj","Vrbas",700,1400,2110,4210,8420,6.5,12.5,18.5,36.5,72.5
"Ražanj","Zmajevo",660,1330,2000,4000,8000,6,12,17.5,35,69
"Ražanj","Novi Sad",620,1240,1870,3730,7460,5.5,11,16.5,32.5,64
"Ražanj","Kovilj",570,1130,1710,3410,6830,5.5,10,15,29.5,59
"Ražanj","Beška",520,1050,1580,3150,6300,5,9.5,14,27.5,54.5
"Ražanj","Maradik",510,1020,1540,3080,6150,5,9.5,14,27,53
"Ražanj","Inđija",500,1000,1500,3000,6000,4.5,9,13.5,26,51.5
"Ražanj","Beograd",450,900,1360,2710,5420,4,8,12,23.5,46.5
"Ražanj","Mali Požarevac",400,800,1200,2410,4810,3.5,7,10.5,21,41.5
"Ražanj","Umčari",380,770,1150,2300,4600,3.5,7,10,20,39.5
"Ražanj","Vodanj",370,730,1100,2200,4410,3.5,6.5,9.5,19,38
"Ražanj","Kolari",350,700,1050,2100,4200,3,6,9,18,36
"Ražanj","Smederevo",330,670,1000,2010,4020,3,6,9,17.5,34.5
"Ražanj","Požarevac",330,660,990,1990,3970,3,6,8.5,17,34
"Ražanj","Velika Plana",250,500,760,1510,3020,2.5,4.5,6.5,13,26
"Ražanj","Markovac",220,440,660,1320,2640,2,4,6,11.5,23
"Ražanj","Lapovo",200,410,610,1220,2430,2,4,5.5,10.5,21
"Ražanj","Batočina",190,380,580,1150,2310,2,3.5,5,10,20
"Ražanj","Jagodina",130,270,400,800,1600,1.5,2.5,3.5,7,14
"Ražanj","Ćuprija",100,190,290,580,1170,1,2,2.5,5,10
"Ražanj","Paraćin",70,140,200,410,820,1,1.5,2,4,7.5
"Ražanj","Ćićevac",50,90,140,280,560,0.5,1,1.5,2.5,5
"Ražanj","Aleksinački Rudnici",60,110,170,340,690,1,1,1.5,3,6
"Ražanj","Aleksinac",70,140,210,430,850,1,1.5,2,4,7.5
"Ražanj","Niš jug",140,280,410,830,1660,1.5,2.5,4,7.5,14.5
"Ražanj","Doljevac",180,370,550,1100,2190,2,3.5,5,9.5,19
"Ražanj","Brestovac",200,400,600,1190,2390,2,3.5,5.5,10.5,20.5
"Ražanj","Leskovac centar",220,440,660,1310,2630,2,4,6,11.5,22.5
"Ražanj","Leskovac jug",260,530,790,1580,3160,2.5,5,7,13.5,27
"Ražanj","Grdelica",290,590,880,1760,3520,2.5,5.5,8,15.5,30.5
"Ražanj","Predejane",340,680,1010,2030,4060,3,6,9,17.5,35
"Ražanj","Vladičin Han",410,820,1220,2450,4890,4,7.5,10.5,21,42
"Ražanj","Vranje",470,940,1420,2830,5660,4.5,8.5,12.5,24.5,48.5
"Ražanj","Bujanovac sever",510,1020,1530,3060,6110,4.5,9,13.5,26.5,52.5
"Ražanj","Bujanovac jug",520,1040,1560,3120,6240,4.5,9,13.5,27,53.5
"Ražanj","Preševo",580,1150,1730,3460,6910,5,10,15,30,59.5
"Ražanj","Dimitrovgrad",450,900,1350,2700,5410,4,8,12,23.5,46.5
"Ražanj","Šid",710,1420,2140,4270,8540,6.5,12.5,19,37,73.5
"Ražanj","Adaševci",450,900,1360,2710,5420,4,8,12,23.5,46.5
"Ražanj","Kuzmin",650,1300,1950,3900,7790,6,11.5,17.5,34,67
"Ražanj","Sremska Mitrovica",590,1180,1780,3540,7090,5.5,10.5,16,31,61
"Ražanj","Ruma",560,1110,1680,3350,6690,5,10,15,29,57.5
"Ražanj","Pećinci",520,1040,1570,3130,6260,5,9.5,14,27.5,54
"Ražanj","Takovo",720,1440,2170,4330,8660,6.5,13,19,37.5,74.5
"Ražanj","Preljina jug",780,1560,2350,4690,9370,7,14,20.5,40.5,80.5
"Ražanj","Obrenovac",450,900,1360,2710,5420,4,8,12,23.5,46.5
"Ražanj","Ub",520,1050,1580,3150,6300,5,9.5,14,27.5,54.5
"Ražanj","Lajkovac",560,1120,1700,3380,6770,5,10,15,29.5,58.5
"Ražanj","Ljig",630,1260,1900,3790,7580,6,11.5,17,33,65
"Ražanj","Merošina",150,310,460,920,1850,1.5,3,4,8,16
"Ražanj","Niš sever",140,270,410,810,1620,1.5,2.5,4,7,14
"Ražanj","Niš istok",150,310,460,920,1840,1.5,3,4,8,16
"Ražanj","Niš Malča",170,350,520,1040,2080,1.5,3,4.5,9,18
"Ražanj","Bela Palanka",260,530,790,1590,3180,2.5,5,7,14,27.5
"Ražanj","Pirot zapad",330,670,1000,2010,4020,3,6,9,17.5,34.5
"Ražanj","Pirot istok",370,740,1110,2220,4440,3.5,6.5,9.5,19,38
"Ražanj","Čačak (Pakovraće)",810,1620,2440,4870,9730,7.5,14.5,21.5,42,83.5
"Ražanj","Hrtkovci",590,1180,1780,3540,7090,5.5,10.5,16,31,61
"Ražanj","Šabac",630,1250,1890,3770,7540,6,11,17,33,65
"Ražanj","Kruševac istok",100,200,290,590,1180,0.5,0.5,0.5,0.5,1
"Ražanj","Kruševac zapad",100,210,310,620,1240,1,2,3,5.5,11
"Ražanj","Koševi",120,240,360,720,1440,1.5,2.5,3.5,6.5,12.5
"Ražanj","Velika Drenova",140,280,420,850,1690,1.5,2.5,4,7.5,14.5
"Ražanj","Trstenik",180,360,540,1080,2160,2,3.5,5,9.5,18.5
"Ražanj","Vrnjačka Banja",210,420,640,1270,2550,2,4,5.5,11,22
"Ražanj","Lučani",880,1760,2650,5290,10580,8,15.5,23.5,46,91
"Ražanj","Prilipac",930,1850,2790,5570,11140,8.5,16.5,24.5,48,95.5
"Ražanj","Vrba",250,500,750,1500,3010,2.5,4.5,6.5,13,26
"Ražanj","Adrani",860,1710,2580,5140,10290,8,15,22.5,44.5,88.5
"Aleksinački Rudnici","Subotica",930,1870,2800,5600,11200,8.5,16.5,24.5,48.5,96
"Aleksinački Rudnici","Žednik",880,1750,2630,5260,10520,8,15.5,23,45.5,90.5
"Aleksinački Rudnici","Bačka Topola",840,1690,2530,5060,10110,7.5,15,22.5,44,87
"Aleksinački Rudnici","Feketić",790,1570,2360,4720,9440,7,14,21,41,81
"Aleksinački Rudnici","Vrbas",760,1520,2280,4560,9110,7,13.5,20,39.5,78.5
"Aleksinački Rudnici","Zmajevo",720,1450,2170,4350,8690,6.5,13,19,38,75
"Aleksinački Rudnici","Novi Sad",680,1360,2040,4080,8150,6,12,18,35.5,70
"Aleksinački Rudnici","Kovilj",630,1250,1880,3760,7520,6,11,16.5,32.5,65
"Aleksinački Rudnici","Beška",580,1170,1750,3500,6990,5.5,10.5,15.5,30.5,60.5
"Aleksinački Rudnici","Maradik",570,1140,1710,3430,6840,5.5,10.5,15.5,30,59
"Aleksinački Rudnici","Inđija",560,1120,1670,3350,6690,5,10,15,29,57.5
"Aleksinački Rudnici","Beograd",510,1020,1530,3060,6110,4.5,9,13.5,26.5,52.5
"Aleksinački Rudnici","Mali Požarevac",460,920,1380,2750,5500,4,8,12,23.5,47
"Aleksinački Rudnici","Umčari",440,880,1320,2650,5290,4,8,11.5,23,45.5
"Aleksinački Rudnici","Vodanj",420,850,1270,2550,5100,4,7.5,11,22,44
"Aleksinački Rudnici","Kolari",410,820,1220,2450,4890,4,7.5,10.5,21,42
"Aleksinački Rudnici","Smederevo",390,780,1180,2350,4710,3.5,7,10.5,20.5,40.5
"Aleksinački Rudnici","Požarevac",390,780,1160,2330,4660,3.5,7,10,20,40
"Aleksinački Rudnici","Velika Plana",310,620,930,1860,3710,3,5.5,8,16,32
"Aleksinački Rudnici","Markovac",280,560,830,1670,3330,2.5,5,7.5,14.5,28.5
"Aleksinački Rudnici","Lapovo",260,520,780,1560,3120,2.5,4.5,7,13.5,27
"Aleksinački Rudnici","Batočina",250,500,750,1500,3000,2.5,4.5,6.5,13,26
"Aleksinački Rudnici","Jagodina",190,380,570,1140,2290,2,3.5,5,10,20
"Aleksinački Rudnici","Ćuprija",150,310,460,930,1860,1.5,3,4,8,16
"Aleksinački Rudnici","Paraćin",130,250,380,750,1510,1.5,2.5,3.5,6.5,13
"Aleksinački Rudnici","Ćićevac",100,210,310,630,1250,1,2,3,5.5,11
"Aleksinački Rudnici","Ražanj",60,110,170,340,690,1,1,1.5,3,6
"Aleksinački Rudnici","Aleksinac",10,30,40,80,160,0.5,0.5,0.5,1,1.5
"Aleksinački Rudnici","Niš jug",80,160,240,480,970,1,1.5,2.5,4.5,8.5
"Aleksinački Rudnici","Doljevac",130,250,380,750,1500,1.5,2.5,3.5,6.5,13
"Aleksinački Rudnici","Brestovac",140,280,420,850,1700,1.5,2.5,4,7.5,15
"Aleksinački Rudnici","Leskovac centar",160,320,480,970,1940,1.5,3,4.5,8.5,17
"Aleksinački Rudnici","Leskovac jug",210,410,620,1230,2470,2,4,5.5,11,21.5
"Aleksinački Rudnici","Grdelica",240,470,710,1420,2830,2.5,4.5,6.5,12.5,24.5
"Aleksinački Rudnici","Predejane",280,560,840,1680,3370,2.5,5,7.5,14.5,29
"Aleksinački Rudnici","Vladičin Han",350,700,1050,2100,4200,3,6,9,18,36
"Aleksinački Rudnici","Vranje",410,830,1240,2490,4970,4,7.5,11,21.5,42.5
"Aleksinački Rudnici","Bujanovac sever",450,900,1360,2710,5430,4,8,12,23.5,46.5
"Aleksinački Rudnici","Bujanovac jug",460,930,1390,2780,5550,4,8,12,24,47.5
"Aleksinački Rudnici","Preševo",520,1040,1560,3110,6220,4.5,9,13.5,27,53.5
"Aleksinački Rudnici","Dimitrovgrad",390,790,1180,2360,4720,3.5,7,10.5,20.5,40.5
"Aleksinački Rudnici","Šid",770,1540,2310,4620,9230,7,13.5,20.5,40,79.5
"Aleksinački Rudnici","Adaševci",510,1020,1530,3060,6110,4.5,9,13.5,26.5,52.5
"Aleksinački Rudnici","Kuzmin",710,1420,2120,4250,8480,6.5,12.5,19,37,73
"Aleksinački Rudnici","Sremska Mitrovica",650,1300,1950,3890,7780,6,11.5,17.5,34,67
"Aleksinački Rudnici","Ruma",620,1230,1850,3700,7380,5.5,11,16.5,32,63.5
"Aleksinački Rudnici","Pećinci",580,1160,1740,3480,6950,5.5,10.5,15.5,30.5,60
"Aleksinački Rudnici","Takovo",780,1560,2340,4680,9350,7,14,20.5,40.5,80.5
"Aleksinački Rudnici","Preljina jug",840,1680,2520,5040,10060,7.5,15,22,43.5,86.5
"Aleksinački Rudnici","Obrenovac",510,1020,1530,3060,6110,4.5,9,13.5,26.5,52.5
"Aleksinački Rudnici","Ub",580,1170,1750,3500,6990,5.5,10.5,15.5,30.5,60.5
"Aleksinački Rudnici","Lajkovac",620,1240,1870,3730,7460,5.5,11,16.5,32.5,64.5
"Aleksinački Rudnici","Ljig",690,1380,2070,4140,8270,6.5,12.5,18.5,36,71
"Aleksinački Rudnici","Merošina",100,190,290,580,1160,1,2,2.5,5,10
"Aleksinački Rudnici","Niš sever",80,160,230,470,930,1,1.5,2,4.5,8
"Aleksinački Rudnici","Niš istok",100,190,290,580,1150,1,2,2.5,5,10
"Aleksinački Rudnici","Niš Malča",120,230,350,700,1400,1.5,2,3,6,12
"Aleksinački Rudnici","Bela Palanka",210,410,620,1240,2490,2,4,5.5,11,21.5
"Aleksinački Rudnici","Pirot zapad",280,550,830,1660,3330,2.5,5,7.5,14.5,28.5
"Aleksinački Rudnici","Pirot istok",310,620,940,1870,3750,3,5.5,8.5,16,32.5
"Aleksinački Rudnici","Čačak (Pakovraće)",870,1740,2610,5220,10420,8,15.5,23,45,89.5
"Aleksinački Rudnici","Hrtkovci",650,1300,1950,3890,7780,6,11.5,17.5,34,67
"Aleksinački Rudnici","Šabac",690,1370,2060,4120,8230,6.5,12,18.5,36,71
"Aleksinački Rudnici","Kruševac istok",160,310,470,930,1870,1.5,3,4.5,8,16
"Aleksinački Rudnici","Kruševac zapad",160,320,480,960,1930,1.5,3,4.5,8.5,16.5
"Aleksinački Rudnici","Koševi",180,360,530,1070,2130,2,3.5,5,9.5,18.5
"Aleksinački Rudnici","Velika Drenova",200,400,600,1190,2380,2,3.5,5.5,10.5,20.5
"Aleksinački Rudnici","Trstenik",240,470,710,1420,2850,2.5,4.5,6.5,12.5,24.5
"Aleksinački Rudnici","Vrnjačka Banja",270,540,810,1620,3240,2.5,5,7,14,28
"Aleksinački Rudnici","Lučani",940,1880,2820,5640,11270,8.5,16.5,25,49,97
"Aleksinački Rudnici","Prilipac",990,1970,2960,5920,11830,9,17.5,26,51,101.5
"Aleksinački Rudnici","Vrba",310,620,920,1850,3700,3,5.5,8,16,32
"Aleksinački Rudnici","Adrani",920,1830,2750,5490,10980,8.5,16,24,47.5,94.5
"Aleksinac","Subotica",940,1900,2840,5680,11360,8.5,16.5,24.5,49,97.5
"Aleksinac","Žednik",890,1780,2670,5340,10680,8,15.5,23,46,92
"Aleksinac","Bačka Topola",850,1720,2570,5140,10270,7.5,15,22.5,44.5,88.5
"Aleksinac","Feketić",800,1600,2400,4800,9600,7,14,21,41.5,82.5
"Aleksinac","Vrbas",770,1550,2320,4640,9270,7,13.5,20,40,80
"Aleksinac","Zmajevo",730,1480,2210,4430,8850,6.5,13,19,38.5,76.5
"Aleksinac","Novi Sad",690,1390,2080,4160,8310,6,12,18,36,71.5
"Aleksinac","Kovilj",640,1280,1920,3840,7680,6,11,16.5,33,66.5
"Aleksinac","Beška",590,1200,1790,3580,7150,5.5,10.5,15.5,31,62
"Aleksinac","Maradik",580,1170,1750,3510,7000,5.5,10.5,15.5,30.5,60.5
"Aleksinac","Inđija",570,1150,1710,3430,6850,5,10,15,29.5,59
"Aleksinac","Beograd",520,1050,1570,3140,6270,4.5,9,13.5,27,54
"Aleksinac","Mali Požarevac",470,940,1420,2830,5670,4.5,8.5,12.5,24.5,48.5
"Aleksinac","Umčari",450,910,1360,2730,5450,4,8,12,23.5,47
"Aleksinac","Vodanj",440,880,1310,2630,5260,4,8,11.5,22.5,45
"Aleksinac","Kolari",420,840,1260,2530,5060,4,7.5,11,22,43.5
"Aleksinac","Smederevo",410,810,1220,2440,4870,4,7,10.5,21,42
"Aleksinac","Požarevac",400,800,1210,2410,4820,3.5,7,10.5,21,41.5
"Aleksinac","Velika Plana",320,650,970,1940,3870,3,6,8.5,17,33.5
"Aleksinac","Markovac",290,580,870,1750,3490,2.5,5,7.5,15,30
"Aleksinac","Lapovo",270,550,820,1640,3290,2.5,5,7.5,14.5,28.5
"Aleksinac","Batočina",260,530,790,1580,3160,2.5,5,7,13.5,27
"Aleksinac","Jagodina",200,410,610,1220,2450,2,4,5.5,10.5,21
"Aleksinac","Ćuprija",170,340,500,1010,2020,1.5,3,4.5,9,17.5
"Aleksinac","Paraćin",140,280,420,830,1670,1.5,2.5,4,7.5,14.5
"Aleksinac","Ćićevac",120,240,350,710,1410,1.5,2.5,3,6.5,12.5
"Aleksinac","Ražanj",70,140,210,430,850,1,1.5,2,4,7.5
"Aleksinac","Aleksinački Rudnici",10,30,40,80,160,0.5,0.5,0.5,1,1.5
"Aleksinac","Niš jug",70,130,200,400,800,1,1.5,2,3.5,7
"Aleksinac","Doljevac",110,220,340,670,1340,1,2,3,6,11.5
"Aleksinac","Brestovac",130,260,380,770,1540,1.5,2.5,3.5,7,13.5
"Aleksinac","Leskovac centar",150,300,440,890,1780,1.5,3,4,8,15.5
"Aleksinac","Leskovac jug",190,380,580,1150,2300,2,3.5,5,10,20
"Aleksinac","Grdelica",220,450,670,1340,2670,2,4,6,11.5,23
"Aleksinac","Predejane",270,530,800,1600,3210,2.5,5,7,14,27.5
"Aleksinac","Vladičin Han",340,670,1010,2020,4040,3,6,9,17.5,35
"Aleksinac","Vranje",400,800,1200,2410,4810,3.5,7,10.5,21,41.5
"Aleksinac","Bujanovac sever",440,880,1320,2630,5260,4,8,11.5,22.5,45
"Aleksinac","Bujanovac jug",450,900,1350,2690,5390,4,8,12,23,46.5
"Aleksinac","Preševo",510,1010,1520,3030,6060,4.5,9,13,26,52
"Aleksinac","Dimitrovgrad",380,760,1140,2280,4560,3.5,6.5,10,19.5,39
"Aleksinac","Šid",780,1570,2350,4700,9390,7,13.5,20.5,40.5,81
"Aleksinac","Adaševci",520,1050,1570,3140,6270,4.5,9,13.5,27,54
"Aleksinac","Kuzmin",720,1450,2160,4330,8640,6.5,12.5,19,37.5,74.5
"Aleksinac","Sremska Mitrovica",660,1330,1990,3970,7940,6,11.5,17.5,34.5,68.5
"Aleksinac","Ruma",630,1260,1890,3780,7540,5.5,11,16.5,32.5,65
"Aleksinac","Pećinci",590,1190,1780,3560,7110,5.5,10.5,15.5,31,61.5
"Aleksinac","Takovo",790,1590,2380,4760,9510,7,14,20.5,41,82
"Aleksinac","Preljina jug",850,1710,2560,5120,10220,7.5,15,22,44,88
"Aleksinac","Obrenovac",520,1050,1570,3140,6270,4.5,9,13.5,27,54
"Aleksinac","Ub",590,1200,1790,3580,7150,5.5,10.5,15.5,31,62
"Aleksinac","Lajkovac",630,1270,1910,3810,7620,5.5,11,16.5,33,66
"Aleksinac","Ljig",700,1410,2110,4220,8430,6.5,12.5,18.5,36.5,72.5
"Aleksinac","Merošina",80,170,250,500,1000,1,1.5,2.5,4.5,9
"Aleksinac","Niš sever",60,130,190,380,770,1,1.5,2,3.5,7
"Aleksinac","Niš istok",80,160,250,490,990,1,1.5,2.5,4.5,8.5
"Aleksinac","Niš Malča",100,210,310,620,1230,1,2,3,5.5,11
"Aleksinac","Bela Palanka",190,390,580,1160,2320,2,3.5,5,10,20
"Aleksinac","Pirot zapad",260,530,790,1580,3160,2.5,5,7,13.5,27
"Aleksinac","Pirot istok",300,600,900,1790,3590,3,5.5,8,15.5,31
"Aleksinac","Čačak (Pakovraće)",880,1770,2650,5300,10580,8,15.5,23,45.5,91
"Aleksinac","Hrtkovci",660,1330,1990,3970,7940,6,11.5,17.5,34.5,68.5
"Aleksinac","Šabac",700,1400,2100,4200,8390,6.5,12,18.5,36.5,72.5
"Aleksinac","Kruševac istok",170,340,510,1020,2030,1.5,3,4.5,9,17.5
"Aleksinac","Kruševac zapad",170,350,520,1040,2090,1.5,3,4.5,9,18
"Aleksinac","Koševi",190,380,570,1150,2290,2,3.5,5,10,20
"Aleksinac","Velika Drenova",210,420,640,1270,2550,2,4,5.5,11,22
"Aleksinac","Trstenik",250,500,750,1500,3010,2.5,4.5,6.5,13,26
"Aleksinac","Vrnjačka Banja",280,570,850,1700,3400,2.5,5,7.5,15,29.5
"Aleksinac","Lučani",950,1910,2860,5720,11430,8.5,16.5,25,49.5,98.5
"Aleksinac","Prilipac",1000,2000,3000,6000,11990,9,17.5,26,51.5,103
"Aleksinac","Vrba",320,640,960,1930,3860,3,5.5,8.5,16.5,33
"Aleksinac","Adrani",930,1860,2790,5570,11140,8.5,16,24,48,96
"Niš jug","Subotica",1010,2030,3040,6080,12170,9.5,18,26.5,52.5,104
"Niš jug","Žednik",960,1910,2870,5740,11490,9,17,25,49.5,98.5
"Niš jug","Bačka Topola",920,1850,2770,5540,11080,8.5,16.5,24.5,48,95
"Niš jug","Feketić",870,1730,2600,5200,10410,8,15.5,23,45,89
"Niš jug","Vrbas",840,1680,2520,5040,10080,8,15,22,43.5,86.5
"Niš jug","Zmajevo",800,1610,2410,4830,9660,7.5,14.5,21,42,83
"Niš jug","Novi Sad",760,1520,2280,4560,9120,7,13.5,20,39.5,78
"Niš jug","Kovilj",710,1410,2120,4240,8490,7,12.5,18.5,36.5,73
"Niš jug","Beška",660,1330,1990,3980,7960,6.5,12,17.5,34.5,68.5
"Niš jug","Maradik",650,1300,1950,3910,7810,6.5,12,17.5,34,67
"Niš jug","Inđija",640,1280,1910,3830,7660,6,11.5,17,33,65.5
"Niš jug","Beograd",590,1180,1770,3540,7080,5.5,10.5,15.5,30.5,60.5
"Niš jug","Mali Požarevac",540,1080,1620,3240,6470,5,9.5,14,28,55.5
"Niš jug","Umčari",520,1040,1560,3130,6260,4.5,9,13.5,27,53.5
"Niš jug","Vodanj",510,1010,1520,3030,6060,4.5,9,13,26,52
"Niš jug","Kolari",490,980,1470,2930,5860,4.5,8.5,13,25.5,50.5
"Niš jug","Smederevo",470,950,1420,2840,5680,4.5,8.5,12.5,24.5,49
"Niš jug","Požarevac",470,940,1410,2810,5630,4.5,8.5,12.5,24.5,48.5
"Niš jug","Velika Plana",390,780,1170,2340,4680,3.5,7,10,20,40
"Niš jug","Markovac",360,720,1070,2150,4300,3.5,6.5,9.5,18.5,37
"Niš jug","Lapovo",340,680,1020,2050,4090,3,6,9,18,35
"Niš jug","Batočina",330,660,990,1980,3970,3,6,8.5,17,34
"Niš jug","Jagodina",270,540,810,1630,3250,2.5,5,7,14,28
"Niš jug","Ćuprija",240,470,710,1410,2820,2.5,4.5,6.5,12.5,24.5
"Niš jug","Paraćin",210,410,620,1240,2470,2,4,5.5,11,21.5
"Niš jug","Ćićevac",180,370,550,1110,2220,2,3.5,5,9.5,19
"Niš jug","Ražanj",140,280,410,830,1660,1.5,2.5,4,7.5,14.5
"Niš jug","Aleksinački Rudnici",80,160,240,480,970,1,1.5,2.5,4.5,8.5
"Niš jug","Aleksinac",70,130,200,400,800,1,1.5,2,3.5,7
"Niš jug","Doljevac",40,90,130,270,540,0.5,1,1.5,2.5,5
"Niš jug","Brestovac",60,120,180,370,730,1,1.5,2,3.5,6.5
"Niš jug","Leskovac centar",80,160,240,490,970,1,1.5,2.5,4.5,8.5
"Niš jug","Leskovac jug",120,250,370,750,1500,1.5,2.5,3.5,6.5,13
"Niš jug","Grdelica",160,310,470,930,1870,1.5,3,4.5,8,16
"Niš jug","Predejane",200,400,600,1200,2400,2,3.5,5.5,10.5,21
"Niš jug","Vladičin Han",270,540,810,1620,3240,2.5,5,7,14,28
"Niš jug","Vranje",330,670,1000,2000,4010,3,6,9,17.5,34.5
"Niš jug","Bujanovac sever",370,740,1110,2230,4460,3.5,6.5,9.5,19.5,38.5
"Niš jug","Bujanovac jug",380,760,1150,2290,4580,3.5,6.5,10,20,39.5
"Niš jug","Preševo",440,880,1310,2630,5260,4,8,11.5,22.5,45
"Niš jug","Dimitrovgrad",330,660,1000,1990,3980,3,6,9,17,34
"Niš jug","Šid",850,1700,2550,5100,10200,8,15,22.5,44,87.5
"Niš jug","Adaševci",590,1180,1770,3540,7080,5.5,10.5,15.5,30.5,60.5
"Niš jug","Kuzmin",790,1580,2360,4730,9450,7.5,14,21,41,81
"Niš jug","Sremska Mitrovica",730,1460,2190,4370,8750,7,13,19.5,38,75
"Niš jug","Ruma",700,1390,2090,4180,8350,6.5,12.5,18.5,36,71.5
"Niš jug","Pećinci",660,1320,1980,3960,7920,6.5,12,17.5,34.5,68
"Niš jug","Takovo",860,1720,2580,5160,10320,8,15.5,22.5,44.5,88.5
"Niš jug","Preljina jug",920,1840,2760,5520,11030,8.5,16.5,24,47.5,94.5
"Niš jug","Obrenovac",590,1180,1770,3540,7080,5.5,10.5,15.5,30.5,60.5
"Niš jug","Ub",660,1330,1990,3980,7960,6.5,12,17.5,34.5,68.5
"Niš jug","Lajkovac",700,1400,2110,4210,8430,6.5,12.5,18.5,36.5,72.5
"Niš jug","Ljig",770,1540,2310,4620,9240,7.5,14,20.5,40,79
"Niš jug","Merošina",20,30,50,100,190,0.5,0.5,0.5,1,2
"Niš jug","Niš sever",20,30,50,100,200,0.5,0.5,0.5,1,2
"Niš jug","Niš istok",30,70,100,210,420,0.5,1,1,2,4
"Niš jug","Niš Malča",60,110,170,330,660,1,1,1.5,3,6
"Niš jug","Bela Palanka",150,290,440,880,1750,1.5,2.5,4,8,15
"Niš jug","Pirot zapad",220,430,650,1300,2590,2,4,6,11.5,22.5
"Niš jug","Pirot istok",250,500,750,1510,3010,2.5,4.5,6.5,13,26
"Niš jug","Čačak (Pakovraće)",950,1900,2850,5700,11390,9,17,25,49,97.5
"Niš jug","Hrtkovci",730,1460,2190,4370,8750,7,13,19.5,38,75
"Niš jug","Šabac",770,1530,2300,4600,9200,7.5,13.5,20.5,40,79
"Niš jug","Kruševac istok",240,470,710,1420,2840,2.5,4.5,6.5,12.5,24.5
"Niš jug","Kruševac zapad",240,480,720,1450,2890,2.5,4.5,6.5,12.5,25
"Niš jug","Koševi",260,520,770,1550,3100,2.5,4.5,7,13.5,26.5
"Niš jug","Velika Drenova",280,560,840,1680,3350,2.5,5,7.5,14.5,29
"Niš jug","Trstenik",320,640,950,1910,3810,3,5.5,8.5,16.5,33
"Niš jug","Vrnjačka Banja",350,700,1050,2100,4200,3,6,9,18,36
"Niš jug","Lučani",1020,2040,3060,6120,12240,9.5,18,27,53,105
"Niš jug","Prilipac",1070,2130,3200,6400,12800,10,19,28,55,109.5
"Niš jug","Vrba",390,780,1170,2330,4660,3.5,7,10,20,40
"Niš jug","Adrani",1000,1990,2990,5970,11950,9.5,17.5,26,51.5,102.5
"Doljevac","Subotica",1050,2120,3170,6350,12710,10,19,28,55,109
"Doljevac","Žednik",1000,2000,3000,6010,12030,9.5,18,26.5,52,103.5
"Doljevac","Bačka Topola",960,1940,2900,5810,11620,9,17.5,26,50.5,100
"Doljevac","Feketić",910,1820,2730,5470,10950,8.5,16.5,24.5,47.5,94
"Doljevac","Vrbas",880,1770,2650,5310,10620,8.5,16,23.5,46,91.5
"Doljevac","Zmajevo",840,1700,2540,5100,10200,8,15.5,22.5,44.5,88
"Doljevac","Novi Sad",800,1610,2410,4830,9660,7.5,14.5,21.5,42,83
"Doljevac","Kovilj",750,1500,2250,4510,9030,7.5,13.5,20,39,78
"Doljevac","Beška",700,1420,2120,4250,8500,7,13,19,37,73.5
"Doljevac","Maradik",690,1390,2080,4180,8350,7,13,19,36.5,72
"Doljevac","Inđija",680,1370,2040,4100,8200,6.5,12.5,18.5,35.5,70.5
"Doljevac","Beograd",630,1270,1900,3810,7610,5.5,11,16.5,33,65.5
"Doljevac","Mali Požarevac",580,1170,1750,3500,7010,5,10,15,30,60
"Doljevac","Umčari",570,1130,1700,3400,6790,5,10,15,29.5,58.5
"Doljevac","Vodanj",550,1100,1650,3300,6600,5,9.5,14.5,28.5,56.5
"Doljevac","Kolari",530,1070,1600,3200,6400,5,9.5,14,27.5,55
"Doljevac","Smederevo",520,1040,1550,3110,6210,4.5,9,13.5,27,53.5
"Doljevac","Požarevac",510,1030,1540,3080,6160,4.5,9,13.5,26.5,53
"Doljevac","Velika Plana",430,870,1300,2610,5220,4,7.5,11.5,22.5,45
"Doljevac","Markovac",400,810,1210,2420,4840,3.5,7,10.5,21,41.5
"Doljevac","Lapovo",390,770,1160,2310,4630,3.5,7,10,20,40
"Doljevac","Batočina",380,750,1130,2250,4500,3.5,6.5,10,19.5,38.5
"Doljevac","Jagodina",320,630,950,1890,3790,3,5.5,8.5,16.5,32.5
"Doljevac","Ćuprija",280,560,840,1680,3360,2.5,5,7.5,14.5,29
"Doljevac","Paraćin",250,500,750,1500,3010,2.5,4.5,6.5,13,26
"Doljevac","Ćićevac",230,460,690,1380,2750,2,4,6,12,23.5
"Doljevac","Ražanj",180,370,550,1100,2190,2,3.5,5,9.5,19
"Doljevac","Aleksinački Rudnici",130,250,380,750,1500,1.5,2.5,3.5,6.5,13
"Doljevac","Aleksinac",110,220,340,670,1340,1,2,3,6,11.5
"Doljevac","Niš jug",40,90,130,270,540,0.5,1,1.5,2.5,5
"Doljevac","Brestovac",20,30,50,100,200,0.5,0.5,0.5,1,2
"Doljevac","Leskovac centar",40,70,110,220,430,0.5,1,1,2,4
"Doljevac","Leskovac jug",80,160,240,480,960,1,1.5,2.5,4.5,8.5
"Doljevac","Grdelica",110,220,330,660,1330,1,2,3,6,11.5
"Doljevac","Predejane",160,310,470,930,1860,1.5,3,4.5,8,16
"Doljevac","Vladičin Han",220,450,670,1350,2700,2,4,6,12,23.5
"Doljevac","Vranje",290,580,870,1740,3470,2.5,5,7.5,15,30
"Doljevac","Bujanovac sever",330,650,980,1960,3920,3,6,8.5,17,33.5
"Doljevac","Bujanovac jug",340,670,1010,2020,4050,3,6,9,17.5,35
"Doljevac","Preševo",390,790,1180,2360,4720,3.5,7,10.5,20.5,40.5
"Doljevac","Dimitrovgrad",380,750,1130,2260,4520,3.5,6.5,10,19.5,39
"Doljevac","Šid",890,1790,2680,5370,10740,8.5,16,24,46.5,92.5
"Doljevac","Adaševci",40,90,130,270,540,0.5,1,1.5,2.5,5
"Doljevac","Kuzmin",830,1670,2490,5000,9990,8,15,22.5,43.5,86
"Doljevac","Sremska Mitrovica",770,1550,2320,4640,9290,7.5,14,21,40.5,80
"Doljevac","Ruma",740,1480,2220,4450,8890,7,13.5,20,38.5,76.5
"Doljevac","Pećinci",700,1410,2110,4230,8460,7,13,19,37,73
"Doljevac","Takovo",900,1810,2710,5430,10860,8.5,16.5,24,47,93.5
"Doljevac","Preljina jug",960,1930,2890,5790,11570,9,17.5,25.5,50,99.5
"Doljevac","Obrenovac",630,1270,1900,3810,7620,6,11.5,17,33,65.5
"Doljevac","Ub",700,1420,2120,4250,8500,7,13,19,37,73.5
"Doljevac","Lajkovac",740,1490,2240,4480,8970,7,13.5,20,39,77.5
"Doljevac","Ljig",810,1630,2440,4890,9780,8,15,22,42.5,84
"Doljevac","Merošina",30,60,90,170,350,0.5,1,1,1.5,3
"Doljevac","Niš sever",60,120,180,370,730,1,1.5,2,3.5,6.5
"Doljevac","Niš istok",80,160,240,480,950,1,1.5,2.5,4.5,8.5
"Doljevac","Niš Malča",100,200,300,600,1200,1,2,3,5.5,10.5
"Doljevac","Bela Palanka",190,380,570,1140,2290,2,3.5,5,10,20
"Doljevac","Pirot zapad",260,520,780,1560,3130,2.5,4.5,7,13.5,27
"Doljevac","Pirot istok",300,590,890,1770,3550,3,5.5,8,15.5,30.5
"Doljevac","Čačak (Pakovraće)",990,1990,2980,5970,11920,9,17.5,26,51.5,102.5
"Doljevac","Hrtkovci",770,1550,2320,4640,9280,7,13.5,20.5,40.5,80
"Doljevac","Šabac",810,1620,2430,4870,9730,7.5,14,21.5,42.5,84
"Doljevac","Kruševac istok",280,560,840,1690,3370,2.5,5,7.5,14.5,29
"Doljevac","Kruševac zapad",290,570,860,1720,3430,2.5,5,7.5,15,29.5
"Doljevac","Koševi",300,610,910,1820,3630,3,5.5,8,16,31.5
"Doljevac","Velika Drenova",320,650,970,1940,3890,3,6,8.5,17,33.5
"Doljevac","Trstenik",360,720,1090,2170,4350,3.5,6.5,9.5,19,37.5
"Doljevac","Vrnjačka Banja",390,790,1180,2370,4740,3.5,7,10.5,20.5,40.5
"Doljevac","Lučani",1060,2130,3190,6390,12770,9.5,18.5,28,55.5,110
"Doljevac","Prilipac",1110,2220,3330,6670,13330,10,19.5,29,57.5,114.5
"Doljevac","Vrba",430,870,1300,2600,5200,4,7.5,11.5,22.5,44.5
"Doljevac","Adrani",1040,2080,3120,6240,12480,9.5,18,27,54,107.5
"Brestovac","Subotica",1070,2150,3220,6450,12900,10.5,19.5,28.5,56,110.5
"Brestovac","Žednik",1020,2030,3050,6110,12220,10,18.5,27,53,105
"Brestovac","Bačka Topola",980,1970,2950,5910,11810,9.5,18,26.5,51.5,101.5
"Brestovac","Feketić",930,1850,2780,5570,11140,9,17,25,48.5,95.5
"Brestovac","Vrbas",900,1800,2700,5410,10810,9,16.5,24,47,93
"Brestovac","Zmajevo",860,1730,2590,5200,10390,8.5,16,23,45.5,89.5
"Brestovac","Novi Sad",820,1640,2460,4930,9850,8,15,22,43,84.5
"Brestovac","Kovilj",770,1530,2300,4610,9220,8,14,20.5,40,79.5
"Brestovac","Beška",720,1450,2170,4350,8690,7.5,13.5,19.5,38,75
"Brestovac","Maradik",710,1420,2130,4280,8540,7.5,13.5,19.5,37.5,73.5
"Brestovac","Inđija",700,1400,2090,4200,8390,7,13,19,36.5,72
"Brestovac","Beograd",650,1300,1950,3910,7810,6,11.5,17,33.5,67
"Brestovac","Mali Požarevac",600,1200,1800,3600,7200,5.5,10.5,15.5,31,62
"Brestovac","Umčari",580,1170,1750,3500,6990,5,10,15,30,60
"Brestovac","Vodanj",570,1130,1700,3400,6800,5,10,15,29.5,58.5
"Brestovac","Kolari",550,1100,1650,3300,6590,5,9.5,14.5,28.5,56.5
"Brestovac","Smederevo",530,1070,1600,3200,6410,5,9.5,14,27.5,55
"Brestovac","Požarevac",530,1060,1590,3180,6360,5,9.5,14,27.5,54.5
"Brestovac","Velika Plana",450,900,1350,2710,5410,4,8,12,23.5,46.5
"Brestovac","Markovac",420,840,1260,2520,5030,4,7.5,11,22,43
"Brestovac","Lapovo",400,800,1210,2410,4820,3.5,7,10.5,21,41.5
"Brestovac","Batočina",390,780,1170,2350,4700,3.5,7,10,20.5,40.5
"Brestovac","Jagodina",330,660,1000,1990,3980,3,6,9,17,34
"Brestovac","Ćuprija",300,590,890,1780,3560,3,5.5,8,15.5,30.5
"Brestovac","Paraćin",270,530,800,1600,3210,2.5,5,7,14,27.5
"Brestovac","Ćićevac",250,490,740,1480,2950,2.5,4.5,6.5,13,25.5
"Brestovac","Ražanj",200,400,600,1190,2390,2,3.5,5.5,10.5,20.5
"Brestovac","Aleksinački Rudnici",140,280,420,850,1700,1.5,2.5,4,7.5,15
"Brestovac","Aleksinac",130,260,380,770,1540,1.5,2.5,3.5,7,13.5
"Brestovac","Niš jug",60,120,180,370,730,1,1.5,2,3.5,6.5
"Brestovac","Doljevac",20,30,50,100,200,0.5,0.5,0.5,1,2
"Brestovac","Leskovac centar",20,40,60,120,240,0.5,0.5,1,1.5,2.5
"Brestovac","Leskovac jug",60,130,190,380,770,1,1.5,2,3.5,7
"Brestovac","Grdelica",90,190,280,570,1130,1,2,2.5,5,10
"Brestovac","Predejane",140,280,420,830,1670,1.5,2.5,4,7.5,14.5
"Brestovac","Vladičin Han",210,420,630,1250,2500,2,4,5.5,11,21.5
"Brestovac","Vranje",270,550,820,1640,3280,2.5,5,7.5,14.5,28.5
"Brestovac","Bujanovac sever",310,620,930,1860,3730,3,5.5,8,16,32
"Brestovac","Bujanovac jug",320,640,960,1930,3850,3,5.5,8.5,16.5,33
"Brestovac","Preševo",380,750,1130,2260,4520,3.5,6.5,10,19.5,39
"Brestovac","Dimitrovgrad",390,790,1180,2360,4720,3.5,7,10.5,20.5,40.5
"Brestovac","Šid",910,1820,2730,5470,10930,9,16.5,24.5,47.5,94
"Brestovac","Adaševci",60,120,180,370,730,1,1.5,2,3.5,6.5
"Brestovac","Kuzmin",850,1700,2540,5100,10180,8.5,15.5,23,44.5,87.5
"Brestovac","Sremska Mitrovica",790,1580,2370,4740,9480,8,14.5,21.5,41.5,81.5
"Brestovac","Ruma",760,1510,2270,4550,9080,7.5,14,20.5,39.5,78
"Brestovac","Pećinci",720,1440,2160,4330,8650,7.5,13.5,19.5,38,74.5
"Brestovac","Takovo",920,1840,2760,5530,11050,9,17,24.5,48,95
"Brestovac","Preljina jug",980,1960,2940,5890,11760,9.5,18,26,51,101
"Brestovac","Obrenovac",650,1300,1950,3910,7810,6.5,12,17.5,34,67
"Brestovac","Ub",720,1450,2170,4350,8690,7.5,13.5,19.5,38,75
"Brestovac","Lajkovac",760,1520,2290,4580,9160,7.5,14,20.5,40,79
"Brestovac","Ljig",830,1660,2490,4990,9970,8.5,15.5,22.5,43.5,85.5
"Brestovac","Merošina",50,90,140,270,540,0.5,1,1.5,2.5,5
"Brestovac","Niš sever",80,150,230,460,930,1,1.5,2,4,8
"Brestovac","Niš istok",100,190,290,570,1150,1,2,2.5,5,10
"Brestovac","Niš Malča",120,230,350,700,1390,1.5,2,3,6,12
"Brestovac","Bela Palanka",210,410,620,1240,2490,2,4,5.5,11,21.5
"Brestovac","Pirot zapad",280,550,830,1660,3320,2.5,5,7.5,14.5,28.5
"Brestovac","Pirot istok",310,620,940,1870,3750,3,5.5,8.5,16,32.5
"Brestovac","Čačak (Pakovraće)",1010,2020,3030,6070,12120,9.5,18,26.5,52,104
"Brestovac","Hrtkovci",790,1580,2370,4740,9480,7.5,14,21,41,81.5
"Brestovac","Šabac",830,1650,2480,4970,9930,8,14.5,22,43,85.5
"Brestovac","Kruševac istok",300,590,890,1780,3570,3,5.5,8,15.5,30.5
"Brestovac","Kruševac zapad",300,600,910,1810,3630,3,5.5,8,15.5,31.5
"Brestovac","Koševi",320,640,960,1920,3830,3,5.5,8.5,16.5,33
"Brestovac","Velika Drenova",340,680,1020,2040,4080,3,6,9,17.5,35
"Brestovac","Trstenik",380,760,1140,2270,4550,3.5,6.5,10,19.5,39
"Brestovac","Vrnjačka Banja",410,820,1230,2470,4940,4,7.5,11,21.5,42.5
"Brestovac","Lučani",1080,2160,3240,6490,12970,10,19,28.5,56,111.5
"Brestovac","Prilipac",1130,2250,3380,6770,13530,10.5,20,29.5,58,116
"Brestovac","Vrba",450,900,1350,2700,5390,4,8,12,23.5,46.5
"Brestovac","Adrani",1060,2110,3170,6340,12680,10,18.5,27.5,54.5,109
"Leskovac centar","Subotica",1090,2190,3280,6570,13140,10.5,19.5,29,57,112.5
"Leskovac centar","Žednik",1040,2070,3110,6230,12460,10,18.5,27.5,54,107
"Leskovac centar","Bačka Topola",1000,2010,3010,6030,12050,9.5,18,27,52.5,103.5
"Leskovac centar","Feketić",950,1890,2840,5690,11380,9,17,25.5,49.5,97.5
"Leskovac centar","Vrbas",920,1840,2760,5530,11050,9,16.5,24.5,48,95
"Leskovac centar","Zmajevo",880,1770,2650,5320,10630,8.5,16,23.5,46.5,91.5
"Leskovac centar","Novi Sad",840,1680,2520,5050,10090,8,15,22.5,44,86.5
"Leskovac centar","Kovilj",790,1570,2360,4730,9460,8,14,21,41,81.5
"Leskovac centar","Beška",740,1490,2230,4470,8930,7.5,13.5,20,39,77
"Leskovac centar","Maradik",730,1460,2190,4400,8780,7.5,13.5,20,38.5,75.5
"Leskovac centar","Inđija",720,1440,2150,4320,8630,7,13,19.5,37.5,74
"Leskovac centar","Beograd",670,1340,2010,4020,8050,6,11.5,17.5,34.5,69
"Leskovac centar","Mali Požarevac",620,1240,1860,3720,7440,5.5,11,16,32,64
"Leskovac centar","Umčari",600,1200,1810,3610,7230,5.5,10.5,15.5,31,62
"Leskovac centar","Vodanj",590,1170,1760,3520,7040,5.5,10,15.5,30.5,60.5
"Leskovac centar","Kolari",570,1140,1710,3420,6830,5,10,15,29.5,58.5
"Leskovac centar","Smederevo",550,1110,1660,3320,6650,5,9.5,14.5,28.5,57
"Leskovac centar","Požarevac",550,1100,1650,3300,6600,5,9.5,14.5,28.5,56.5
"Leskovac centar","Velika Plana",470,940,1410,2820,5650,4.5,8.5,12.5,24.5,48.5
"Leskovac centar","Markovac",440,880,1320,2630,5270,4,8,11.5,22.5,45.5
"Leskovac centar","Lapovo",420,840,1270,2530,5060,4,7.5,11,22,43.5
"Leskovac centar","Batočina",410,820,1230,2470,4940,4,7.5,11,21.5,42.5
"Leskovac centar","Jagodina",350,700,1060,2110,4220,3,6,9.5,18.5,36.5
"Leskovac centar","Ćuprija",320,630,950,1900,3790,3,5.5,8.5,16.5,32.5
"Leskovac centar","Paraćin",290,570,860,1720,3440,2.5,5,7.5,15,29.5
"Leskovac centar","Ćićevac",270,530,800,1590,3190,2.5,5,7,14,27.5
"Leskovac centar","Ražanj",220,440,660,1310,2630,2,4,6,11.5,22.5
"Leskovac centar","Aleksinački Rudnici",160,320,480,970,1940,1.5,3,4.5,8.5,17
"Leskovac centar","Aleksinac",150,300,440,890,1780,1.5,3,4,8,15.5
"Leskovac centar","Niš jug",80,160,240,490,970,1,1.5,2.5,4.5,8.5
"Leskovac centar","Doljevac",40,70,110,220,430,0.5,1,1,2,4
"Leskovac centar","Brestovac",20,40,60,120,240,0.5,0.5,1,1.5,2.5
"Leskovac centar","Leskovac jug",40,90,130,260,530,0.5,1,1.5,2.5,5
"Leskovac centar","Grdelica",70,150,220,450,890,1,1.5,2,4,8
"Leskovac centar","Predejane",120,240,360,710,1430,1.5,2.5,3.5,6.5,12.5
"Leskovac centar","Vladičin Han",190,380,570,1130,2270,2,3.5,5,10,19.5
"Leskovac centar","Vranje",250,510,760,1520,3040,2.5,4.5,6.5,13,26
"Leskovac centar","Bujanovac sever",290,580,870,1740,3490,2.5,5,7.5,15,30
"Leskovac centar","Bujanovac jug",300,600,900,1810,3610,3,5.5,8,15.5,31
"Leskovac centar","Preševo",360,710,1070,2140,4290,3.5,6.5,9.5,18.5,37
"Leskovac centar","Dimitrovgrad",410,830,1240,2480,4950,4,7.5,11,21.5,42.5
"Leskovac centar","Šid",930,1860,2790,5590,11170,9,16.5,25,48.5,96
"Leskovac centar","Adaševci",80,160,240,490,970,1,1.5,2.5,4.5,8.5
"Leskovac centar","Kuzmin",870,1740,2600,5220,10420,8.5,15.5,23.5,45.5,89.5
"Leskovac centar","Sremska Mitrovica",810,1620,2430,4860,9720,8,14.5,22,42.5,83.5
"Leskovac centar","Ruma",780,1550,2330,4670,9320,7.5,14,21,40.5,80
"Leskovac centar","Pećinci",740,1480,2220,4450,8890,7.5,13.5,20,39,76.5
"Leskovac centar","Takovo",940,1880,2820,5650,11290,9,17,25,49,97
"Leskovac centar","Preljina jug",940,1880,2820,5650,11290,9,17,25,49,97
"Leskovac centar","Obrenovac",670,1340,2010,4030,8050,6.5,12,18,35,69
"Leskovac centar","Ub",740,1490,2230,4470,8930,7.5,13.5,20,39,77
"Leskovac centar","Lajkovac",780,1560,2350,4700,9400,7.5,14,21,41,81
"Leskovac centar","Ljig",850,1700,2550,5110,10210,8.5,15.5,23,44.5,87.5
"Leskovac centar","Merošina",70,130,200,390,780,1,1.5,2,3.5,7
"Leskovac centar","Niš sever",100,190,290,580,1170,1,2,2.5,5,10
"Leskovac centar","Niš istok",120,230,350,690,1390,1.5,2,3,6,12
"Leskovac centar","Niš Malča",140,270,410,820,1630,1.5,2.5,4,7.5,14
"Leskovac centar","Bela Palanka",230,450,680,1360,2720,2,4,6,12,23.5
"Leskovac centar","Pirot zapad",300,590,890,1780,3560,3,5.5,8,15.5,30.5
"Leskovac centar","Pirot istok",330,660,1000,1990,3980,3,6,9,17,34
"Leskovac centar","Čačak (Pakovraće)",1030,2060,3090,6180,12360,9.5,18,27,53,106
"Leskovac centar","Hrtkovci",810,1620,2430,4850,9720,7.5,14,21.5,42,83.5
"Leskovac centar","Šabac",850,1690,2540,5080,10170,8,14.5,22.5,44,87.5
"Leskovac centar","Kruševac istok",320,630,950,1900,3810,3,5.5,8.5,16.5,33
"Leskovac centar","Kruševac zapad",320,640,970,1930,3860,3,5.5,8.5,16.5,33
"Leskovac centar","Koševi",340,680,1020,2030,4070,3,6,9,17.5,35
"Leskovac centar","Velika Drenova",360,720,1080,2160,4320,3.5,6.5,9.5,18.5,37
"Leskovac centar","Trstenik",400,800,1200,2390,4780,3.5,7,10.5,20.5,41
"Leskovac centar","Vrnjačka Banja",430,860,1290,2590,5170,4,7.5,11.5,22.5,44.5
"Leskovac centar","Lučani",1100,2200,3300,6600,13210,10,19,29,57,113.5
"Leskovac centar","Prilipac",1150,2290,3440,6880,13770,10.5,20,30,59,118
"Leskovac centar","Vrba",470,940,1410,2820,5630,4.5,8.5,12.5,24.5,48.5
"Leskovac centar","Adrani",1080,2150,3230,6450,12920,10,18.5,28,55.5,111
"Leskovac jug","Subotica",1130,2280,3410,6830,13670,11,20.5,30,59,117
"Leskovac jug","Žednik",1080,2160,3240,6490,12990,10.5,19.5,28.5,56,111.5
"Leskovac jug","Bačka Topola",1040,2100,3140,6290,12580,10,19,28,54.5,108
"Leskovac jug","Feketić",990,1980,2970,5950,11910,9.5,18,26.5,51.5,102
"Leskovac jug","Vrbas",960,1930,2890,5790,11580,9.5,17.5,25.5,50,99.5
"Leskovac jug","Zmajevo",920,1860,2780,5580,11160,9,17,24.5,48.5,96
"Leskovac jug","Novi Sad",880,1770,2650,5310,10620,8.5,16,23.5,46,91
"Leskovac jug","Kovilj",830,1660,2490,4990,9990,8.5,15,22,43,86
"Leskovac jug","Beška",780,1580,2360,4730,9460,8,14.5,21,41,81.5
"Leskovac jug","Maradik",770,1550,2320,4660,9310,8,14.5,21,40.5,80
"Leskovac jug","Inđija",760,1530,2280,4580,9160,7.5,14,20.5,39.5,78.5
"Leskovac jug","Beograd",710,1430,2140,4290,8580,6.5,12.5,18.5,37,73.5
"Leskovac jug","Mali Požarevac",660,1330,1990,3980,7970,6,11.5,17,34,68.5
"Leskovac jug","Umčari",650,1290,1940,3880,7760,6,11.5,17,33.5,66.5
"Leskovac jug","Vodanj",630,1260,1890,3780,7560,5.5,11,16.5,32.5,65
"Leskovac jug","Kolari",610,1230,1840,3680,7360,5.5,11,16,31.5,63
"Leskovac jug","Smederevo",600,1200,1790,3590,7170,5.5,10.5,15.5,31,61.5
"Leskovac jug","Požarevac",590,1190,1780,3560,7130,5.5,10.5,15.5,30.5,61
"Leskovac jug","Velika Plana",510,1030,1540,3090,6180,4.5,9,13.5,26.5,53
"Leskovac jug","Markovac",480,970,1450,2900,5800,4.5,8.5,12.5,25,50
"Leskovac jug","Lapovo",470,930,1400,2800,5590,4.5,8,12,24,48
"Leskovac jug","Batočina",460,910,1370,2730,5470,4,8,12,23.5,47
"Leskovac jug","Jagodina",400,790,1190,2380,4750,3.5,7,10.5,20.5,41
"Leskovac jug","Ćuprija",360,720,1080,2160,4320,3.5,6.5,9.5,18.5,37
"Leskovac jug","Paraćin",330,660,990,1990,3970,3,6,8.5,17,34
"Leskovac jug","Ćićevac",310,620,930,1860,3720,3,5.5,8,16,32
"Leskovac jug","Ražanj",260,530,790,1580,3160,2.5,5,7,13.5,27
"Leskovac jug","Aleksinački Rudnici",210,410,620,1230,2470,2,4,5.5,11,21.5
"Leskovac jug","Aleksinac",190,380,580,1150,2300,2,3.5,5,10,20
"Leskovac jug","Niš jug",120,250,370,750,1500,1.5,2.5,3.5,6.5,13
"Leskovac jug","Doljevac",80,160,240,480,960,1,1.5,2.5,4.5,8.5
"Leskovac jug","Brestovac",60,130,190,380,770,1,1.5,2,3.5,7
"Leskovac jug","Leskovac centar",40,90,130,260,530,0.5,1,1.5,2.5,5
"Leskovac jug","Grdelica",30,60,90,180,370,0.5,1,1,2,3.5
"Leskovac jug","Predejane",80,150,230,450,900,1,1.5,2,4,8
"Leskovac jug","Vladičin Han",140,290,430,870,1740,1.5,2.5,4,7.5,15
"Leskovac jug","Vranje",210,420,630,1250,2510,2,4,5.5,11,21.5
"Leskovac jug","Bujanovac sever",250,490,740,1480,2960,2.5,4.5,6.5,13,25.5
"Leskovac jug","Bujanovac jug",260,510,770,1540,3080,2.5,4.5,7,13.5,26.5
"Leskovac jug","Preševo",310,630,940,1880,3760,3,5.5,8.5,16.5,32.5
"Leskovac jug","Dimitrovgrad",460,910,1370,2740,5480,4,8,12,23.5,47
"Leskovac jug","Šid",970,1950,2920,5850,11700,9.5,17.5,26,50.5,100.5
"Leskovac jug","Adaševci",120,250,370,750,1500,1.5,2.5,3.5,6.5,13
"Leskovac jug","Kuzmin",910,1830,2730,5480,10950,9,16.5,24.5,47.5,94
"Leskovac jug","Sremska Mitrovica",850,1710,2560,5120,10250,8.5,15.5,23,44.5,88
"Leskovac jug","Ruma",820,1640,2460,4930,9850,8,15,22,42.5,84.5
"Leskovac jug","Pećinci",780,1570,2350,4710,9420,8,14.5,21,41,81
"Leskovac jug","Takovo",980,1970,2950,5910,11820,9.5,18,26,51,101.5
"Leskovac jug","Preljina jug",1040,2090,3130,6270,12530,10,19,27.5,54,107.5
"Leskovac jug","Obrenovac",710,1430,2140,4290,8580,7,13,19,37,73.5
"Leskovac jug","Ub",780,1580,2360,4730,9460,8,14.5,21,41,81.5
"Leskovac jug","Lajkovac",820,1650,2480,4960,9930,8,15,22,43,85.5
"Leskovac jug","Ljig",890,1790,2680,5370,10740,9,16.5,24,46.5,92
"Leskovac jug","Merošina",110,220,330,650,1310,1,2,3,6,11.5
"Leskovac jug","Niš sever",140,280,420,850,1700,1.5,2.5,4,7.5,15
"Leskovac jug","Niš istok",160,320,480,960,1920,1.5,3,4.5,8.5,16.5
"Leskovac jug","Niš Malča",180,360,540,1080,2160,2,3.5,5,9.5,18.5
"Leskovac jug","Bela Palanka",270,540,810,1630,3250,2.5,5,7,14,28
"Leskovac jug","Pirot zapad",340,680,1020,2050,4090,3,6,9,18,35
"Leskovac jug","Pirot istok",380,750,1130,2260,4510,3.5,6.5,10,19.5,39
"Leskovac jug","Čačak (Pakovraće)",1070,2150,3220,6450,12890,10,19,28,55.5,110.5
"Leskovac jug","Hrtkovci",850,1710,2560,5120,10250,8,15,22.5,44.5,88
"Leskovac jug","Šabac",890,1780,2670,5350,10700,8.5,15.5,23.5,46.5,92
"Leskovac jug","Kruševac istok",360,720,1080,2170,4330,3.5,6.5,9.5,19,37
"Leskovac jug","Kruševac zapad",370,730,1100,2200,4390,3.5,6.5,9.5,19,38
"Leskovac jug","Koševi",380,770,1150,2300,4600,3.5,7,10,20,39.5
"Leskovac jug","Velika Drenova",400,810,1210,2430,4850,3.5,7,10.5,21,41.5
"Leskovac jug","Trstenik",440,890,1330,2660,5310,4,8,11.5,23,45.5
"Leskovac jug","Vrnjačka Banja",480,950,1430,2850,5700,4.5,8.5,12.5,24.5,49
"Leskovac jug","Lučani",1140,2290,3430,6870,13740,10.5,20,30,59.5,118
"Leskovac jug","Prilipac",1190,2380,3570,7150,14300,11,21,31,61.5,122.5
"Leskovac jug","Vrba",510,1030,1540,3080,6160,4.5,9,13.5,26.5,53
"Leskovac jug","Adrani",1120,2240,3360,6720,13450,10.5,19.5,29,58,115.5
"Grdelica","Subotica",1170,2340,3510,7010,14040,11,21,31,60.5,120
"Grdelica","Žednik",1120,2220,3340,6670,13360,10.5,20,29.5,57.5,114.5
"Grdelica","Bačka Topola",1080,2160,3240,6470,12950,10,19.5,29,56,111
"Grdelica","Feketić",1030,2040,3070,6130,12280,9.5,18.5,27.5,53,105
"Grdelica","Vrbas",1000,1990,2990,5970,11950,9.5,18,26.5,51.5,102.5
"Grdelica","Zmajevo",960,1920,2880,5760,11530,9,17.5,25.5,50,99
"Grdelica","Novi Sad",920,1830,2750,5490,10990,8.5,16.5,24.5,47.5,94
"Grdelica","Kovilj",870,1720,2590,5170,10360,8.5,15.5,23,44.5,89
"Grdelica","Beška",820,1640,2460,4910,9830,8,15,22,42.5,84.5
"Grdelica","Maradik",810,1610,2420,4840,9680,8,15,22,42,83
"Grdelica","Inđija",800,1590,2380,4760,9530,7.5,14.5,21.5,41,81.5
"Grdelica","Beograd",750,1490,2240,4470,8940,6.5,13,19.5,38.5,76.5
"Grdelica","Mali Požarevac",690,1390,2080,4170,8340,6,12,18,36,71.5
"Grdelica","Umčari",680,1350,2030,4060,8120,6,12,17.5,35,69.5
"Grdelica","Vodanj",660,1320,1980,3970,7930,6,11.5,17,34,68
"Grdelica","Kolari",640,1290,1930,3860,7730,5.5,11.5,16.5,33,66.5
"Grdelica","Smederevo",630,1260,1890,3770,7540,5.5,11,16.5,32.5,64.5
"Grdelica","Požarevac",620,1250,1870,3750,7490,5.5,11,16,32.5,64
"Grdelica","Velika Plana",550,1090,1640,3270,6540,5,9.5,14.5,28,56
"Grdelica","Markovac",510,1030,1540,3080,6160,4.5,9,13.5,26.5,53
"Grdelica","Lapovo",500,990,1490,2980,5960,4.5,8.5,13,25.5,51
"Grdelica","Batočina",490,970,1460,2920,5830,4.5,8.5,12.5,25,50
"Grdelica","Jagodina",430,850,1280,2560,5120,4,7.5,11,22,44
"Grdelica","Ćuprija",390,780,1170,2340,4690,3.5,7,10,20,40.5
"Grdelica","Paraćin",360,720,1080,2170,4340,3.5,6.5,9.5,19,37.5
"Grdelica","Ćićevac",340,680,1020,2040,4080,3,6,9,17.5,35
"Grdelica","Ražanj",290,590,880,1760,3520,2.5,5.5,8,15.5,30.5
"Grdelica","Aleksinački Rudnici",240,470,710,1420,2830,2.5,4.5,6.5,12.5,24.5
"Grdelica","Aleksinac",220,450,670,1340,2670,2,4,6,11.5,23
"Grdelica","Niš jug",160,310,470,930,1870,1.5,3,4.5,8,16
"Grdelica","Doljevac",110,220,330,660,1330,1,2,3,6,11.5
"Grdelica","Brestovac",90,190,280,570,1130,1,2,2.5,5,10
"Grdelica","Leskovac centar",70,150,220,450,890,1,1.5,2,4,8
"Grdelica","Leskovac jug",30,60,90,180,370,0.5,1,1,2,3.5
"Grdelica","Predejane",40,90,130,270,530,0.5,1,1.5,2.5,5
"Grdelica","Vladičin Han",110,230,340,690,1370,1,2,3,6,12
"Grdelica","Vranje",180,360,540,1070,2140,2,3.5,5,9.5,18.5
"Grdelica","Bujanovac sever",220,430,650,1300,2590,2,4,6,11.5,22.5
"Grdelica","Bujanovac jug",230,450,680,1360,2720,2,4,6,12,23.5
"Grdelica","Preševo",280,570,850,1700,3390,2.5,5,7.5,15,29
"Grdelica","Dimitrovgrad",490,970,1460,2920,5850,4.5,8.5,12.5,25,50
"Grdelica","Šid",1010,2010,3020,6030,12070,9.5,18,27,52,103.5
"Grdelica","Adaševci",160,310,470,930,1870,1.5,3,4.5,8,16
"Grdelica","Kuzmin",950,1890,2830,5660,11320,9,17,25.5,49,97
"Grdelica","Sremska Mitrovica",930,1860,2790,5570,11150,9,16.5,25,48.5,96
"Grdelica","Ruma",860,1700,2560,5110,10220,8,15.5,23,44,87.5
"Grdelica","Pećinci",820,1630,2450,4890,9790,8,15,22,42.5,84
"Grdelica","Takovo",1020,2030,3050,6090,12190,9.5,18.5,27,52.5,104.5
"Grdelica","Preljina jug",1080,2150,3230,6450,12900,10,19.5,28.5,55.5,110.5
"Grdelica","Obrenovac",750,1490,2240,4470,8950,7,13.5,20,38.5,76.5
"Grdelica","Ub",820,1640,2460,4910,9830,8,15,22,42.5,84.5
"Grdelica","Lajkovac",860,1710,2580,5140,10300,8,15.5,23,44.5,88.5
"Grdelica","Ljig",930,1850,2780,5550,11110,9,17,25,48,95
"Grdelica","Merošina",140,280,420,840,1680,1.5,2.5,4,7.5,14.5
"Grdelica","Niš sever",170,340,520,1030,2060,1.5,3,4.5,9,18
"Grdelica","Niš istok",190,380,570,1140,2280,2,3.5,5,10,19.5
"Grdelica","Niš Malča",210,420,630,1260,2530,2,4,5.5,11,22
"Grdelica","Bela Palanka",300,600,900,1810,3620,3,5.5,8,15.5,31
"Grdelica","Pirot zapad",370,740,1110,2230,4460,3.5,6.5,9.5,19.5,38.5
"Grdelica","Pirot istok",410,810,1220,2440,4880,4,7,10.5,21,42
"Grdelica","Čačak (Pakovraće)",1110,2210,3320,6630,13250,10,19.5,29,57,113.5
"Grdelica","Hrtkovci",890,1770,2660,5300,10610,8,15.5,23.5,46,91
"Grdelica","Šabac",930,1840,2770,5530,11060,8.5,16,24.5,48,95
"Grdelica","Kruševac istok",850,1690,2540,5080,10170,8,15,22,44,87.5
"Grdelica","Kruševac zapad",850,1700,2550,5110,10230,8,15,22,44,88
"Grdelica","Koševi",870,1730,2610,5210,10430,8,7.5,22.5,45,89.5
"Grdelica","Velika Drenova",890,1780,2670,5340,10680,8,15.5,23,46,92
"Grdelica","Trstenik",930,1850,2780,5570,11150,8.5,16.5,24,48,96
"Grdelica","Vrnjačka Banja",510,1010,1520,3030,6070,4.5,9,13,26,52
"Grdelica","Lučani",1180,2350,3530,7050,14100,10.5,20.5,31,61,121
"Grdelica","Prilipac",1230,2440,3670,7330,14660,11,21.5,32,63,125.5
"Grdelica","Vrba",540,1090,1630,3260,6530,5,9.5,14,28,56
"Grdelica","Adrani",780,1540,2320,4630,9280,7.5,13.5,20,40,80
"Predejane","Subotica",1210,2430,3640,7280,14570,11.5,21.5,32,63,125
"Predejane","Žednik",1160,2310,3470,6940,13890,11,20.5,30.5,60,119.5
"Predejane","Bačka Topola",1120,2250,3370,6740,13480,10.5,20,30,58.5,116
"Predejane","Feketić",1070,2130,3200,6400,12810,10,19,28.5,55.5,110
"Predejane","Vrbas",1040,2080,3120,6240,12480,10,18.5,27.5,54,107.5
"Predejane","Zmajevo",1000,2010,3010,6030,12060,9.5,18,26.5,52.5,104
"Predejane","Novi Sad",960,1920,2880,5760,11520,9,17,25.5,50,99
"Predejane","Kovilj",910,1810,2720,5440,10890,9,16,24,47,94
"Predejane","Beška",860,1730,2590,5180,10360,8.5,15.5,23,45,89.5
"Predejane","Maradik",850,1700,2550,5110,10210,8.5,15.5,23,44.5,88
"Predejane","Inđija",840,1680,2510,5030,10060,8,15,22.5,43.5,86.5
"Predejane","Beograd",790,1580,2370,4740,9480,7,13.5,20.5,40.5,81
"Predejane","Mali Požarevac",740,1480,2220,4440,8870,6.5,13,19,38,76
"Predejane","Umčari",720,1440,2160,4330,8660,6.5,12.5,18.5,37,74
"Predejane","Vodanj",710,1410,2120,4230,8470,6.5,12.5,18.5,36.5,72.5
"Predejane","Kolari",690,1380,2070,4130,8260,6,12,18,35.5,71
"Predejane","Smederevo",670,1350,2020,4040,8080,6,12,17.5,35,69.5
"Predejane","Požarevac",670,1340,2010,4010,8030,6,11.5,17.5,34.5,69
"Predejane","Velika Plana",590,1180,1770,3540,7080,5.5,10.5,15.5,30.5,60.5
"Predejane","Markovac",560,1120,1670,3350,6700,5,10,14.5,29,57.5
"Predejane","Lapovo",540,1080,1620,3250,6490,5,9.5,14,28,55.5
"Predejane","Batočina",530,1060,1590,3180,6370,5,9.5,14,27.5,54.5
"Predejane","Jagodina",470,940,1410,2830,5650,4.5,8.5,12.5,24.5,48.5
"Predejane","Ćuprija",440,870,1310,2610,5220,4,7.5,11.5,22.5,45
"Predejane","Paraćin",410,810,1220,2440,4870,4,7,10.5,21,42
"Predejane","Ćićevac",380,770,1150,2310,4620,3.5,7,10,20,39.5
"Predejane","Ražanj",340,680,1010,2030,4060,3,6,9,17.5,35
"Predejane","Aleksinački Rudnici",280,560,840,1680,3370,2.5,5,7.5,14.5,29
"Predejane","Aleksinac",270,530,800,1600,3210,2.5,5,7,14,27.5
"Predejane","Niš jug",200,400,600,1200,2400,2,3.5,5.5,10.5,21
"Predejane","Doljevac",160,310,470,930,1860,1.5,3,4.5,8,16
"Predejane","Brestovac",140,280,420,830,1670,1.5,2.5,4,7.5,14.5
"Predejane","Leskovac centar",120,240,360,710,1430,1.5,2.5,3.5,6.5,12.5
"Predejane","Leskovac jug",80,150,230,450,900,1,1.5,2,4,8
"Predejane","Grdelica",40,90,130,270,530,0.5,1,1.5,2.5,5
"Predejane","Vladičin Han",70,140,210,420,840,1,1.5,2,4,7.5
"Predejane","Vranje",130,270,400,800,1610,1.5,2.5,3.5,7,14
"Predejane","Bujanovac sever",170,340,510,1030,2060,1.5,3,4.5,9,18
"Predejane","Bujanovac jug",180,360,550,1090,2180,2,3.5,5,9.5,19
"Predejane","Preševo",240,480,710,1430,2860,2.5,4.5,6.5,12.5,24.5
"Predejane","Dimitrovgrad",530,1060,1600,3190,6380,5,9.5,14,27.5,55
"Predejane","Šid",1050,2100,3150,6300,12600,10,18.5,28,54.5,108.5
"Predejane","Adaševci",200,400,600,1200,2400,2,3.5,5.5,10.5,21
"Predejane","Kuzmin",990,1980,2960,5930,11850,9.5,17.5,26.5,51.5,102
"Predejane","Sremska Mitrovica",1000,2000,3000,5990,11990,9.5,18,26.5,52,103
"Predejane","Ruma",900,1790,2690,5380,10750,8.5,16,24,46.5,92.5
"Predejane","Pećinci",860,1720,2580,5160,10320,8.5,15.5,23,45,89
"Predejane","Takovo",1060,2120,3180,6360,12720,10,19,28,55,109.5
"Predejane","Preljina jug",1120,2240,3360,6720,13430,10.5,20,29.5,58,115.5
"Predejane","Obrenovac",790,1580,2370,4740,9480,7.5,14,21,41,81.5
"Predejane","Ub",860,1730,2590,5180,10360,8.5,15.5,23,45,89.5
"Predejane","Lajkovac",900,1800,2710,5410,10830,8.5,16,24,47,93.5
"Predejane","Ljig",970,1940,2910,5820,11640,9.5,17.5,26,50.5,100
"Predejane","Merošina",180,370,550,1100,2210,2,3.5,5,9.5,19
"Predejane","Niš sever",220,430,650,1300,2600,2,4,6,11.5,22.5
"Predejane","Niš istok",230,470,700,1410,2820,2,4.5,6,12.5,24.5
"Predejane","Niš Malča",260,510,770,1530,3060,2.5,4.5,7,13.5,26.5
"Predejane","Bela Palanka",350,690,1040,2080,4150,3,6,9,18,35.5
"Predejane","Pirot zapad",420,830,1250,2500,4990,4,7.5,11,21.5,43
"Predejane","Pirot istok",450,900,1350,2710,5410,4,8,12,23.5,46.5
"Predejane","Čačak (Pakovraće)",1150,2300,3450,6900,13790,10.5,20,30,59,118
"Predejane","Hrtkovci",930,1860,2790,5570,11150,8.5,16,24.5,48,95.5
"Predejane","Šabac",970,1930,2900,5800,11600,9,16.5,25.5,50,99.5
"Predejane","Kruševac istok",440,870,1310,2620,5240,4,7.5,11.5,22.5,45
"Predejane","Kruševac zapad",440,880,1320,2650,5290,4,8,11.5,23,45.5
"Predejane","Koševi",460,920,1370,2750,5500,4,8,12,23.5,47
"Predejane","Velika Drenova",480,960,1440,2880,5750,4.5,8.5,12.5,25,49.5
"Predejane","Trstenik",520,1040,1550,3110,6210,4.5,9,13.5,27,53.5
"Predejane","Vrnjačka Banja",550,1100,1650,3300,6600,5,9.5,14.5,28.5,56.5
"Predejane","Lučani",1220,2440,3660,7320,14640,11,21,32,63,125.5
"Predejane","Prilipac",1270,2530,3800,7600,15200,11.5,22,33,65,130
"Predejane","Vrba",590,1180,1770,3530,7060,5.5,10.5,15.5,30.5,60.5
"Predejane","Adrani",1200,2390,3590,7170,14350,11,20.5,31,61.5,123
"Vladičin Han","Subotica",1280,2570,3850,7700,15410,12,23,33.5,66.5,132
"Vladičin Han","Žednik",1230,2450,3680,7360,14730,11.5,22,32,63.5,126.5
"Vladičin Han","Bačka Topola",1190,2390,3580,7160,14320,11,21.5,31.5,62,123
"Vladičin Han","Feketić",1140,2270,3410,6820,13650,10.5,20.5,30,59,117
"Vladičin Han","Vrbas",1110,2220,3330,6660,13320,10.5,20,29,57.5,114.5
"Vladičin Han","Zmajevo",1070,2150,3220,6450,12900,10,19.5,28,56,111
"Vladičin Han","Novi Sad",1030,2060,3090,6180,12360,9.5,18.5,27,53.5,106
"Vladičin Han","Kovilj",980,1950,2930,5860,11730,9.5,17.5,25.5,50.5,101
"Vladičin Han","Beška",930,1870,2800,5600,11200,9,17,24.5,48.5,96.5
"Vladičin Han","Maradik",920,1840,2760,5530,11050,9,17,24.5,48,95
"Vladičin Han","Inđija",910,1820,2720,5450,10900,8.5,16.5,24,47,93.5
"Vladičin Han","Beograd",860,1720,2580,5160,10310,7.5,15,22.5,44.5,88.5
"Vladičin Han","Mali Požarevac",810,1620,2430,4850,9710,7,14,21,41.5,83
"Vladičin Han","Umčari",790,1580,2370,4750,9490,7,13.5,20.5,41,81.5
"Vladičin Han","Vodanj",780,1550,2330,4650,9300,7,13.5,20,40,79.5
"Vladičin Han","Kolari",760,1520,2270,4550,9100,6.5,13,19.5,39,78
"Vladičin Han","Smederevo",740,1490,2230,4460,8910,6.5,13,19.5,38.5,76.5
"Vladičin Han","Požarevac",740,1480,2220,4430,8860,6.5,13,19,38,76
"Vladičin Han","Velika Plana",660,1320,1980,3960,7920,6,11.5,17,34,68
"Vladičin Han","Markovac",630,1260,1880,3770,7540,5.5,11,16.5,32.5,64.5
"Vladičin Han","Lapovo",610,1220,1830,3660,7330,5.5,10.5,16,31.5,63
"Vladičin Han","Batočina",600,1200,1800,3600,7200,5.5,10.5,15.5,31,62
"Vladičin Han","Jagodina",540,1080,1620,3240,6490,5,9.5,14,28,55.5
"Vladičin Han","Ćuprija",500,1010,1510,3030,6060,4.5,9,13,26,52
"Vladičin Han","Paraćin",480,950,1430,2850,5710,4.5,8.5,12.5,24.5,49
"Vladičin Han","Ćićevac",450,910,1360,2730,5450,4,8,12,23.5,47
"Vladičin Han","Ražanj",410,820,1220,2450,4890,4,7.5,10.5,21,42
"Vladičin Han","Aleksinački Rudnici",350,700,1050,2100,4200,3,6,9,18,36
"Vladičin Han","Aleksinac",340,670,1010,2020,4040,3,6,9,17.5,35
"Vladičin Han","Niš jug",270,540,810,1620,3240,2.5,5,7,14,28
"Vladičin Han","Doljevac",220,450,670,1350,2700,2,4,6,12,23.5
"Vladičin Han","Brestovac",210,420,630,1250,2500,2,4,5.5,11,21.5
"Vladičin Han","Leskovac centar",190,380,570,1130,2270,2,3.5,5,10,19.5
"Vladičin Han","Leskovac jug",140,290,430,870,1740,1.5,2.5,4,7.5,15
"Vladičin Han","Grdelica",110,230,340,690,1370,1,2,3,6,12
"Vladičin Han","Predejane",70,140,210,420,840,1,1.5,2,4,7.5
"Vladičin Han","Vranje",60,130,190,390,770,1,1.5,2,3.5,7
"Vladičin Han","Bujanovac sever",100,200,310,610,1220,1,2,3,5.5,10.5
"Vladičin Han","Bujanovac jug",110,220,340,670,1350,1,2,3,6,12
"Vladičin Han","Preševo",170,340,510,1010,2020,1.5,3,4.5,9,17.5
"Vladičin Han","Dimitrovgrad",600,1200,1810,3610,7220,5.5,10.5,15.5,31,62
"Vladičin Han","Šid",1120,2240,3360,6720,13440,10.5,20,29.5,58,115.5
"Vladičin Han","Adaševci",270,540,810,1620,3240,2.5,5,7,14,28
"Vladičin Han","Kuzmin",1060,2120,3170,6350,12690,10,19,28,55,109
"Vladičin Han","Sremska Mitrovica",1060,2130,3190,6370,12760,10,19,28.5,55.5,109.5
"Vladičin Han","Ruma",970,1930,2900,5800,11590,9,17.5,25.5,50,99.5
"Vladičin Han","Pećinci",930,1860,2790,5580,11160,9,17,24.5,48.5,96
"Vladičin Han","Takovo",1130,2260,3390,6780,13560,10.5,20.5,29.5,58.5,116.5
"Vladičin Han","Preljina jug",1190,2380,3570,7140,14270,11,21.5,31,61.5,122.5
"Vladičin Han","Obrenovac",860,1720,2580,5160,10320,8,15.5,22.5,44.5,88.5
"Vladičin Han","Ub",930,1870,2800,5600,11200,9,17,24.5,48.5,96.5
"Vladičin Han","Lajkovac",970,1940,2920,5830,11670,9,17.5,25.5,50.5,100.5
"Vladičin Han","Ljig",1040,2080,3120,6240,12480,10,19,27.5,54,107
"Vladičin Han","Merošina",250,510,760,1520,3050,2.5,4.5,6.5,13,26.5
"Vladičin Han","Niš sever",290,570,860,1720,3430,2.5,5,7.5,15,29.5
"Vladičin Han","Niš istok",300,610,910,1830,3650,3,5.5,8,16,31.5
"Vladičin Han","Niš Malča",320,650,970,1950,3900,3,6,8.5,17,33.5
"Vladičin Han","Bela Palanka",420,830,1250,2490,4990,4,7.5,11,21.5,43
"Vladičin Han","Pirot zapad",490,970,1460,2910,5830,4.5,8.5,12.5,25,50
"Vladičin Han","Pirot istok",520,1040,1560,3120,6250,4.5,9,13.5,27,53.5
"Vladičin Han","Čačak (Pakovraće)",1220,2440,3660,7320,14620,11,21.5,32,63,125.5
"Vladičin Han","Hrtkovci",1000,2000,3000,5990,11980,9,17.5,26.5,52,103
"Vladičin Han","Šabac",1040,2070,3110,6220,12430,9.5,18,27.5,54,107
"Vladičin Han","Kruševac istok",510,1010,1520,3040,6070,4.5,9,13,26,52
"Vladičin Han","Kruševac zapad",510,1020,1530,3070,6130,4.5,9,13.5,26.5,52.5
"Vladičin Han","Koševi",530,1060,1580,3170,6330,5,9.5,13.5,27.5,54.5
"Vladičin Han","Velika Drenova",550,1100,1650,3290,6590,5,9.5,14.5,28.5,56.5
"Vladičin Han","Trstenik",590,1170,1760,3520,7050,5.5,10,15.5,30.5,60.5
"Vladičin Han","Vrnjačka Banja",620,1240,1860,3720,7440,5.5,11,16,32,64
"Vladičin Han","Lučani",1290,2580,3870,7740,15470,11.5,22.5,34,67,133
"Vladičin Han","Prilipac",1340,2670,4010,8020,16030,12,23.5,35,69,137.5
"Vladičin Han","Vrba",660,1320,1970,3950,7900,6,11.5,17,34,67.5
"Vladičin Han","Adrani",1270,2530,3800,7590,15180,11.5,22,33,65.5,130.5
"Vranje","Subotica",1340,2700,4040,8080,16180,12.5,24,35.5,70,138.5
"Vranje","Žednik",1290,2580,3870,7740,15500,12,23,34,67,133
"Vranje","Bačka Topola",1250,2520,3770,7540,15090,11.5,22.5,33.5,65.5,129.5
"Vranje","Feketić",1200,2400,3600,7200,14420,11,21.5,32,62.5,123.5
"Vranje","Vrbas",1170,2350,3520,7040,14090,11,21,31,61,121
"Vranje","Zmajevo",1130,2280,3410,6830,13670,10.5,20.5,30,59.5,117.5
"Vranje","Novi Sad",1090,2190,3280,6560,13130,10,19.5,29,57,112.5
"Vranje","Kovilj",1040,2080,3120,6240,12500,10,18.5,27.5,54,107.5
"Vranje","Beška",990,2000,2990,5980,11970,9.5,18,26.5,52,103
"Vranje","Maradik",980,1970,2950,5910,11820,9.5,18,26.5,51.5,101.5
"Vranje","Inđija",970,1950,2910,5830,11670,9,17.5,26,50.5,100
"Vranje","Beograd",920,1850,2770,5540,11090,8,16,24,47.5,95
"Vranje","Mali Požarevac",870,1750,2620,5240,10480,7.5,15,22.5,45,90
"Vranje","Umčari",860,1710,2570,5130,10270,7.5,15,22,44,88
"Vranje","Vodanj",840,1680,2520,5040,10070,7.5,14.5,22,43.5,86.5
"Vranje","Kolari",820,1640,2470,4930,9870,7.5,14.5,21.5,42.5,84.5
"Vranje","Smederevo",810,1610,2420,4840,9680,7,14,21,41.5,83
"Vranje","Požarevac",800,1610,2410,4820,9630,7,14,21,41.5,82.5
"Vranje","Velika Plana",720,1450,2170,4340,8690,6.5,12.5,19,37.5,74.5
"Vranje","Markovac",690,1380,2080,4150,8310,6,12,18,35.5,71
"Vranje","Lapovo",670,1350,2020,4050,8100,6,12,17.5,35,69.5
"Vranje","Batočina",660,1330,1990,3990,7970,6,11.5,17,34.5,68.5
"Vranje","Jagodina",600,1210,1810,3630,7260,5.5,10.5,15.5,31.5,62.5
"Vranje","Ćuprija",570,1140,1710,3420,6830,5,10,15,29.5,58.5
"Vranje","Paraćin",540,1080,1620,3240,6480,5,9.5,14,28,55.5
"Vranje","Ćićevac",520,1040,1560,3110,6230,4.5,9,13.5,27,53.5
"Vranje","Ražanj",470,940,1420,2830,5660,4.5,8.5,12.5,24.5,48.5
"Vranje","Aleksinački Rudnici",410,830,1240,2490,4970,4,7.5,11,21.5,42.5
"Vranje","Aleksinac",400,800,1200,2410,4810,3.5,7,10.5,21,41.5
"Vranje","Niš jug",330,670,1000,2000,4010,3,6,9,17.5,34.5
"Vranje","Doljevac",290,580,870,1740,3470,2.5,5,7.5,15,30
"Vranje","Brestovac",270,550,820,1640,3280,2.5,5,7.5,14.5,28.5
"Vranje","Leskovac centar",250,510,760,1520,3040,2.5,4.5,6.5,13,26
"Vranje","Leskovac jug",210,420,630,1250,2510,2,4,5.5,11,21.5
"Vranje","Grdelica",180,360,540,1070,2140,2,3.5,5,9.5,18.5
"Vranje","Predejane",130,270,400,800,1610,1.5,2.5,3.5,7,14
"Vranje","Vladičin Han",60,130,190,390,770,1,1.5,2,3.5,7
"Vranje","Bujanovac sever",40,80,110,230,450,0.5,1,1,2,4
"Vranje","Bujanovac jug",50,100,140,290,580,0.5,1,1.5,2.5,5
"Vranje","Preševo",100,210,310,620,1250,1,2,3,5.5,11
"Vranje","Dimitrovgrad",670,1330,2000,4000,7990,6,11.5,17.5,34.5,68.5
"Vranje","Šid",1180,2370,3550,7100,14210,11,21,31.5,61.5,122
"Vranje","Adaševci",330,670,1000,2000,4010,3,6,9,17.5,34.5
"Vranje","Kuzmin",1120,2250,3360,6730,13460,10.5,20,30,58.5,115.5
"Vranje","Sremska Mitrovica",1100,2200,3300,6600,13210,10.5,19.5,29,57.5,113.5
"Vranje","Ruma",1030,2060,3090,6180,12360,9.5,18.5,27.5,53.5,106
"Vranje","Pećinci",990,1990,2980,5960,11930,9.5,18,26.5,52,102.5
"Vranje","Takovo",1130,2260,3390,6780,13560,10.5,20.5,29.5,58.5,116.5
"Vranje","Preljina jug",1250,2510,3760,7520,15040,11.5,22.5,33,65,129
"Vranje","Obrenovac",920,1850,2770,5540,11090,8.5,16.5,24.5,48,95
"Vranje","Ub",990,2000,2990,5980,11970,9.5,18,26.5,52,103
"Vranje","Lajkovac",1030,2070,3110,6210,12440,9.5,18.5,27.5,54,107
"Vranje","Ljig",1100,2210,3310,6620,13250,10.5,20,29.5,57.5,113.5
"Vranje","Merošina",320,640,950,1910,3820,3,5.5,8.5,16.5,33
"Vranje","Niš sever",350,700,1050,2100,4210,3,6,9,18,36
"Vranje","Niš istok",370,740,1110,2210,4420,3.5,6.5,9.5,19,38
"Vranje","Niš Malča",390,780,1170,2330,4670,3.5,7,10,20,40
"Vranje","Bela Palanka",480,960,1440,2880,5760,4.5,8.5,12.5,25,49.5
"Vranje","Pirot zapad",550,1100,1650,3300,6600,5,9.5,14.5,28.5,56.5
"Vranje","Pirot istok",590,1170,1760,3510,7020,5.5,10,15.5,30,60
"Vranje","Čačak (Pakovraće)",1280,2570,3850,7700,15400,11.5,22.5,33.5,66,132
"Vranje","Hrtkovci",1060,2130,3190,6370,12760,9.5,18.5,28,55,109.5
"Vranje","Šabac",1100,2200,3300,6600,13210,10,19,29,57,113.5
"Vranje","Kruševac istok",570,1140,1710,3420,6840,5,10,15,29.5,58.5
"Vranje","Kruševac zapad",580,1150,1730,3450,6900,5,10,15,29.5,59
"Vranje","Koševi",590,1180,1780,3550,7110,5.5,10.5,15.5,30.5,61
"Vranje","Velika Drenova",610,1230,1840,3680,7360,5.5,11,16,31.5,63
"Vranje","Trstenik",650,1300,1960,3910,7820,6,11.5,17,33.5,67
"Vranje","Vrnjačka Banja",680,1370,2050,4110,8210,6,12,18,35.5,70.5
"Vranje","Lučani",1350,2710,4060,8120,16250,12,23.5,35.5,70,139.5
"Vranje","Prilipac",1400,2800,4200,8400,16810,12.5,24.5,36.5,72,144
"Vranje","Vrba",720,1440,2170,4330,8670,6.5,12.5,19,37,74.5
"Vranje","Adrani",1330,2660,3990,7970,15960,12,23,34.5,68.5,137
"Bujanovac sever","Subotica",1380,2770,4150,8310,16630,13,24.5,36,72,142.5
"Bujanovac sever","Žednik",1330,2650,3980,7970,15950,12.5,23.5,34.5,69,137
"Bujanovac sever","Bačka Topola",1290,2590,3880,7770,15540,12,23,34,67.5,133.5
"Bujanovac sever","Feketić",1240,2470,3710,7430,14870,11.5,22,32.5,64.5,127.5
"Bujanovac sever","Vrbas",1210,2420,3630,7270,14540,11.5,21.5,31.5,63,125
"Bujanovac sever","Zmajevo",1170,2350,3520,7060,14120,11,21,30.5,61.5,121.5
"Bujanovac sever","Novi Sad",1130,2260,3390,6790,13580,10.5,20,29.5,59,116.5
"Bujanovac sever","Kovilj",1080,2150,3230,6470,12950,10.5,19,28,56,111.5
"Bujanovac sever","Beška",1030,2070,3100,6210,12420,10,18.5,27,54,107
"Bujanovac sever","Maradik",1020,2040,3060,6140,12270,10,18.5,27,53.5,105.5
"Bujanovac sever","Inđija",1010,2020,3020,6060,12120,9.5,18,26.5,52.5,104
"Bujanovac sever","Beograd",960,1920,2880,5770,11540,8.5,16.5,25,49.5,99
"Bujanovac sever","Mali Požarevac",910,1820,2730,5460,10930,8,16,23.5,47,93.5
"Bujanovac sever","Umčari",890,1790,2680,5360,10720,8,15.5,23,46,92
"Bujanovac sever","Vodanj",880,1750,2630,5260,10520,8,15,22.5,45,90
"Bujanovac sever","Kolari",860,1720,2580,5160,10320,7.5,15,22.5,44.5,88.5
"Bujanovac sever","Smederevo",840,1690,2530,5070,10130,7.5,14.5,22,43.5,87
"Bujanovac sever","Požarevac",840,1680,2520,5040,10080,7.5,14.5,22,43.5,86.5
"Bujanovac sever","Velika Plana",760,1520,2280,4570,9140,6.5,13,19.5,39.5,78.5
"Bujanovac sever","Markovac",730,1460,2190,4380,8760,6.5,12.5,19,37.5,75
"Bujanovac sever","Lapovo",710,1420,2140,4270,8550,6.5,12.5,18.5,36.5,73.5
"Bujanovac sever","Batočina",700,1400,2110,4210,8420,6,12,18.5,36,72
"Bujanovac sever","Jagodina",640,1290,1930,3860,7710,5.5,11.5,16.5,33,66
"Bujanovac sever","Ćuprija",610,1210,1820,3640,7280,5.5,10.5,16,31.5,62.5
"Bujanovac sever","Paraćin",580,1160,1730,3470,6930,5,10,15,30,59.5
"Bujanovac sever","Ćićevac",560,1110,1670,3340,6680,5,9.5,14.5,29,57.5
"Bujanovac sever","Ražanj",510,1020,1530,3060,6110,4.5,9,13.5,26.5,52.5
"Bujanovac sever","Aleksinački Rudnici",450,900,1360,2710,5430,4,8,12,23.5,46.5
"Bujanovac sever","Aleksinac",440,880,1320,2630,5260,4,8,11.5,22.5,45
"Bujanovac sever","Niš jug",370,740,1110,2230,4460,3.5,6.5,9.5,19.5,38.5
"Bujanovac sever","Doljevac",330,650,980,1960,3920,3,6,8.5,17,33.5
"Bujanovac sever","Brestovac",310,620,930,1860,3730,3,5.5,8,16,32
"Bujanovac sever","Leskovac centar",290,580,870,1740,3490,2.5,5,7.5,15,30
"Bujanovac sever","Leskovac jug",250,490,740,1480,2960,2.5,4.5,6.5,13,25.5
"Bujanovac sever","Grdelica",220,430,650,1300,2590,2,4,6,11.5,22.5
"Bujanovac sever","Predejane",170,340,510,1030,2060,1.5,3,4.5,9,18
"Bujanovac sever","Vladičin Han",100,200,310,610,1220,1,2,3,5.5,10.5
"Bujanovac sever","Vranje",40,80,110,230,450,0.5,1,1,2,4
"Bujanovac sever","Bujanovac jug",10,20,30,60,120,0.5,0.5,0.5,1,1.5
"Bujanovac sever","Preševo",70,130,200,400,800,1,1.5,2,3.5,7
"Bujanovac sever","Dimitrovgrad",700,1410,2110,4220,8440,6,12.5,18.5,36.5,72.5
"Bujanovac sever","Šid",1220,2440,3660,7330,14660,11.5,21.5,32,63.5,126
"Bujanovac sever","Adaševci",370,740,1110,2230,4460,3.5,6.5,9.5,19.5,38.5
"Bujanovac sever","Kuzmin",1160,2320,3470,6960,13910,11,20.5,30.5,60.5,119.5
"Bujanovac sever","Sremska Mitrovica",1110,2220,3340,6660,13330,10.5,19.5,29.5,58,114.5
"Bujanovac sever","Ruma",1070,2130,3200,6410,12810,10,19,28,55.5,110
"Bujanovac sever","Pećinci",1030,2060,3090,6190,12380,10,18.5,27,54,106.5
"Bujanovac sever","Takovo",1190,2390,3580,7160,14330,11,21.5,31.5,62,123
"Bujanovac sever","Preljina jug",1290,2580,3870,7750,15490,12,23,33.5,67,133
"Bujanovac sever","Obrenovac",960,1920,2880,5770,11540,9,17,25,50,99
"Bujanovac sever","Ub",1030,740,1110,2230,4460,3.5,6.5,9.5,19.5,38.5
"Bujanovac sever","Lajkovac",1070,2140,3220,6440,12890,10,19,28,56,111
"Bujanovac sever","Ljig",1140,2280,3420,6850,13700,11,20.5,30,59.5,117.5
"Bujanovac sever","Merošina",360,710,1070,2130,4270,3.5,6.5,9.5,18.5,36.5
"Bujanovac sever","Niš sever",390,780,1160,2330,4660,3.5,7,10,20,40
"Bujanovac sever","Niš istok",410,810,1220,2440,4870,4,7,10.5,21,42
"Bujanovac sever","Niš Malča",430,850,1280,2560,5120,4,7.5,11,22,44
"Bujanovac sever","Bela Palanka",520,1040,1550,3110,6210,4.5,9,13.5,27,53.5
"Bujanovac sever","Pirot zapad",590,1170,1760,3520,7050,5.5,10,15.5,30.5,60.5
"Bujanovac sever","Pirot istok",620,1250,1870,3740,7470,5.5,11,16,32,64
"Bujanovac sever","Čačak (Pakovraće)",1320,2640,3960,7930,15850,12,23,34.5,68,136
"Bujanovac sever","Hrtkovci",1100,2200,3300,6600,13210,10,19,29,57,113.5
"Bujanovac sever","Šabac",1140,2270,3410,6830,13660,10.5,19.5,30,59,117.5
"Bujanovac sever","Kruševac istok",610,1220,1820,3650,7290,5.5,10.5,16,31.5,62.5
"Bujanovac sever","Kruševac zapad",610,1230,1840,3680,7350,5.5,11,16,31.5,63
"Bujanovac sever","Koševi",630,1260,1890,3780,7560,5.5,11,16.5,32.5,65
"Bujanovac sever","Velika Drenova",650,1300,1950,3900,7810,6,11.5,17,33.5,67
"Bujanovac sever","Trstenik",690,1380,2070,4140,8270,6,12,18,35.5,71
"Bujanovac sever","Vrnjačka Banja",720,1440,2170,4330,8660,6.5,12.5,19,37,74
"Bujanovac sever","Lučani",1390,2780,4170,8350,16700,12.5,24,36.5,72,143.5
"Bujanovac sever","Prilipac",1440,2870,4310,8630,17260,13,25,37.5,74,148
"Bujanovac sever","Vrba",760,1520,2280,4560,9120,6.5,13,19.5,39,78
"Bujanovac sever","Adrani",1370,2730,4100,8200,16410,12.5,23.5,35.5,70.5,141
"Bujanovac jug","Subotica",1390,2790,4190,8370,16750,13,24.5,36.5,72.5,143.5
"Bujanovac jug","Žednik",1340,2670,4020,8030,16070,12.5,23.5,35,69.5,138
"Bujanovac jug","Bačka Topola",1300,2610,3920,7830,15660,12,23,34.5,68,134.5
"Bujanovac jug","Feketić",1250,2490,3750,7490,14990,11.5,22,33,65,128.5
"Bujanovac jug","Vrbas",1220,2440,3670,7330,14660,11.5,21.5,32,63.5,126
"Bujanovac jug","Zmajevo",1180,2370,3560,7120,14240,11,21,31,62,122.5
"Bujanovac jug","Novi Sad",1140,2280,3430,6850,13700,10.5,20,30,59.5,117.5
"Bujanovac jug","Kovilj",1090,2170,3270,6530,13070,10.5,19,28.5,56.5,112.5
"Bujanovac jug","Beška",1040,2090,3140,6270,12540,10,18.5,27.5,54.5,108
"Bujanovac jug","Maradik",1030,2060,3100,6200,12390,10,18.5,27.5,54,106.5
"Bujanovac jug","Inđija",1020,2040,3060,6120,12240,9.5,18,27,53,105
"Bujanovac jug","Beograd",970,1940,2920,5830,11660,8.5,17,25,50,100
"Bujanovac jug","Mali Požarevac",920,1840,2760,5530,11050,8,16,24,47.5,94.5
"Bujanovac jug","Umčari",900,1810,2710,5420,10840,8,15.5,23.5,46.5,93
"Bujanovac jug","Vodanj",890,1770,2660,5320,10650,8,15.5,23,45.5,91
"Bujanovac jug","Kolari",870,1740,2610,5220,10440,7.5,15,22.5,45,89.5
"Bujanovac jug","Smederevo",850,1710,2560,5130,10260,7.5,15,22,44,88
"Bujanovac jug","Požarevac",850,1700,2550,5100,10210,7.5,15,22,44,87.5
"Bujanovac jug","Velika Plana",770,1540,2320,4630,9260,7,13.5,20,40,79.5
"Bujanovac jug","Markovac",740,1480,2220,4440,8880,6.5,13,19,38,76
"Bujanovac jug","Lapovo",720,1450,2170,4340,8670,6.5,12.5,19,37.5,74.5
"Bujanovac jug","Batočina",710,1420,2140,4270,8550,6.5,12.5,18.5,36.5,73.5
"Bujanovac jug","Jagodina",650,1310,1960,3920,7840,6,11.5,17,33.5,67
"Bujanovac jug","Ćuprija",620,1230,1850,3700,7410,5.5,11,16,32,63.5
"Bujanovac jug","Paraćin",590,1180,1760,3530,7060,5.5,10.5,15.5,30.5,60.5
"Bujanovac jug","Ćićevac",570,1130,1700,3400,6800,5,10,15,29.5,58.5
"Bujanovac jug","Ražanj",520,1040,1560,3120,6240,4.5,9,13.5,27,53.5
"Bujanovac jug","Aleksinački Rudnici",460,930,1390,2780,5550,4,8,12,24,47.5
"Bujanovac jug","Aleksinac",450,900,1350,2690,5390,4,8,12,23,46.5
"Bujanovac jug","Niš jug",380,760,1150,2290,4580,3.5,6.5,10,20,39.5
"Bujanovac jug","Doljevac",340,670,1010,2020,4050,3,6,9,17.5,35
"Bujanovac jug","Brestovac",320,640,960,1930,3850,3,5.5,8.5,16.5,33
"Bujanovac jug","Leskovac centar",300,600,900,1810,3610,3,5.5,8,15.5,31
"Bujanovac jug","Leskovac jug",260,510,770,1540,3080,2.5,4.5,7,13.5,26.5
"Bujanovac jug","Grdelica",230,450,680,1360,2720,2,4,6,12,23.5
"Bujanovac jug","Predejane",180,360,550,1090,2180,2,3.5,5,9.5,19
"Bujanovac jug","Vladičin Han",110,220,340,670,1350,1,2,3,6,12
"Bujanovac jug","Vranje",50,100,140,290,580,0.5,1,1.5,2.5,5
"Bujanovac jug","Bujanovac sever",10,20,30,60,120,0.5,0.5,0.5,1,1.5
"Bujanovac jug","Preševo",60,110,170,340,670,1,1,1.5,3,6
"Bujanovac jug","Dimitrovgrad",710,1430,2140,4280,8570,6.5,12.5,18.5,37,73.5
"Bujanovac jug","Šid",1230,2460,3700,7390,14780,11.5,21.5,32.5,64,127
"Bujanovac jug","Adaševci",380,760,1150,2290,4580,3.5,6.5,10,20,39.5
"Bujanovac jug","Kuzmin",1170,2340,3510,7020,14030,11,20.5,31,61,120.5
"Bujanovac jug","Sremska Mitrovica",1170,2340,3500,7000,14010,11,21,31,60.5,120
"Bujanovac jug","Ruma",1080,2150,3240,6470,12930,10,19,28.5,56,111
"Bujanovac jug","Pećinci",1040,2080,3130,6250,12500,10,18.5,27.5,54.5,107.5
"Bujanovac jug","Takovo",1230,2460,3690,7390,14780,11.5,22,32,64,127
"Bujanovac jug","Preljina jug",1300,2600,3910,7810,15610,12,23,34,67.5,134
"Bujanovac jug","Obrenovac",970,1940,2920,5830,11660,9,17,25.5,50.5,100
"Bujanovac jug","Ub",1040,2090,3140,6270,12540,10,18.5,27.5,54.5,108
"Bujanovac jug","Lajkovac",1080,2160,3260,6500,13010,10,19,28.5,56.5,112
"Bujanovac jug","Ljig",1150,2300,3460,6910,13820,11,20.5,30.5,60,118.5
"Bujanovac jug","Merošina",370,730,1100,2200,4390,3.5,6.5,9.5,19,38
"Bujanovac jug","Niš sever",400,800,1200,2390,4780,3.5,7,10.5,20.5,41
"Bujanovac jug","Niš istok",420,830,1250,2500,5000,4,7.5,11,21.5,43
"Bujanovac jug","Niš Malča",440,870,1310,2620,5240,4,7.5,11.5,22.5,45
"Bujanovac jug","Bela Palanka",530,1060,1580,3170,6340,5,9.5,13.5,27.5,54.5
"Bujanovac jug","Pirot zapad",600,1200,1790,3590,7170,5.5,10.5,15.5,31,61.5
"Bujanovac jug","Pirot istok",630,1270,1900,3800,7600,5.5,11,16.5,32.5,65
"Bujanovac jug","Čačak (Pakovraće)",1330,2660,4000,7990,15970,12,23.5,34.5,68.5,137
"Bujanovac jug","Hrtkovci",1110,2220,3340,6660,13330,10,19.5,29,57.5,114.5
"Bujanovac jug","Šabac",1150,2290,3450,6890,13780,10.5,20,30,59.5,118.5
"Bujanovac jug","Kruševac istok",620,1240,1850,3710,7420,5.5,11,16,32,63.5
"Bujanovac jug","Kruševac zapad",620,1250,1870,3740,7480,5.5,11,16,32,64
"Bujanovac jug","Koševi",640,1280,1920,3840,7680,5.5,11,16.5,33,66
"Bujanovac jug","Velika Drenova",660,1320,1980,3970,7930,6,11.5,17,34,68
"Bujanovac jug","Trstenik",700,1400,2100,4200,8400,6,12,18,36,72
"Bujanovac jug","Vrnjačka Banja",730,1460,2200,4390,8790,6.5,12.5,19,38,75.5
"Bujanovac jug","Lučani",1400,2800,4210,8410,16820,12.5,24.5,36.5,72.5,144.5
"Bujanovac jug","Prilipac",1450,2890,4350,8690,17380,13,25.5,37.5,74.5,149
"Bujanovac jug","Vrba",770,1540,2310,4620,9250,7,13.5,20,39.5,79.5
"Bujanovac jug","Adrani",1380,2750,4140,8260,16530,12.5,24,35.5,71,142
"Preševo","Subotica",1450,2910,4350,8710,17430,13.5,26,38,75,149
"Preševo","Žednik",1400,2790,4180,8370,16750,13,25,36.5,72,143.5
"Preševo","Bačka Topola",1360,2730,4080,8170,16340,12.5,24.5,36,70.5,140
"Preševo","Feketić",1310,2610,3910,7830,15670,12,23.5,34.5,67.5,134
"Preševo","Vrbas",1280,2560,3830,7670,15340,12,23,33.5,66,131.5
"Preševo","Zmajevo",1240,2490,3720,7460,14920,11.5,22.5,32.5,64.5,128
"Preševo","Novi Sad",1200,2400,3590,7190,14380,11,21.5,31.5,62,123
"Preševo","Kovilj",1150,2290,3430,6870,13750,11,20.5,30,59,118
"Preševo","Beška",1100,2210,3300,6610,13220,10.5,20,29,57,113.5
"Preševo","Maradik",1090,2180,3260,6540,13070,10.5,20,29,56.5,112
"Preševo","Inđija",1080,2160,3220,6460,12920,9.5,19,28,55.5,110.5
"Preševo","Beograd",1030,2060,3080,6170,12340,9,18,26.5,53,105.5
"Preševo","Mali Požarevac",980,1950,2930,5860,11730,8.5,17,25.5,50.5,100.5
"Preševo","Umčari",960,1920,2880,5760,11520,8.5,16.5,25,49.5,98.5
"Preševo","Vodanj",940,1890,2830,5660,11320,8.5,16.5,24.5,48.5,97
"Preševo","Kolari",930,1850,2780,5560,11120,8,16,24,47.5,95
"Preševo","Smederevo",910,1820,2730,5470,10930,8,16,23.5,47,93.5
"Preševo","Požarevac",910,1810,2720,5440,10880,8,15.5,23.5,46.5,93
"Preševo","Velika Plana",830,1650,2480,4970,9940,7.5,14.5,21.5,42.5,85
"Preševo","Markovac",800,1590,2390,4780,9560,7,14,20.5,41,82
"Preševo","Lapovo",780,1560,2340,4670,9350,7,13.5,20,40,80
"Preševo","Batočina",770,1540,2310,4610,9220,7,13.5,20,39.5,79
"Preševo","Jagodina",710,1420,2130,4250,8510,6.5,12.5,18.5,36.5,73
"Preševo","Ćuprija",670,1350,2020,4040,8080,6,12,17.5,35,69.5
"Preševo","Paraćin",640,1290,1930,3860,7730,5.5,11.5,16.5,33,66.5
"Preševo","Ćićevac",620,1250,1870,3740,7470,5.5,11,16,32,64
"Preševo","Ražanj",580,1150,1730,3460,6910,5,10,15,30,59.5
"Preševo","Aleksinački Rudnici",520,1040,1560,3110,6220,4.5,9,13.5,27,53.5
"Preševo","Aleksinac",510,1010,1520,3030,6060,4.5,9,13,26,52
"Preševo","Niš jug",440,880,1310,2630,5260,4,8,11.5,22.5,45
"Preševo","Doljevac",390,790,1180,2360,4720,3.5,7,10.5,20.5,40.5
"Preševo","Brestovac",380,750,1130,2260,4520,3.5,6.5,10,19.5,39
"Preševo","Leskovac centar",360,710,1070,2140,4290,3.5,6.5,9.5,18.5,37
"Preševo","Leskovac jug",310,630,940,1880,3760,3,5.5,8.5,16.5,32.5
"Preševo","Grdelica",280,570,850,1700,3390,2.5,5,7.5,15,29
"Preševo","Predejane",240,480,710,1430,2860,2.5,4.5,6.5,12.5,24.5
"Preševo","Vladičin Han",170,340,510,1010,2020,1.5,3,4.5,9,17.5
"Preševo","Vranje",100,210,310,620,1250,1,2,3,5.5,11
"Preševo","Bujanovac sever",70,130,200,400,800,1,1.5,2,3.5,7
"Preševo","Bujanovac jug",60,110,170,340,670,1,1,1.5,3,6
"Preševo","Dimitrovgrad",770,1540,2310,4620,9240,7,13.5,20,39.5,79
"Preševo","Šid",1290,2580,3860,7730,15460,12,23,34,66.5,132.5
"Preševo","Adaševci",440,880,1310,2630,5260,4,8,11.5,22.5,45
"Preševo","Kuzmin",1230,2460,3670,7360,14710,11.5,22,32.5,63.5,126
"Preševo","Sremska Mitrovica",1170,2340,3500,7000,14010,11,21,31,60.5,120
"Preševo","Ruma",1140,2270,3400,6810,13610,10.5,20.5,30,58.5,116.5
"Preševo","Pećinci",1100,2200,3290,6590,13180,10.5,20,29,57,113
"Preševo","Takovo",1300,2600,3890,7790,15580,11.5,23,33.5,67,133.5
"Preševo","Preljina jug",1360,2720,4070,8150,16290,12,24,35,70,139.5
"Preševo","Obrenovac",1030,2060,3080,6170,12340,9.5,18.5,27,53,105.5
"Preševo","Ub",1100,2210,3300,6610,13220,10.5,20,29,57,113.5
"Preševo","Lajkovac",1140,2280,3420,6840,13690,10.5,20.5,30,59,117.5
"Preševo","Ljig",1210,2420,3620,7250,14500,11.5,22,32,62.5,124
"Preševo","Merošina",420,840,1270,2530,5070,4,7.5,11,22,43.5
"Preševo","Niš sever",450,910,1360,2730,5450,4,8,12,23.5,47
"Preševo","Niš istok",470,950,1420,2840,5670,4.5,8.5,12.5,24.5,48.5
"Preševo","Niš Malča",490,990,1480,2960,5920,4.5,8.5,13,25.5,51
"Preševo","Bela Palanka",580,1170,1750,3500,7010,5,10,15,30,60
"Preševo","Pirot zapad",650,1310,1960,3920,7850,6,11.5,17,33.5,67.5
"Preševo","Pirot istok",690,1380,2070,4130,8270,6,12,18,35.5,71
"Preševo","Čačak (Pakovraće)",1390,2780,4160,8330,16650,12.5,24.5,36,71.5,142.5
"Preševo","Hrtkovci",1170,2340,3500,7000,14010,10.5,20.5,30.5,60.5,120
"Preševo","Šabac",1210,2410,3610,7230,14460,11,21,31.5,62.5,124
"Preševo","Kruševac istok",670,1350,2020,4050,8090,6,12,17.5,35,69.5
"Preševo","Kruševac zapad",680,1360,2040,4080,8150,6,12,17.5,35,70
"Preševo","Koševi",700,1390,2090,4180,8350,6,12,18,36,71.5
"Preševo","Velika Drenova",720,1430,2150,4300,8610,6.5,12.5,18.5,37,74
"Preševo","Trstenik",760,1510,2270,4540,9070,6.5,13,19.5,39,77.5
"Preševo","Vrnjačka Banja",790,1580,2360,4730,9460,7,13.5,20.5,40.5,81
"Preševo","Lučani",1460,2920,4370,8750,17500,13,25.5,38,75.5,150
"Preševo","Prilipac",1510,3010,4510,9030,18060,13.5,26.5,39,77.5,154.5
"Preševo","Vrba",830,1650,2480,4960,9920,7.5,14.5,21.5,42.5,85
"Preševo","Adrani",1440,2870,4300,8600,17210,13,25,37,74,147.5
"Dimitrovgrad","Subotica",1320,2650,3980,7950,15920,12,23,34.5,68.5,136.5
"Dimitrovgrad","Žednik",1270,2530,3810,7610,15240,11.5,22,33,65.5,131
"Dimitrovgrad","Bačka Topola",1230,2470,3710,7410,14830,11,21.5,32.5,64,127.5
"Dimitrovgrad","Feketić",1180,2350,3540,7070,14160,10.5,20.5,31,61,121.5
"Dimitrovgrad","Vrbas",1150,2300,3460,6910,13830,10.5,20,30,59.5,119
"Dimitrovgrad","Zmajevo",1110,2230,3350,6700,13410,10,19.5,29,58,115.5
"Dimitrovgrad","Novi Sad",1070,2140,3220,6430,12870,9.5,18.5,28,55.5,110.5
"Dimitrovgrad","Kovilj",1020,2030,3060,6110,12240,9.5,17.5,26.5,52.5,105.5
"Dimitrovgrad","Beška",970,1950,2930,5850,11710,9,17,25.5,50.5,101
"Dimitrovgrad","Maradik",960,1920,2890,5780,11560,9,17,25.5,50,99.5
"Dimitrovgrad","Inđija",950,1900,2850,5700,11410,8.5,16.5,25,49,98
"Dimitrovgrad","Beograd",900,1800,2710,5410,10830,8,15.5,23.5,46.5,93
"Dimitrovgrad","Mali Požarevac",850,1700,2560,5110,10220,7.5,15,22,44,87.5
"Dimitrovgrad","Umčari",830,1670,2500,5010,10010,7.5,14.5,21.5,43,86
"Dimitrovgrad","Vodanj",820,1640,2450,4910,9820,7.5,14.5,21,42,84
"Dimitrovgrad","Kolari",800,1600,2400,4810,9610,7,14,21,41.5,82.5
"Dimitrovgrad","Smederevo",790,1570,2360,4710,9430,7,13.5,20.5,40.5,81
"Dimitrovgrad","Požarevac",780,1560,2340,4690,9380,7,13.5,20,40.5,80.5
"Dimitrovgrad","Velika Plana",700,1410,2110,4220,8430,6,12.5,18.5,36.5,72.5
"Dimitrovgrad","Markovac",670,1340,2010,4030,8050,6,11.5,17.5,34.5,69
"Dimitrovgrad","Lapovo",650,1310,1960,3920,7840,6,11.5,17,33.5,67
"Dimitrovgrad","Batočina",640,1290,1930,3860,7720,5.5,11.5,16.5,33,66
"Dimitrovgrad","Jagodina",580,1170,1750,3500,7000,5,10,15,30,60
"Dimitrovgrad","Ćuprija",550,1100,1640,3290,6570,5,9.5,14.5,28.5,56.5
"Dimitrovgrad","Paraćin",520,1040,1560,3110,6220,4.5,9,13.5,27,53.5
"Dimitrovgrad","Ćićevac",500,990,1490,2980,5970,4.5,8.5,13,25.5,51
"Dimitrovgrad","Ražanj",450,900,1350,2700,5410,4,8,12,23.5,46.5
"Dimitrovgrad","Aleksinački Rudnici",390,790,1180,2360,4720,3.5,7,10.5,20.5,40.5
"Dimitrovgrad","Aleksinac",380,760,1140,2280,4560,3.5,6.5,10,19.5,39
"Dimitrovgrad","Niš jug",330,660,1000,1990,3980,3,6,9,17,34
"Dimitrovgrad","Doljevac",380,750,1130,2260,4520,3.5,6.5,10,19.5,39
"Dimitrovgrad","Brestovac",390,790,1180,2360,4720,3.5,7,10.5,20.5,40.5
"Dimitrovgrad","Leskovac centar",410,830,1240,2480,4950,4,7.5,11,21.5,42.5
"Dimitrovgrad","Leskovac jug",460,910,1370,2740,5480,4,8,12,23.5,47
"Dimitrovgrad","Grdelica",490,970,1460,2920,5850,4.5,8.5,12.5,25,50
"Dimitrovgrad","Predejane",530,1060,1600,3190,6380,5,9.5,14,27.5,55
"Dimitrovgrad","Vladičin Han",600,1200,1810,3610,7220,5.5,10.5,15.5,31,62
"Dimitrovgrad","Vranje",670,1330,2000,4000,7990,6,11.5,17.5,34.5,68.5
"Dimitrovgrad","Bujanovac sever",700,1410,2110,4220,8440,6,12.5,18.5,36.5,72.5
"Dimitrovgrad","Bujanovac jug",710,1430,2140,4280,8570,6.5,12.5,18.5,37,73.5
"Dimitrovgrad","Preševo",770,1540,2310,4620,9240,7,13.5,20,39.5,79
"Dimitrovgrad","Šid",1160,2320,3490,6970,13950,10.5,20,30.5,60,120
"Dimitrovgrad","Adaševci",1140,2270,3420,6820,13650,10.5,20,30,59,117.5
"Dimitrovgrad","Kuzmin",1100,2200,3300,6600,13200,10,19,29,57,113.5
"Dimitrovgrad","Sremska Mitrovica",1040,2080,3130,6240,12500,9.5,18,27.5,54,107.5
"Dimitrovgrad","Ruma",1010,2010,3030,6050,12100,9,17.5,26.5,52,104
"Dimitrovgrad","Pećinci",970,1940,2920,5830,11670,9,17,25.5,50.5,100.5
"Dimitrovgrad","Takovo",1170,2340,3520,7030,14070,10.5,20.5,30.5,60.5,121
"Dimitrovgrad","Preljina jug",1230,2460,3700,7390,14780,11,21.5,32,63.5,127
"Dimitrovgrad","Obrenovac",900,1800,2710,5410,10830,8,15.5,23.5,46.5,93
"Dimitrovgrad","Ub",970,1950,2930,5850,11710,9,17,25.5,50.5,101
"Dimitrovgrad","Lajkovac",1010,2020,3050,6080,12180,9,17.5,26.5,52.5,105
"Dimitrovgrad","Ljig",1080,2160,3250,6490,12990,10,19,28.5,56,111.5
"Dimitrovgrad","Merošina",350,700,1040,2090,4170,3,6,9,18,36
"Dimitrovgrad","Niš sever",320,630,950,1890,3790,3,5.5,8.5,16.5,32.5
"Dimitrovgrad","Niš istok",300,590,890,1780,3570,3,5.5,8,15.5,30.5
"Dimitrovgrad","Niš Malča",280,550,830,1660,3320,2.5,5,7.5,14.5,28.5
"Dimitrovgrad","Bela Palanka",190,370,560,1120,2230,2,3.5,5,10,19.5
"Dimitrovgrad","Pirot zapad",120,230,350,700,1390,1.5,2,3,6,12
"Dimitrovgrad","Pirot istok",80,160,240,490,970,1,1.5,2.5,4.5,8.5
"Dimitrovgrad","Čačak (Pakovraće)",1260,2520,3790,7570,15140,11.5,22,33,65,130
"Dimitrovgrad","Hrtkovci",1040,2080,3130,6240,12500,9.5,18,27.5,54,107.5
"Dimitrovgrad","Šabac",1080,2150,3240,6470,12950,10,18.5,28.5,56,111.5
"Dimitrovgrad","Kruševac istok",550,1100,1650,3290,6590,5,9.5,14.5,28.5,56.5
"Dimitrovgrad","Kruševac zapad",550,1110,1660,3320,6650,5,9.5,14.5,28.5,57
"Dimitrovgrad","Koševi",570,1140,1710,3420,6850,5,10,15,29.5,59
"Dimitrovgrad","Velika Drenova",590,1180,1780,3550,7100,5.5,10.5,15.5,30.5,61
"Dimitrovgrad","Trstenik",630,1260,1890,3780,7560,5.5,11,16.5,32.5,65
"Dimitrovgrad","Vrnjačka Banja",660,1330,1990,3980,7950,6,11.5,17,34,68
"Dimitrovgrad","Lučani",1330,2660,4000,7990,15990,12,23,35,69,137.5
"Dimitrovgrad","Prilipac",1380,2750,4140,8270,16550,12.5,24,36,71,142
"Dimitrovgrad","Vrba",700,1400,2100,4210,8410,6,12,18,36,72
"Dimitrovgrad","Adrani",1310,2610,3930,7840,15700,12,22.5,34,67.5,135
"Šid","Subotica",680,1370,2050,4100,8210,6.5,12,18,35.5,70.5
"Šid","Žednik",630,1250,1880,3760,7530,6,11,16.5,32.5,65
"Šid","Bačka Topola",590,1190,1780,3560,7120,5.5,10.5,16,31,61.5
"Šid","Feketić",540,1070,1610,3220,6450,5,9.5,14.5,28,55.5
"Šid","Vrbas",510,1020,1530,3060,6120,5,9,13.5,26.5,53
"Šid","Zmajevo",470,950,1420,2850,5700,4.5,8.5,12.5,25,49.5
"Šid","Novi Sad",430,860,1290,2580,5160,4,7.5,11.5,22.5,44.5
"Šid","Kovilj",380,750,1130,2260,4530,4,6.5,10,19.5,39.5
"Šid","Beška",330,670,1000,2000,4000,3.5,6,9,17.5,35
"Šid","Maradik",320,640,960,1930,3850,3.5,6,9,17,33.5
"Šid","Inđija",310,620,920,1850,3700,3,5.5,8.5,16,32
"Šid","Beograd",260,520,780,1560,3120,2.5,4.5,7,13.5,27
"Šid","Mali Požarevac",310,620,930,1860,3730,3,5.5,8.5,16.5,32.5
"Šid","Umčari",330,660,980,1970,3940,3.5,6,9,17.5,34.5
"Šid","Vodanj",340,690,1030,2070,4130,3.5,6,9.5,18,36
"Šid","Kolari",360,720,1080,2170,4340,3.5,6.5,10,19,37.5
"Šid","Smederevo",380,750,1130,2260,4520,4,6.5,10,19.5,39
"Šid","Požarevac",380,760,1140,2290,4570,4,7,10.5,20,39.5
"Šid","Velika Plana",460,920,1380,2760,5520,4.5,8,12.5,24,48
"Šid","Markovac",490,980,1470,2950,5900,4.5,8.5,13,25.5,51
"Šid","Lapovo",510,1020,1530,3050,6110,5,9,13.5,26.5,53
"Šid","Batočina",520,1040,1560,3120,6230,5,9,14,27,54
"Šid","Jagodina",580,1160,1740,3470,6950,5.5,10,15.5,30,60
"Šid","Ćuprija",610,1230,1840,3690,7380,5.5,11,16.5,32,63.5
"Šid","Paraćin",640,1290,1930,3860,7730,6,11.5,17,33.5,66.5
"Šid","Ćićevac",690,1380,2070,4130,8260,6.5,12,18.5,35.5,71
"Šid","Ražanj",710,1420,2140,4270,8540,6.5,12.5,19,37,73.5
"Šid","Aleksinački Rudnici",770,1540,2310,4620,9230,7,13.5,20.5,40,79.5
"Šid","Aleksinac",780,1570,2350,4700,9390,7,13.5,20.5,40.5,81
"Šid","Niš jug",850,1700,2550,5100,10200,8,15,22.5,44,87.5
"Šid","Doljevac",890,1790,2680,5370,10740,8.5,16,24,46.5,92.5
"Šid","Brestovac",910,1820,2730,5470,10930,9,16.5,24.5,47.5,94
"Šid","Leskovac centar",930,1860,2790,5590,11170,9,16.5,25,48.5,96
"Šid","Leskovac jug",970,1950,2920,5850,11700,9.5,17.5,26,50.5,100.5
"Šid","Grdelica",1010,2010,3020,6030,12070,9.5,18,27,52,103.5
"Šid","Predejane",1050,2100,3150,6300,12600,10,18.5,28,54.5,108.5
"Šid","Vladičin Han",1120,2240,3360,6720,13440,10.5,20,29.5,58,115.5
"Šid","Vranje",1180,2370,3550,7100,14210,11,21,31.5,61.5,122
"Šid","Bujanovac sever",1220,2440,3660,7330,14660,11.5,21.5,32,63.5,126
"Šid","Bujanovac jug",1230,2460,3700,7390,14780,11.5,21.5,32.5,64,127
"Šid","Preševo",1290,2580,3860,7730,15460,12,23,34,66.5,132.5
"Šid","Dimitrovgrad",1160,2320,3490,6970,13950,10.5,20,30.5,60,120
"Šid","Kuzmin",60,120,190,370,740,1,1.5,2,3.5,6.5
"Šid","Sremska Mitrovica",120,240,360,720,1450,1.5,2.5,3.5,6.5,12.5
"Šid","Ruma",160,320,480,950,1900,1.5,3,4.5,8.5,16.5
"Šid","Pećinci",190,380,570,1140,2270,2,3.5,5,10,19.5
"Šid","Takovo",530,1060,1590,3180,6360,5,9.5,14,27.5,55
"Šid","Preljina jug",590,1180,1770,3540,7070,5.5,10.5,15.5,30.5,61
"Šid","Obrenovac",260,520,780,1560,3120,2.5,4.5,7,13.5,27
"Šid","Ub",330,670,1000,2000,4000,3.5,6,9,17.5,35
"Šid","Lajkovac",370,740,1120,2230,4470,3.5,6.5,10,19.5,39
"Šid","Ljig",440,880,1320,2640,5280,4.5,8,12,23,45.5
"Šid","Merošina",870,1730,2600,5190,10390,8,15,23,45,89.5
"Šid","Niš sever",850,1690,2540,5080,10160,8,14.5,22.5,44,87.5
"Šid","Niš istok",870,1730,2600,5190,10380,8,15,23,45,89.5
"Šid","Niš Malča",890,1770,2660,5310,10630,8,15.5,23.5,46,91.5
"Šid","Bela Palanka",980,1950,2930,5860,11720,9,17,25.5,50.5,100.5
"Šid","Pirot zapad",1050,2090,3140,6280,12560,9.5,18,27.5,54,108
"Šid","Pirot istok",1080,2160,3240,6490,12980,10,19,28.5,56,111.5
"Šid","Morović",20,50,70,150,290,0.5,0.5,1,1.5,2.5
"Šid","Čačak (Pakovraće)",620,1240,1860,3720,7430,6,11,16.5,32,64
"Šid","Hrtkovci",190,380,580,1150,2300,2,3.5,5,10,20
"Šid","Šabac",230,460,690,1380,2760,2,4,6,12,24
"Šid","Kruševac istok",740,1480,2220,4440,8880,7,13,19.5,38.5,76.5
"Šid","Kruševac zapad",740,1490,2230,4470,8940,7,13,19.5,38.5,77
"Šid","Koševi",760,1520,2290,4570,9140,7,5.5,20,39.5,78.5
"Šid","Velika Drenova",780,1570,2350,4700,9390,7,13.5,20.5,40.5,81
"Šid","Trstenik",820,1640,2460,4930,9860,7.5,14.5,21.5,42.5,85
"Šid","Vrnjačka Banja",850,1710,2560,5120,10250,8,15,22.5,44,88
"Šid","Lučani",690,1380,2070,4140,8280,6.5,12,18.5,36,71.5
"Šid","Prilipac",740,1470,2210,4420,8840,7,13,19.5,38,76
"Šid","Vrba",890,1780,2680,5350,10700,8,15.5,23.5,46,92
"Šid","Adrani",670,1330,2000,3990,7990,6.5,11.5,17.5,34.5,69
"Adaševci","Šid",20,50,70,150,290,0.5,0.5,1,1.5,2.5
"Kuzmin","Subotica",620,1250,1860,3730,7460,6,11,16.5,32.5,64
"Kuzmin","Žednik",570,1130,1690,3390,6780,5.5,10,15,29.5,58.5
"Kuzmin","Bačka Topola",530,1070,1590,3190,6370,5,9.5,14.5,28,55
"Kuzmin","Feketić",480,950,1420,2850,5700,4.5,8.5,13,25,49
"Kuzmin","Vrbas",450,900,1340,2690,5370,4.5,8,12,23.5,46.5
"Kuzmin","Zmajevo",410,830,1230,2480,4950,4,7.5,11,22,43
"Kuzmin","Novi Sad",370,740,1100,2210,4410,3.5,6.5,10,19.5,38
"Kuzmin","Kovilj",320,630,940,1890,3780,3.5,5.5,8.5,16.5,33
"Kuzmin","Beška",270,550,810,1630,3250,3,5,7.5,14.5,28.5
"Kuzmin","Maradik",260,520,770,1560,3100,3,5,7.5,14,27
"Kuzmin","Inđija",250,500,730,1480,2950,2.5,4.5,7,13,25.5
"Kuzmin","Beograd",200,400,590,1190,2370,2,3.5,5.5,10.5,20.5
"Kuzmin","Mali Požarevac",250,500,740,1490,2980,2.5,4.5,7,13.5,26
"Kuzmin","Umčari",270,540,790,1600,3190,3,5,7.5,14.5,28
"Kuzmin","Vodanj",280,570,840,1700,3380,3,5,8,15,29.5
"Kuzmin","Kolari",300,600,890,1800,3590,3,5.5,8.5,16,31
"Kuzmin","Smederevo",320,630,940,1890,3770,3.5,5.5,8.5,16.5,32.5
"Kuzmin","Požarevac",320,640,950,1920,3820,3.5,6,9,17,33
"Kuzmin","Velika Plana",400,800,1190,2390,4770,4,7,11,21,41.5
"Kuzmin","Markovac",430,860,1280,2580,5150,4,7.5,11.5,22.5,44.5
"Kuzmin","Lapovo",450,900,1340,2680,5360,4.5,8,12,23.5,46.5
"Kuzmin","Batočina",460,920,1370,2750,5480,4.5,8,12.5,24,47.5
"Kuzmin","Jagodina",520,1040,1550,3100,6200,5,9,14,27,53.5
"Kuzmin","Ćuprija",550,1110,1650,3320,6630,5,10,15,29,57
"Kuzmin","Paraćin",580,1170,1740,3490,6980,5.5,10.5,15.5,30.5,60
"Kuzmin","Ćićevac",630,1260,1880,3760,7510,6,11,17,32.5,64.5
"Kuzmin","Ražanj",650,1300,1950,3900,7790,6,11.5,17.5,34,67
"Kuzmin","Aleksinački Rudnici",710,1420,2120,4250,8480,6.5,12.5,19,37,73
"Kuzmin","Aleksinac",720,1450,2160,4330,8640,6.5,12.5,19,37.5,74.5
"Kuzmin","Niš jug",790,1580,2360,4730,9450,7.5,14,21,41,81
"Kuzmin","Doljevac",830,1670,2490,5000,9990,8,15,22.5,43.5,86
"Kuzmin","Brestovac",850,1700,2540,5100,10180,8.5,15.5,23,44.5,87.5
"Kuzmin","Leskovac centar",870,1740,2600,5220,10420,8.5,15.5,23.5,45.5,89.5
"Kuzmin","Leskovac jug",910,1830,2730,5480,10950,9,16.5,24.5,47.5,94
"Kuzmin","Grdelica",950,1890,2830,5660,11320,9,17,25.5,49,97
"Kuzmin","Predejane",990,1980,2960,5930,11850,9.5,17.5,26.5,51.5,102
"Kuzmin","Vladičin Han",1060,2120,3170,6350,12690,10,19,28,55,109
"Kuzmin","Vranje",1120,2250,3360,6730,13460,10.5,20,30,58.5,115.5
"Kuzmin","Bujanovac sever",1160,2320,3470,6960,13910,11,20.5,30.5,60.5,119.5
"Kuzmin","Bujanovac jug",1170,2340,3510,7020,14030,11,20.5,31,61,120.5
"Kuzmin","Preševo",1230,2460,3670,7360,14710,11.5,22,32.5,63.5,126
"Kuzmin","Dimitrovgrad",1100,2200,3300,6600,13200,10,19,29,57,113.5
"Kuzmin","Šid",60,120,190,370,740,1,1.5,2,3.5,6.5
"Kuzmin","Adaševci",40,80,110,230,450,0.5,1,1,2,4
"Kuzmin","Sremska Mitrovica",60,120,180,350,710,1,1.5,2,3,6.5
"Kuzmin","Ruma",100,190,290,580,1160,1,2,2.5,5,10
"Kuzmin","Pećinci",130,260,380,770,1530,1.5,2.5,3.5,7,13.5
"Kuzmin","Takovo",470,940,1400,2810,5610,4.5,8.5,12.5,24.5,48.5
"Kuzmin","Preljina jug",530,1060,1580,3170,6320,5,9.5,14,27.5,54.5
"Kuzmin","Obrenovac",200,400,590,1190,2370,2,3.5,5.5,10.5,20.5
"Kuzmin","Ub",270,550,810,1630,3250,3,5,7.5,14.5,28.5
"Kuzmin","Lajkovac",310,620,930,1860,3720,3,5.5,8.5,16.5,32.5
"Kuzmin","Ljig",380,760,1130,2270,4530,4,7,10.5,20,39
"Kuzmin","Merošina",810,1610,2410,4820,9640,7.5,14,21.5,42,83
"Kuzmin","Niš sever",790,1570,2350,4710,9410,7.5,13.5,21,41,81
"Kuzmin","Niš istok",810,1610,2410,4820,9630,7.5,14,21.5,42,83
"Kuzmin","Niš Malča",830,1650,2470,4940,9880,7.5,14.5,22,43,85
"Kuzmin","Bela Palanka",920,1830,2740,5490,10970,8.5,16,24,47.5,94
"Kuzmin","Pirot zapad",990,1970,2950,5910,11810,9,17,26,51,101.5
"Kuzmin","Pirot istok",1020,2040,3050,6120,12230,9.5,18,27,53,105
"Kuzmin","Čačak (Pakovraće)",560,1120,1670,3350,6680,5.5,10,15,29,57.5
"Kuzmin","Hrtkovci",130,260,390,780,1560,1.5,2.5,3.5,7,13.5
"Kuzmin","Šabac",170,340,500,1010,2010,1.5,3,4.5,9,17.5
"Kuzmin","Kruševac istok",680,1360,2030,4070,8130,6.5,12,18,35.5,70
"Kuzmin","Kruševac zapad",680,1370,2040,4100,8190,6.5,12,18,35.5,70.5
"Kuzmin","Koševi",700,1400,2100,4200,8390,6.5,4.5,18.5,36.5,72
"Kuzmin","Velika Drenova",720,1450,2160,4330,8640,6.5,12.5,19,37.5,74.5
"Kuzmin","Trstenik",760,1520,2270,4560,9110,7,13.5,20,39.5,78.5
"Kuzmin","Vrnjačka Banja",790,1590,2370,4750,9500,7.5,14,21,41,81.5
"Kuzmin","Lučani",630,1260,1880,3770,7530,6,11,17,33,65
"Kuzmin","Prilipac",680,1350,2020,4050,8090,6.5,12,18,35,69.5
"Kuzmin","Vrba",830,1660,2490,4980,9950,7.5,14.5,22,43,85.5
"Kuzmin","Adrani",610,1210,1810,3620,7240,6,10.5,16,31.5,62.5
"Sremska Mitrovica","Subotica",560,1130,1690,3370,6760,5.5,10,15,29.5,58
"Sremska Mitrovica","Žednik",510,1010,1520,3030,6080,5,9,13.5,26.5,52.5
"Sremska Mitrovica","Bačka Topola",470,950,1420,2830,5670,4.5,8.5,13,25,49
"Sremska Mitrovica","Feketić",420,830,1250,2490,5000,4,7.5,11.5,22,43
"Sremska Mitrovica","Vrbas",390,780,1170,2330,4670,4,7,10.5,20.5,40.5
"Sremska Mitrovica","Zmajevo",350,710,1060,2120,4250,3.5,6.5,9.5,19,37
"Sremska Mitrovica","Novi Sad",310,620,930,1850,3710,3,5.5,8.5,16.5,32
"Sremska Mitrovica","Kovilj",260,510,770,1530,3080,3,4.5,7,13.5,27
"Sremska Mitrovica","Beška",210,430,640,1270,2550,2.5,4,6,11.5,22.5
"Sremska Mitrovica","Maradik",200,400,600,1200,2400,2.5,4,6,11,21
"Sremska Mitrovica","Inđija",190,380,560,1120,2250,2,3.5,5.5,10,19.5
"Sremska Mitrovica","Beograd",140,280,420,830,1670,1.5,2.5,4,7.5,14.5
"Sremska Mitrovica","Mali Požarevac",190,380,570,1130,2280,2,3.5,5.5,10.5,20
"Sremska Mitrovica","Umčari",210,420,620,1240,2490,2.5,4,6,11.5,22
"Sremska Mitrovica","Vodanj",220,450,670,1340,2680,2.5,4,6.5,12,23.5
"Sremska Mitrovica","Kolari",240,480,720,1440,2890,2.5,4.5,7,13,25
"Sremska Mitrovica","Smederevo",260,510,770,1530,3070,3,4.5,7,13.5,26.5
"Sremska Mitrovica","Požarevac",260,520,780,1560,3120,3,5,7.5,14,27
"Sremska Mitrovica","Velika Plana",340,680,1020,2030,4070,3.5,6,9.5,18,35.5
"Sremska Mitrovica","Markovac",370,740,1110,2220,4450,3.5,6.5,10,19.5,38.5
"Sremska Mitrovica","Lapovo",390,780,1170,2320,4660,4,7,10.5,20.5,40.5
"Sremska Mitrovica","Batočina",400,800,1200,2390,4780,4,7,11,21,41.5
"Sremska Mitrovica","Jagodina",460,920,1380,2740,5500,4.5,8,12.5,24,47.5
"Sremska Mitrovica","Ćuprija",490,990,1480,2960,5930,4.5,9,13.5,26,51
"Sremska Mitrovica","Paraćin",520,1050,1570,3130,6280,5,9.5,14,27.5,54
"Sremska Mitrovica","Ćićevac",570,1140,1710,3400,6810,5.5,10,15.5,29.5,58.5
"Sremska Mitrovica","Ražanj",590,1180,1780,3540,7090,5.5,10.5,16,31,61
"Sremska Mitrovica","Aleksinački Rudnici",650,1300,1950,3890,7780,6,11.5,17.5,34,67
"Sremska Mitrovica","Aleksinac",660,1330,1990,3970,7940,6,11.5,17.5,34.5,68.5
"Sremska Mitrovica","Niš jug",730,1460,2190,4370,8750,7,13,19.5,38,75
"Sremska Mitrovica","Doljevac",770,1550,2320,4640,9290,7.5,14,21,40.5,80
"Sremska Mitrovica","Brestovac",790,1580,2370,4740,9480,8,14.5,21.5,41.5,81.5
"Sremska Mitrovica","Leskovac centar",810,1620,2430,4860,9720,8,14.5,22,42.5,83.5
"Sremska Mitrovica","Leskovac jug",850,1710,2560,5120,10250,8.5,15.5,23,44.5,88
"Sremska Mitrovica","Grdelica",930,1860,2790,5570,11150,9,16.5,25,48.5,96
"Sremska Mitrovica","Predejane",1000,2000,3000,5990,11990,9.5,18,26.5,52,103
"Sremska Mitrovica","Vladičin Han",1060,2130,3190,6370,12760,10,19,28.5,55.5,109.5
"Sremska Mitrovica","Vranje",1100,2200,3300,6600,13210,10.5,19.5,29,57.5,113.5
"Sremska Mitrovica","Bujanovac sever",1110,2220,3340,6660,13330,10.5,19.5,29.5,58,114.5
"Sremska Mitrovica","Bujanovac jug",1170,2340,3500,7000,14010,11,21,31,60.5,120
"Sremska Mitrovica","Preševo",1170,2340,3500,7000,14010,11,21,31,60.5,120
"Sremska Mitrovica","Dimitrovgrad",1040,2080,3130,6240,12500,9.5,18,27.5,54,107.5
"Sremska Mitrovica","Šid",120,240,360,720,1450,1.5,2.5,3.5,6.5,12.5
"Sremska Mitrovica","Adaševci",100,190,290,580,1160,1,2,2.5,5,10
"Sremska Mitrovica","Kuzmin",60,120,180,350,710,1,1.5,2,3,6.5
"Sremska Mitrovica","Ruma",40,80,110,230,460,0.5,1,1,2,4
"Sremska Mitrovica","Pećinci",70,140,210,410,830,1,1.5,2,4,7.5
"Sremska Mitrovica","Takovo",410,820,1230,2450,4910,4,7.5,11,21.5,42.5
"Sremska Mitrovica","Preljina jug",470,940,1410,2810,5620,4.5,8.5,12.5,24.5,48.5
"Sremska Mitrovica","Obrenovac",140,280,420,830,1670,1.5,2.5,4,7.5,14.5
"Sremska Mitrovica","Ub",210,430,640,1270,2550,2.5,4,6,11.5,22.5
"Sremska Mitrovica","Lajkovac",250,500,760,1500,3020,2.5,4.5,7,13.5,26.5
"Sremska Mitrovica","Ljig",320,640,960,1910,3830,3.5,6,9,17,33
"Sremska Mitrovica","Merošina",750,1490,2240,4460,8940,7,13,20,39,77
"Sremska Mitrovica","Niš sever",730,1450,2180,4350,8710,7,12.5,19.5,38,75
"Sremska Mitrovica","Niš istok",750,1490,2240,4460,8930,7,13,20,39,77
"Sremska Mitrovica","Niš Malča",770,1530,2300,4580,9180,7,13.5,20.5,40,79
"Sremska Mitrovica","Bela Palanka",860,1710,2570,5130,10270,8,15,22.5,44.5,88
"Sremska Mitrovica","Pirot zapad",930,1850,2780,5550,11110,8.5,16,24.5,48,95.5
"Sremska Mitrovica","Pirot istok",960,1920,2880,5760,11530,9,17,25.5,50,99
"Sremska Mitrovica","Čačak (Pakovraće)",500,1000,1500,2990,5980,5,9,13.5,26,51.5
"Sremska Mitrovica","Hrtkovci",70,140,210,430,850,1,1.5,2,4,7.5
"Sremska Mitrovica","Šabac",110,220,330,650,1310,1,2,3,6,11.5
"Sremska Mitrovica","Kruševac istok",620,1240,1860,3710,7430,6,11,16.5,32.5,64
"Sremska Mitrovica","Kruševac zapad",620,1250,1870,3740,7490,6,11,16.5,32.5,64.5
"Sremska Mitrovica","Koševi",640,1280,1930,3840,7690,6,3.5,17,33.5,66
"Sremska Mitrovica","Velika Drenova",660,1330,1990,3970,7940,6,11.5,17.5,34.5,68.5
"Sremska Mitrovica","Trstenik",700,1400,2100,4200,8410,6.5,12.5,18.5,36.5,72.5
"Sremska Mitrovica","Vrnjačka Banja",730,1470,2200,4390,8800,7,13,19.5,38,75.5
"Sremska Mitrovica","Lučani",570,1140,1710,3410,6830,5.5,10,15.5,30,59
"Sremska Mitrovica","Prilipac",620,1230,1850,3690,7390,6,11,16.5,32,63.5
"Sremska Mitrovica","Vrba",770,1540,2320,4620,9250,7,13.5,20.5,40,79.5
"Sremska Mitrovica","Adrani",550,1090,1640,3260,6540,5.5,9.5,14.5,28.5,56.5
"Ruma","Subotica",530,1060,1590,3180,6360,5,9.5,14,27.5,54.5
"Ruma","Žednik",480,940,1420,2840,5680,4.5,8.5,12.5,24.5,49
"Ruma","Bačka Topola",440,880,1320,2640,5270,4,8,12,23,45.5
"Ruma","Feketić",390,760,1150,2300,4600,3.5,7,10.5,20,39.5
"Ruma","Vrbas",360,710,1070,2140,4270,3.5,6.5,9.5,18.5,37
"Ruma","Zmajevo",320,640,960,1930,3850,3,6,8.5,17,33.5
"Ruma","Novi Sad",280,550,830,1660,3310,2.5,5,7.5,14.5,28.5
"Ruma","Kovilj",230,440,670,1340,2680,2.5,4,6,11.5,23.5
"Ruma","Beška",180,360,540,1080,2150,2,3.5,5,9.5,19
"Ruma","Maradik",170,330,500,1010,2000,2,3.5,5,9,17.5
"Ruma","Inđija",160,310,460,930,1850,1.5,3,4.5,8,16
"Ruma","Beograd",110,210,320,640,1270,1,2,3,5.5,11
"Ruma","Mali Požarevac",160,310,470,940,1880,1.5,3,4.5,8.5,16.5
"Ruma","Umčari",180,350,520,1050,2090,2,3.5,5,9.5,18.5
"Ruma","Vodanj",190,380,570,1150,2280,2,3.5,5.5,10,20
"Ruma","Kolari",210,410,620,1250,2490,2,4,6,11,21.5
"Ruma","Smederevo",230,440,670,1340,2670,2.5,4,6,11.5,23
"Ruma","Požarevac",230,450,680,1370,2720,2.5,4.5,6.5,12,23.5
"Ruma","Velika Plana",310,610,920,1840,3670,3,5.5,8.5,16,32
"Ruma","Markovac",340,670,1010,2030,4050,3,6,9,17.5,35
"Ruma","Lapovo",360,710,1070,2130,4260,3.5,6.5,9.5,18.5,37
"Ruma","Batočina",370,730,1100,2200,4380,3.5,6.5,10,19,38
"Ruma","Jagodina",430,850,1280,2550,5100,4,7.5,11.5,22,44
"Ruma","Ćuprija",460,920,1380,2770,5530,4,8.5,12.5,24,47.5
"Ruma","Paraćin",490,980,1470,2940,5880,4.5,9,13,25.5,50.5
"Ruma","Ćićevac",540,1070,1610,3210,6410,5,9.5,14.5,27.5,55
"Ruma","Ražanj",560,1110,1680,3350,6690,5,10,15,29,57.5
"Ruma","Aleksinački Rudnici",620,1230,1850,3700,7380,5.5,11,16.5,32,63.5
"Ruma","Aleksinac",630,1260,1890,3780,7540,5.5,11,16.5,32.5,65
"Ruma","Niš jug",700,1390,2090,4180,8350,6.5,12.5,18.5,36,71.5
"Ruma","Doljevac",740,1480,2220,4450,8890,7,13.5,20,38.5,76.5
"Ruma","Brestovac",760,1510,2270,4550,9080,7.5,14,20.5,39.5,78
"Ruma","Leskovac centar",780,1550,2330,4670,9320,7.5,14,21,40.5,80
"Ruma","Leskovac jug",820,1640,2460,4930,9850,8,15,22,42.5,84.5
"Ruma","Grdelica",860,1700,2560,5110,10220,8,15.5,23,44,87.5
"Ruma","Predejane",900,1790,2690,5380,10750,8.5,16,24,46.5,92.5
"Ruma","Vladičin Han",970,1930,2900,5800,11590,9,17.5,25.5,50,99.5
"Ruma","Vranje",1030,2060,3090,6180,12360,9.5,18.5,27.5,53.5,106
"Ruma","Bujanovac sever",1070,2130,3200,6410,12810,10,19,28,55.5,110
"Ruma","Bujanovac jug",1080,2150,3240,6470,12930,10,19,28.5,56,111
"Ruma","Preševo",1140,2270,3400,6810,13610,10.5,20.5,30,58.5,116.5
"Ruma","Dimitrovgrad",1010,2010,3030,6050,12100,9,17.5,26.5,52,104
"Ruma","Šid",160,320,480,950,1900,1.5,3,4.5,8.5,16.5
"Ruma","Adaševci",130,270,400,810,1610,1.5,2.5,3.5,7,14
"Ruma","Kuzmin",100,190,290,580,1160,1,2,2.5,5,10
"Ruma","Sremska Mitrovica",40,80,110,230,460,0.5,1,1,2,4
"Ruma","Pećinci",40,70,110,210,430,0.5,1,1,2,4
"Ruma","Takovo",380,750,1130,2260,4510,3.5,7,10,19.5,39
"Ruma","Preljina jug",440,870,1310,2620,5220,4,8,11.5,22.5,45
"Ruma","Obrenovac",110,210,320,640,1270,1,2,3,5.5,11
"Ruma","Ub",180,360,540,1080,2150,2,3.5,5,9.5,19
"Ruma","Lajkovac",220,430,660,1310,2620,2,4,6,11.5,23
"Ruma","Ljig",290,570,860,1720,3430,3,5.5,8,15,29.5
"Ruma","Merošina",720,1420,2140,4270,8540,6.5,12.5,19,37,73.5
"Ruma","Niš sever",700,1380,2080,4160,8310,6.5,12,18.5,36,71.5
"Ruma","Niš istok",720,1420,2140,4270,8530,6.5,12.5,19,37,73.5
"Ruma","Niš Malča",740,1460,2200,4390,8780,6.5,13,19.5,38,75.5
"Ruma","Bela Palanka",830,1640,2470,4940,9870,7.5,14.5,21.5,42.5,84.5
"Ruma","Pirot zapad",900,1780,2680,5360,10710,8,15.5,23.5,46,92
"Ruma","Pirot istok",930,1850,2780,5570,11130,8.5,16.5,24.5,48,95.5
"Ruma","Čačak (Pakovraće)",470,930,1400,2800,5580,4.5,8.5,12.5,24,48
"Ruma","Hrtkovci",40,80,110,230,460,0.5,1,1,2,4
"Ruma","Šabac",80,150,230,460,910,1,1.5,2,4,8
"Ruma","Kruševac istok",590,1170,1760,3520,7030,5.5,10.5,15.5,30.5,60.5
"Ruma","Kruševac zapad",590,1180,1770,3550,7090,5.5,10.5,15.5,30.5,61
"Ruma","Koševi",610,1210,1830,3650,7290,5.5,3,16,31.5,62.5
"Ruma","Velika Drenova",630,1260,1890,3780,7540,5.5,11,16.5,32.5,65
"Ruma","Trstenik",670,1330,2000,4010,8010,6,12,17.5,34.5,69
"Ruma","Vrnjačka Banja",700,1400,2100,4200,8400,6.5,12.5,18.5,36,72
"Ruma","Lučani",540,1070,1610,3220,6430,5,9.5,14.5,28,55.5
"Ruma","Prilipac",590,1160,1750,3500,6990,5.5,10.5,15.5,30,60
"Ruma","Vrba",740,1470,2220,4430,8850,6.5,13,19.5,38,76
"Ruma","Adrani",520,1020,1540,3070,6140,5,9,13.5,26.5,53
"Pećinci","Subotica",490,990,1480,4100,5930,5,9,13,26,51
"Pećinci","Žednik",440,870,1310,2620,5250,4.5,8,11.5,23,45.5
"Pećinci","Bačka Topola",400,810,1210,2420,4840,4,7.5,11,21.5,42
"Pećinci","Feketić",350,690,1040,2080,4170,3.5,6.5,9.5,18.5,36
"Pećinci","Vrbas",320,640,960,1920,3840,3.5,6,8.5,17,33.5
"Pećinci","Zmajevo",280,570,850,1710,3420,3,5.5,7.5,15.5,30
"Pećinci","Novi Sad",240,480,720,1440,2880,2.5,4.5,6.5,13,25
"Pećinci","Kovilj",190,370,560,1120,2250,2.5,3.5,5,10,20
"Pećinci","Beška",140,290,430,860,1720,2,3,4,8,15.5
"Pećinci","Maradik",130,260,390,790,1570,2,3,4,7.5,14
"Pećinci","Inđija",120,240,350,710,1420,1.5,2.5,3.5,6.5,12.5
"Pećinci","Beograd",70,140,210,420,840,1,1.5,2,4,7.5
"Pećinci","Mali Požarevac",120,240,360,720,1450,1.5,2.5,3.5,7,13
"Pećinci","Umčari",140,280,410,830,1660,2,3,4,8,15
"Pećinci","Vodanj",150,310,460,930,1850,2,3,4.5,8.5,16.5
"Pećinci","Kolari",170,340,510,1030,2060,2,3.5,5,9.5,18
"Pećinci","Smederevo",190,370,560,1120,2240,2.5,3.5,5,10,19.5
"Pećinci","Požarevac",190,380,570,1150,2290,2.5,4,5.5,10.5,20
"Pećinci","Velika Plana",270,540,810,1620,3240,3,5,7.5,14.5,28.5
"Pećinci","Markovac",300,600,900,1810,3620,3,5.5,8,16,31.5
"Pećinci","Lapovo",320,640,960,1910,3830,3.5,6,8.5,17,33.5
"Pećinci","Batočina",330,660,990,1980,3950,3.5,6,9,17.5,34.5
"Pećinci","Jagodina",390,780,1170,2330,4670,4,7,10.5,20.5,40.5
"Pećinci","Ćuprija",420,850,1270,2550,5100,4,8,11.5,22.5,44
"Pećinci","Paraćin",450,910,1360,2720,5450,4.5,8.5,12,24,47
"Pećinci","Ćićevac",500,1000,1500,2990,5980,5,9,13.5,26,51.5
"Pećinci","Ražanj",520,1040,1570,3130,6260,5,9.5,14,27.5,54
"Pećinci","Aleksinački Rudnici",580,1160,1740,3480,6950,5.5,10.5,15.5,30.5,60
"Pećinci","Aleksinac",590,1190,1780,3560,7110,5.5,10.5,15.5,31,61.5
"Pećinci","Niš jug",660,1320,1980,3960,7920,6.5,12,17.5,34.5,68
"Pećinci","Doljevac",700,1410,2110,4230,8460,7,13,19,37,73
"Pećinci","Brestovac",720,1440,2160,4330,8650,7.5,13.5,19.5,38,74.5
"Pećinci","Leskovac centar",740,1480,2220,4450,8890,7.5,13.5,20,39,76.5
"Pećinci","Leskovac jug",780,1570,2350,4710,9420,8,14.5,21,41,81
"Pećinci","Grdelica",820,1630,2450,4890,9790,8,15,22,42.5,84
"Pećinci","Predejane",860,1720,2580,5160,10320,8.5,15.5,23,45,89
"Pećinci","Vladičin Han",930,1860,2790,5580,11160,9,17,24.5,48.5,96
"Pećinci","Vranje",990,1990,2980,5960,11930,9.5,18,26.5,52,102.5
"Pećinci","Bujanovac sever",1030,2060,3090,6190,12380,10,18.5,27,54,106.5
"Pećinci","Bujanovac jug",1040,2080,3130,6250,12500,10,18.5,27.5,54.5,107.5
"Pećinci","Preševo",1100,2200,3290,6590,13180,10.5,20,29,57,113
"Pećinci","Dimitrovgrad",970,1940,2920,5830,11670,9,17,25.5,50.5,100.5
"Pećinci","Šid",190,380,570,1140,2270,2,3.5,5,10,19.5
"Pećinci","Adaševci",170,330,500,990,1980,1.5,3,4.5,8.5,17
"Pećinci","Kuzmin",130,260,380,770,1530,1.5,2.5,3.5,7,13.5
"Pećinci","Sremska Mitrovica",70,140,210,410,830,1,1.5,2,4,7.5
"Pećinci","Ruma",40,70,110,210,430,0.5,1,1,2,4
"Pećinci","Takovo",340,680,1020,2040,4080,3.5,6.5,9,18,35.5
"Pećinci","Preljina jug",400,800,1200,2400,4790,4,7.5,10.5,21,41.5
"Pećinci","Obrenovac",70,140,210,420,840,1,1.5,2,4,7.5
"Pećinci","Ub",140,290,430,860,1720,2,3,4,8,15.5
"Pećinci","Lajkovac",180,360,550,1090,2190,2,3.5,5,10,19.5
"Pećinci","Ljig",250,500,750,1500,3000,3,5,7,13.5,26
"Pećinci","Merošina",680,1350,2030,4050,8110,6.5,12,18,35.5,70
"Pećinci","Niš sever",660,1310,1970,3940,7880,6.5,11.5,17.5,34.5,68
"Pećinci","Niš istok",680,1350,2030,4050,8100,6.5,12,18,35.5,70
"Pećinci","Niš Malča",700,1390,2090,4170,8350,6.5,12.5,18.5,36.5,72
"Pećinci","Bela Palanka",790,1570,2360,4720,9440,7.5,14,20.5,41,81
"Pećinci","Pirot zapad",860,1710,2570,5140,10280,8,15,22.5,44.5,88.5
"Pećinci","Pirot istok",890,1780,2670,5350,10700,8.5,16,23.5,46.5,92
"Pećinci","Čačak (Pakovraće)",430,860,1290,2580,5150,4.5,8,11.5,22.5,44.5
"Pećinci","Hrtkovci",70,140,210,410,830,1,1.5,2,4,7.5
"Pećinci","Šabac",110,210,320,640,1280,1,2,3,5.5,11
"Pećinci","Kruševac istok",550,1100,1650,3300,6600,5.5,10,14.5,29,57
"Pećinci","Kruševac zapad",550,1110,1660,3330,6660,5.5,10,14.5,29,57.5
"Pećinci","Koševi",570,1140,1720,3430,6860,5.5,2.5,15,30,59
"Pećinci","Velika Drenova",590,1190,1780,3560,7110,5.5,10.5,15.5,31,61.5
"Pećinci","Trstenik",630,1260,1890,3790,7580,6,11.5,16.5,33,65.5
"Pećinci","Vrnjačka Banja",660,1330,1990,3980,7970,6.5,12,17.5,34.5,68.5
"Pećinci","Lučani",500,1000,1500,3000,6000,5,9,13.5,26.5,52
"Pećinci","Prilipac",550,1090,1640,3280,6560,5.5,10,14.5,28.5,56.5
"Pećinci","Vrba",700,1400,2110,4210,8420,6.5,12.5,18.5,36.5,72.5
"Pećinci","Adrani",480,950,1430,2850,5710,5,8.5,12.5,25,49.5
"Takovo","Subotica",690,1390,2080,4160,8330,6.5,12.5,18,36,71.5
"Takovo","Žednik",640,1270,1910,3820,7650,6,11.5,16.5,33,66
"Takovo","Bačka Topola",600,1210,1810,3620,7240,5.5,11,16,31.5,62.5
"Takovo","Feketić",550,1090,1640,3280,6570,5,10,14.5,28.5,56.5
"Takovo","Vrbas",520,1040,1560,3120,6240,5,9.5,13.5,27,54
"Takovo","Zmajevo",480,970,1450,2910,5820,4.5,9,12.5,25.5,50.5
"Takovo","Novi Sad",440,880,1320,2640,5280,4,8,11.5,23,45.5
"Takovo","Kovilj",390,770,1160,2320,4650,4,7,10,20,40.5
"Takovo","Beška",340,690,1030,2060,4120,3.5,6.5,9,18,36
"Takovo","Maradik",330,660,990,1990,3970,3.5,6.5,9,17.5,34.5
"Takovo","Inđija",320,640,950,1910,3820,3,6,8.5,16.5,33
"Takovo","Beograd",270,540,810,1620,3240,2.5,5,7,14,28
"Takovo","Mali Požarevac",320,640,960,1920,3850,3,6,8.5,17,33.5
"Takovo","Umčari",340,680,1010,2030,4060,3.5,6.5,9,18,35.5
"Takovo","Vodanj",350,710,1060,2130,4250,3.5,6.5,9.5,18.5,37
"Takovo","Kolari",370,740,1110,2230,4460,3.5,7,10,19.5,38.5
"Takovo","Smederevo",390,770,1160,2320,4640,4,7,10,20,40
"Takovo","Požarevac",390,780,1170,2350,4690,4,7.5,10.5,20.5,40.5
"Takovo","Velika Plana",470,940,1410,2820,5640,4.5,8.5,12.5,24.5,49
"Takovo","Markovac",500,1000,1500,3010,6020,4.5,9,13,26,52
"Takovo","Lapovo",520,1040,1560,3110,6230,5,9.5,13.5,27,54
"Takovo","Batočina",530,1060,1590,3180,6350,5,9.5,14,27.5,55
"Takovo","Jagodina",590,1180,1770,3530,7070,5.5,10.5,15.5,30.5,61
"Takovo","Ćuprija",620,1250,1870,3750,7500,5.5,11.5,16.5,32.5,64.5
"Takovo","Paraćin",650,1310,1960,3920,7850,6,12,17,34,67.5
"Takovo","Ćićevac",700,1400,2100,4190,8380,6.5,12.5,18.5,36,72
"Takovo","Ražanj",720,1440,2170,4330,8660,6.5,13,19,37.5,74.5
"Takovo","Aleksinački Rudnici",780,1560,2340,4680,9350,7,14,20.5,40.5,80.5
"Takovo","Aleksinac",790,1590,2380,4760,9510,7,14,20.5,41,82
"Takovo","Niš jug",860,1720,2580,5160,10320,8,15.5,22.5,44.5,88.5
"Takovo","Doljevac",900,1810,2710,5430,10860,8.5,16.5,24,47,93.5
"Takovo","Brestovac",920,1840,2760,5530,11050,9,17,24.5,48,95
"Takovo","Leskovac centar",940,1880,2820,5650,11290,9,17,25,49,97
"Takovo","Leskovac jug",980,1970,2950,5910,11820,9.5,18,26,51,101.5
"Takovo","Grdelica",1020,2030,3050,6090,12190,9.5,18.5,27,52.5,104.5
"Takovo","Predejane",1060,2120,3180,6360,12720,10,19,28,55,109.5
"Takovo","Vladičin Han",1130,2260,3390,6780,13560,10.5,20.5,29.5,58.5,116.5
"Takovo","Vranje",1130,2260,3390,6780,13560,10.5,20.5,29.5,58.5,116.5
"Takovo","Bujanovac sever",1190,2390,3580,7160,14330,11,21.5,31.5,62,123
"Takovo","Bujanovac jug",1230,2460,3690,7390,14780,11.5,22,32,64,127
"Takovo","Preševo",1300,2600,3890,7790,15580,12,23.5,34,67,133.5
"Takovo","Dimitrovgrad",1170,2340,3520,7030,14070,10.5,20.5,30.5,60.5,121
"Takovo","Šid",530,1060,1590,3180,6360,5,9.5,14,27.5,55
"Takovo","Adaševci",270,540,810,1620,3240,2.5,5,7,14,28
"Takovo","Kuzmin",470,940,1400,2810,5610,4.5,8.5,12.5,24.5,48.5
"Takovo","Sremska Mitrovica",410,820,1230,2450,4910,4,7.5,11,21.5,42.5
"Takovo","Ruma",380,750,1130,2260,4510,3.5,7,10,19.5,39
"Takovo","Pećinci",340,680,1020,2040,4080,3.5,6.5,9,18,35.5
"Takovo","Preljina jug",60,120,180,360,710,1,1.5,2,3.5,6.5
"Takovo","Obrenovac",270,540,810,1620,3240,2.5,5,7,14,28
"Takovo","Ub",200,390,590,1180,2360,2,3.5,5.5,10.5,20.5
"Takovo","Lajkovac",160,320,470,950,1890,1.5,3,4.5,8.5,16.5
"Takovo","Ljig",90,180,270,540,1080,1,2,2.5,5,9.5
"Takovo","Merošina",880,1750,2630,5250,10510,8,15.5,23,45.5,90.5
"Takovo","Niš sever",860,1710,2570,5140,10280,8,15,22.5,44.5,88.5
"Takovo","Niš istok",880,1750,2630,5250,10500,8,15.5,23,45.5,90.5
"Takovo","Niš Malča",900,1790,2690,5370,10750,8,16,23.5,46.5,92.5
"Takovo","Bela Palanka",990,1970,2960,5920,11840,9,17.5,25.5,51,101.5
"Takovo","Pirot zapad",1060,2110,3170,6340,12680,9.5,18.5,27.5,54.5,109
"Takovo","Pirot istok",1090,2180,3270,6550,13100,10,19.5,28.5,56.5,112.5
"Takovo","Čačak (Pakovraće)",90,180,270,540,1070,1,2,2.5,5,9.5
"Takovo","Hrtkovci",410,820,1230,2450,4910,4,7.5,11,21.5,42.5
"Takovo","Šabac",450,890,1340,2680,5360,4.5,8,12,23.5,46.5
"Takovo","Kruševac istok",750,1500,2250,4500,9000,7,13.5,19.5,39,77.5
"Takovo","Kruševac zapad",750,1510,2260,4530,9060,7,13.5,19.5,39,78
"Takovo","Koševi",770,1540,2320,4630,9260,7,6,20,40,79.5
"Takovo","Velika Drenova",790,1590,2380,4760,9510,7,14,20.5,41,82
"Takovo","Trstenik",830,1660,2490,4990,9980,7.5,15,21.5,43,86
"Takovo","Vrnjačka Banja",860,1730,2590,5180,10370,8,15.5,22.5,44.5,89
"Takovo","Lučani",160,320,480,960,1920,1.5,3,4.5,8.5,16.5
"Takovo","Prilipac",210,410,620,1240,2480,2,4,5.5,11,21.5
"Takovo","Vrba",900,1800,2710,5410,10820,8,16,23.5,46.5,93
"Takovo","Adrani",140,270,410,810,1630,1.5,2.5,4,7,14
"Preljina jug","Subotica",750,1510,2260,4520,9040,7,13.5,19.5,39,77.5
"Preljina jug","Žednik",700,1390,2090,4180,8360,6.5,12.5,18,36,72
"Preljina jug","Bačka Topola",660,1330,1990,3980,7950,6,12,17.5,34.5,68.5
"Preljina jug","Feketić",610,1210,1820,3640,7280,5.5,11,16,31.5,62.5
"Preljina jug","Vrbas",580,1160,1740,3480,6950,5.5,10.5,15,30,60
"Preljina jug","Zmajevo",540,1090,1630,3270,6530,5,10,14,28.5,56.5
"Preljina jug","Novi Sad",500,1000,1500,3000,5990,4.5,9,13,26,51.5
"Preljina jug","Kovilj",450,890,1340,2680,5360,4.5,8,11.5,23,46.5
"Preljina jug","Beška",400,810,1210,2420,4830,4,7.5,10.5,21,42
"Preljina jug","Maradik",390,780,1170,2350,4680,4,7.5,10.5,20.5,40.5
"Preljina jug","Inđija",380,760,1130,2270,4530,3.5,7,10,19.5,39
"Preljina jug","Beograd",330,660,990,1980,3950,3,6,8.5,17,34
"Preljina jug","Mali Požarevac",380,760,1140,2280,4560,3.5,7,10,20,39.5
"Preljina jug","Umčari",400,800,1190,2390,4770,4,7.5,10.5,21,41.5
"Preljina jug","Vodanj",410,830,1240,2490,4960,4,7.5,11,21.5,43
"Preljina jug","Kolari",430,860,1290,2590,5170,4,8,11.5,22.5,44.5
"Preljina jug","Smederevo",450,890,1340,2680,5350,4.5,8,11.5,23,46
"Preljina jug","Požarevac",450,900,1350,2710,5400,4.5,8.5,12,23.5,46.5
"Preljina jug","Velika Plana",530,1060,1590,3180,6350,5,9.5,14,27.5,55
"Preljina jug","Markovac",560,1120,1680,3370,6730,5,10,14.5,29,58
"Preljina jug","Lapovo",580,1160,1740,3470,6940,5.5,10.5,15,30,60
"Preljina jug","Batočina",590,1180,1770,3540,7060,5.5,10.5,15.5,30.5,61
"Preljina jug","Jagodina",650,1300,1950,3890,7780,6,11.5,17,33.5,67
"Preljina jug","Ćuprija",680,1370,2050,4110,8210,6,12.5,18,35.5,70.5
"Preljina jug","Paraćin",710,1430,2140,4280,8560,6.5,13,18.5,37,73.5
"Preljina jug","Ćićevac",760,1520,2280,4550,9090,7,13.5,20,39,78
"Preljina jug","Ražanj",780,1560,2350,4690,9370,7,14,20.5,40.5,80.5
"Preljina jug","Aleksinački Rudnici",840,1680,2520,5040,10060,7.5,15,22,43.5,86.5
"Preljina jug","Aleksinac",850,1710,2560,5120,10220,7.5,15,22,44,88
"Preljina jug","Niš jug",920,1840,2760,5520,11030,8.5,16.5,24,47.5,94.5
"Preljina jug","Doljevac",960,1930,2890,5790,11570,9,17.5,25.5,50,99.5
"Preljina jug","Brestovac",980,1960,2940,5890,11760,9.5,18,26,51,101
"Preljina jug","Leskovac centar",1040,2090,3130,6270,12530,10,19,27.5,54,107.5
"Preljina jug","Leskovac jug",1040,2090,3130,6270,12530,10,19,27.5,54,107.5
"Preljina jug","Grdelica",1080,2150,3230,6450,12900,10,19.5,28.5,55.5,110.5
"Preljina jug","Predejane",1120,2240,3360,6720,13430,10.5,20,29.5,58,115.5
"Preljina jug","Vladičin Han",1190,2380,3570,7140,14270,11,21.5,31,61.5,122.5
"Preljina jug","Vranje",1250,2510,3760,7520,15040,11.5,22.5,33,65,129
"Preljina jug","Bujanovac sever",1290,2580,3870,7750,15490,12,23,33.5,67,133
"Preljina jug","Bujanovac jug",1300,2600,3910,7810,15610,12,23,34,67.5,134
"Preljina jug","Preševo",1360,2720,4070,8150,16290,12.5,24.5,35.5,70,139.5
"Preljina jug","Dimitrovgrad",1230,2460,3700,7390,14780,11,21.5,32,63.5,127
"Preljina jug","Šid",590,1180,1770,3540,7070,5.5,10.5,15.5,30.5,61
"Preljina jug","Adaševci",330,660,990,1980,3950,3,6,8.5,17,34
"Preljina jug","Kuzmin",530,1060,1580,3170,6320,5,9.5,14,27.5,54.5
"Preljina jug","Sremska Mitrovica",470,940,1410,2810,5620,4.5,8.5,12.5,24.5,48.5
"Preljina jug","Ruma",440,870,1310,2620,5220,4,8,11.5,22.5,45
"Preljina jug","Pećinci",400,800,1200,2400,4790,4,7.5,10.5,21,41.5
"Preljina jug","Takovo",60,120,180,360,710,1,1.5,2,3.5,6.5
"Preljina jug","Obrenovac",330,660,990,1980,3950,3,6,8.5,17,34
"Preljina jug","Ub",260,510,770,1540,3070,2.5,4.5,6.5,13,26
"Preljina jug","Lajkovac",220,430,650,1300,2600,2,4,6,11.5,22.5
"Preljina jug","Ljig",150,300,450,900,1790,1.5,3,4,8,15.5
"Preljina jug","Merošina",940,1870,2810,5610,11220,8.5,16.5,24.5,48.5,96.5
"Preljina jug","Niš sever",920,1830,2750,5500,10990,8.5,16,24,47.5,94.5
"Preljina jug","Niš istok",940,1870,2810,5610,11210,8.5,16.5,24.5,48.5,96.5
"Preljina jug","Niš Malča",960,1910,2870,5730,11460,8.5,17,25,49.5,98.5
"Preljina jug","Bela Palanka",1050,2090,3140,6280,12550,9.5,18.5,27,54,107.5
"Preljina jug","Pirot zapad",1120,2230,3350,6700,13390,10,19.5,29,57.5,115
"Preljina jug","Pirot istok",1150,2300,3450,6910,13810,10.5,20.5,30,59.5,118.5
"Preljina jug","Čačak (Pakovraće)",40,90,130,270,540,0.5,1,1.5,2.5,5
"Preljina jug","Hrtkovci",470,940,1410,2810,5620,4.5,8.5,12.5,24.5,48.5
"Preljina jug","Šabac",510,1010,1520,3040,6070,5,9,13.5,26.5,52.5
"Preljina jug","Kruševac istok",810,1620,2430,4860,9710,7.5,14.5,21,42,83.5
"Preljina jug","Kruševac zapad",810,1630,2440,4890,9770,7.5,14.5,21,42,84
"Preljina jug","Koševi",830,1660,2500,4990,9970,7.5,7,21.5,43,85.5
"Preljina jug","Velika Drenova",850,1710,2560,5120,10220,7.5,15,22,44,88
"Preljina jug","Trstenik",890,1780,2670,5350,10690,8,16,23,46,92
"Preljina jug","Vrnjačka Banja",920,1850,2770,5540,11080,8.5,16.5,24,47.5,95
"Preljina jug","Lučani",110,230,340,690,1380,1,2,3,6,12
"Preljina jug","Prilipac",160,320,490,970,1940,1.5,3,4.5,8.5,17
"Preljina jug","Vrba",960,1920,2890,5770,11530,8.5,17,25,49.5,99
"Preljina jug","Adrani",80,150,230,460,910,1,1.5,2,4,8
"Obrenovac","Subotica",420,850,1270,2540,5090,4,7.5,11,22,43.5
"Obrenovac","Žednik",370,730,1100,2200,4410,3.5,6.5,9.5,19,38
"Obrenovac","Bačka Topola",330,670,1000,2000,4000,3,6,9,17.5,34.5
"Obrenovac","Feketić",280,550,830,1660,3330,2.5,5,7.5,14.5,28.5
"Obrenovac","Vrbas",250,500,750,1500,3000,2.5,4.5,6.5,13,26
"Obrenovac","Zmajevo",210,430,640,1290,2580,2,4,5.5,11.5,22.5
"Obrenovac","Novi Sad",170,340,510,1020,2040,1.5,3,4.5,9,17.5
"Obrenovac","Kovilj",120,230,350,700,1410,1.5,2,3,6,12.5
"Obrenovac","Beška",70,150,220,440,880,1,1.5,2,4,8
"Obrenovac","Maradik",60,120,180,370,730,1,1.5,2,3.5,6.5
"Obrenovac","Inđija",50,100,140,290,580,0.5,1,1.5,2.5,5
"Obrenovac","Mali Požarevac",50,100,150,300,610,0.5,1,1.5,3,5.5
"Obrenovac","Umčari",70,140,200,410,820,1,1.5,2,4,7.5
"Obrenovac","Vodanj",80,170,250,510,1010,1,1.5,2.5,4.5,9
"Obrenovac","Kolari",100,200,300,610,1220,1,2,3,5.5,10.5
"Obrenovac","Smederevo",120,230,350,700,1400,1.5,2,3,6,12
"Obrenovac","Požarevac",120,240,360,730,1450,1.5,2.5,3.5,6.5,12.5
"Obrenovac","Velika Plana",200,400,600,1200,2400,2,3.5,5.5,10.5,21
"Obrenovac","Markovac",230,460,690,1390,2780,2,4,6,12,24
"Obrenovac","Lapovo",250,500,750,1490,2990,2.5,4.5,6.5,13,26
"Obrenovac","Batočina",260,520,780,1560,3110,2.5,4.5,7,13.5,27
"Obrenovac","Jagodina",320,640,960,1910,3830,3,5.5,8.5,16.5,33
"Obrenovac","Ćuprija",350,710,1060,2130,4260,3,6.5,9.5,18.5,36.5
"Obrenovac","Paraćin",380,770,1150,2300,4610,3.5,7,10,20,39.5
"Obrenovac","Ćićevac",430,860,1290,2570,5140,4,7.5,11.5,22,44
"Obrenovac","Ražanj",450,900,1360,2710,5420,4,8,12,23.5,46.5
"Obrenovac","Aleksinački Rudnici",510,1020,1530,3060,6110,4.5,9,13.5,26.5,52.5
"Obrenovac","Aleksinac",520,1050,1570,3140,6270,4.5,9,13.5,27,54
"Obrenovac","Niš jug",590,1180,1770,3540,7080,5.5,10.5,15.5,30.5,60.5
"Obrenovac","Doljevac",630,1270,1900,3810,7620,6,11.5,17,33,65.5
"Obrenovac","Brestovac",650,1300,1950,3910,7810,6.5,12,17.5,34,67
"Obrenovac","Leskovac centar",670,1340,2010,4030,8050,6.5,12,18,35,69
"Obrenovac","Leskovac jug",710,1430,2140,4290,8580,7,13,19,37,73.5
"Obrenovac","Grdelica",750,1490,2240,4470,8950,7,13.5,20,38.5,76.5
"Obrenovac","Predejane",790,1580,2370,4740,9480,7.5,14,21,41,81.5
"Obrenovac","Vladičin Han",860,1720,2580,5160,10320,8,15.5,22.5,44.5,88.5
"Obrenovac","Vranje",920,1850,2770,5540,11090,8.5,16.5,24.5,48,95
"Obrenovac","Bujanovac sever",960,1920,2880,5770,11540,9,17,25,50,99
"Obrenovac","Bujanovac jug",970,1940,2920,5830,11660,9,17,25.5,50.5,100
"Obrenovac","Preševo",1030,2060,3080,6170,12340,9.5,18.5,27,53,105.5
"Obrenovac","Dimitrovgrad",900,1800,2710,5410,10830,8,15.5,23.5,46.5,93
"Obrenovac","Šid",260,520,780,1560,3120,2.5,4.5,7,13.5,27
"Obrenovac","Adaševci",240,470,710,1410,2820,2.5,4.5,6.5,12.5,24.5
"Obrenovac","Kuzmin",200,400,590,1190,2370,2,3.5,5.5,10.5,20.5
"Obrenovac","Sremska Mitrovica",140,280,420,830,1670,1.5,2.5,4,7.5,14.5
"Obrenovac","Ruma",110,210,320,640,1270,1,2,3,5.5,11
"Obrenovac","Pećinci",70,140,210,420,840,1,1.5,2,4,7.5
"Obrenovac","Takovo",270,540,810,1620,3240,2.5,5,7,14,28
"Obrenovac","Preljina jug",330,660,990,1980,3950,3,6,8.5,17,34
"Obrenovac","Ub",70,150,220,440,880,1,1.5,2,4,8
"Obrenovac","Lajkovac",110,220,340,670,1350,1,2,3,6,12
"Obrenovac","Ljig",180,360,540,1080,2160,2,3.5,5,9.5,18.5
"Obrenovac","Merošina",610,1210,1820,3630,7270,5.5,10.5,16,31.5,62.5
"Obrenovac","Niš sever",590,1170,1760,3520,7040,5.5,10,15.5,30.5,60.5
"Obrenovac","Niš istok",610,1210,1820,3630,7260,5.5,10.5,16,31.5,62.5
"Obrenovac","Niš Malča",630,1250,1880,3750,7510,5.5,11,16.5,32.5,64.5
"Obrenovac","Bela Palanka",720,1430,2150,4300,8600,6.5,12.5,18.5,37,73.5
"Obrenovac","Pirot zapad",790,1570,2360,4720,9440,7,13.5,20.5,40.5,81
"Obrenovac","Pirot istok",820,1640,2460,4930,9860,7.5,14.5,21.5,42.5,84.5
"Obrenovac","Čačak (Pakovraće)",360,720,1080,2160,4310,3.5,6.5,9.5,18.5,37
"Obrenovac","Hrtkovci",140,280,420,830,1670,1.5,2.5,4,7.5,14.5
"Obrenovac","Šabac",180,350,530,1060,2120,2,3,5,9.5,18.5
"Obrenovac","Kruševac istok",480,960,1440,2880,5760,4.5,8.5,12.5,25,49.5
"Obrenovac","Kruševac zapad",480,970,1450,2910,5820,4.5,8.5,12.5,25,50
"Obrenovac","Koševi",500,1000,1510,3010,6020,4.5,1,13,26,51.5
"Obrenovac","Velika Drenova",520,1050,1570,3140,6270,4.5,9,13.5,27,54
"Obrenovac","Trstenik",560,1120,1680,3370,6740,5,10,14.5,29,58
"Obrenovac","Vrnjačka Banja",590,1190,1780,3560,7130,5.5,10.5,15.5,30.5,61
"Obrenovac","Lučani",430,860,1290,2580,5160,4,7.5,11.5,22.5,44.5
"Obrenovac","Prilipac",480,950,1430,2860,5720,4.5,8.5,12.5,24.5,49
"Obrenovac","Vrba",630,1260,1900,3790,7580,5.5,11,16.5,32.5,65
"Obrenovac","Adrani",410,810,1220,2430,4870,4,7,10.5,21,42
"Ub","Subotica",490,1000,1490,2980,5970,5,9,13,26,51.5
"Ub","Žednik",440,880,1320,2640,5290,4.5,8,11.5,23,46
"Ub","Bačka Topola",400,820,1220,2440,4880,4,7.5,11,21.5,42.5
"Ub","Feketić",350,700,1050,2100,4210,3.5,6.5,9.5,18.5,36.5
"Ub","Vrbas",320,650,970,1940,3880,3.5,6,8.5,17,34
"Ub","Zmajevo",280,580,860,1730,3460,3,5.5,7.5,15.5,30.5
"Ub","Novi Sad",240,490,730,1460,2920,2.5,4.5,6.5,13,25.5
"Ub","Kovilj",190,380,570,1140,2290,2.5,3.5,5,10,20.5
"Ub","Beška",140,300,440,880,1760,2,3,4,8,16
"Ub","Maradik",130,270,400,810,1610,2,3,4,7.5,14.5
"Ub","Inđija",120,250,360,730,1460,1.5,2.5,3.5,6.5,13
"Ub","Beograd",70,150,220,440,880,1,1.5,2,4,8
"Ub","Mali Požarevac",120,250,370,740,1490,1.5,2.5,3.5,7,13.5
"Ub","Umčari",140,290,420,850,1700,2,3,4,8,15.5
"Ub","Vodanj",150,320,470,950,1890,2,3,4.5,8.5,17
"Ub","Kolari",170,350,520,1050,2100,2,3.5,5,9.5,18.5
"Ub","Smederevo",190,380,570,1140,2280,2.5,3.5,5,10,20
"Ub","Požarevac",190,390,580,1170,2330,2.5,4,5.5,10.5,20.5
"Ub","Velika Plana",270,550,820,1640,3280,3,5,7.5,14.5,29
"Ub","Markovac",300,610,910,1830,3660,3,5.5,8,16,32
"Ub","Lapovo",320,650,970,1930,3870,3.5,6,8.5,17,34
"Ub","Batočina",330,670,1000,2000,3990,3.5,6,9,17.5,35
"Ub","Jagodina",390,790,1180,2350,4710,4,7,10.5,20.5,41
"Ub","Ćuprija",420,860,1280,2570,5140,4,8,11.5,22.5,44.5
"Ub","Paraćin",450,920,1370,2740,5490,4.5,8.5,12,24,47.5
"Ub","Ćićevac",500,1010,1510,3010,6020,5,9,13.5,26,52
"Ub","Ražanj",520,1050,1580,3150,6300,5,9.5,14,27.5,54.5
"Ub","Aleksinački Rudnici",580,1170,1750,3500,6990,5.5,10.5,15.5,30.5,60.5
"Ub","Aleksinac",590,1200,1790,3580,7150,5.5,10.5,15.5,31,62
"Ub","Niš jug",660,1330,1990,3980,7960,6.5,12,17.5,34.5,68.5
"Ub","Doljevac",700,1420,2120,4250,8500,7,13,19,37,73.5
"Ub","Brestovac",720,1450,2170,4350,8690,7.5,13.5,19.5,38,75
"Ub","Leskovac centar",740,1490,2230,4470,8930,7.5,13.5,20,39,77
"Ub","Leskovac jug",780,1580,2360,4730,9460,8,14.5,21,41,81.5
"Ub","Grdelica",820,1640,2460,4910,9830,8,15,22,42.5,84.5
"Ub","Predejane",860,1730,2590,5180,10360,8.5,15.5,23,45,89.5
"Ub","Vladičin Han",930,1870,2800,5600,11200,9,17,24.5,48.5,96.5
"Ub","Vranje",990,2000,2990,5980,11970,9.5,18,26.5,52,103
"Ub","Bujanovac sever",1030,740,1110,2230,4460,3.5,6.5,9.5,19.5,38.5
"Ub","Bujanovac jug",1040,2090,3140,6270,12540,10,18.5,27.5,54.5,108
"Ub","Preševo",1100,2210,3300,6610,13220,10.5,20,29,57,113.5
"Ub","Dimitrovgrad",970,1950,2930,5850,11710,9,17,25.5,50.5,101
"Ub","Šid",330,670,1000,2000,4000,3.5,6,9,17.5,35
"Ub","Adaševci",70,150,220,440,880,1,1.5,2,4,8
"Ub","Kuzmin",270,550,810,1630,3250,3,5,7.5,14.5,28.5
"Ub","Sremska Mitrovica",210,430,640,1270,2550,2.5,4,6,11.5,22.5
"Ub","Ruma",180,360,540,1080,2150,2,3.5,5,9.5,19
"Ub","Pećinci",140,290,430,860,1720,2,3,4,8,15.5
"Ub","Takovo",200,390,590,1180,2360,2,3.5,5.5,10.5,20.5
"Ub","Preljina jug",260,510,770,1540,3070,2.5,4.5,6.5,13,26
"Ub","Obrenovac",70,150,220,440,880,1,1.5,2,4,8
"Ub","Lajkovac",40,80,120,240,470,0.5,1,1.5,2.5,4.5
"Ub","Ljig",110,210,320,640,1280,1,2,3,5.5,11
"Ub","Merošina",680,1360,2040,4070,8150,6.5,12,18,35.5,70.5
"Ub","Niš sever",660,1320,1980,3960,7920,6.5,11.5,17.5,34.5,68.5
"Ub","Niš istok",680,1360,2040,4070,8140,6.5,12,18,35.5,70.5
"Ub","Niš Malča",700,1400,2100,4190,8390,6.5,12.5,18.5,36.5,72.5
"Ub","Bela Palanka",790,1580,2370,4740,9480,7.5,14,20.5,41,81.5
"Ub","Pirot zapad",860,1720,2580,5160,10320,8,15,22.5,44.5,89
"Ub","Pirot istok",890,1790,2680,5370,10740,8.5,16,23.5,46.5,92.5
"Ub","Čačak (Pakovraće)",290,570,860,1720,3440,2.5,5,7.5,15,29.5
"Ub","Hrtkovci",210,430,640,1270,2550,2.5,4,6,11.5,22.5
"Ub","Šabac",250,500,750,1500,3000,3,4.5,7,13.5,26.5
"Ub","Kruševac istok",550,1110,1660,3320,6640,5.5,10,14.5,29,57.5
"Ub","Kruševac zapad",550,1120,1670,3350,6700,5.5,10,14.5,29,58
"Ub","Koševi",570,1150,1730,3450,6900,5.5,2.5,15,30,59.5
"Ub","Velika Drenova",590,1200,1790,3580,7150,5.5,10.5,15.5,31,62
"Ub","Trstenik",630,1270,1900,3810,7620,6,11.5,16.5,33,66
"Ub","Vrnjačka Banja",660,1340,2000,4000,8010,6.5,12,17.5,34.5,69
"Ub","Lučani",360,710,1070,2140,4280,3.5,6.5,9.5,18.5,37
"Ub","Prilipac",400,810,1210,2420,4840,3.5,7,10.5,21,41.5
"Ub","Vrba",700,1410,2120,4230,8460,6.5,12.5,18.5,36.5,73
"Ub","Adrani",330,660,1000,1990,3990,3,6,9,17,34.5
"Lajkovac","Subotica",530,1070,1610,3210,6440,5,9.5,14,28,55.5
"Lajkovac","Žednik",480,950,1440,2870,5760,4.5,8.5,12.5,25,50
"Lajkovac","Bačka Topola",440,890,1340,2670,5350,4,8,12,23.5,46.5
"Lajkovac","Feketić",390,770,1170,2330,4680,3.5,7,10.5,20.5,40.5
"Lajkovac","Vrbas",360,720,1090,2170,4350,3.5,6.5,9.5,19,38
"Lajkovac","Zmajevo",320,650,980,1960,3930,3,6,8.5,17.5,34.5
"Lajkovac","Novi Sad",280,560,850,1690,3390,2.5,5,7.5,15,29.5
"Lajkovac","Kovilj",230,450,690,1370,2760,2.5,4,6,12,24.5
"Lajkovac","Beška",180,370,560,1110,2230,2,3.5,5,10,20
"Lajkovac","Maradik",170,340,520,1040,2080,2,3.5,5,9.5,18.5
"Lajkovac","Inđija",160,320,480,960,1930,1.5,3,4.5,8.5,17
"Lajkovac","Beograd",110,220,340,670,1350,1,2,3,6,12
"Lajkovac","Mali Požarevac",160,320,490,970,1960,1.5,3,4.5,9,17.5
"Lajkovac","Umčari",180,360,540,1080,2170,2,3.5,5,10,19.5
"Lajkovac","Vodanj",190,390,590,1180,2360,2,3.5,5.5,10.5,21
"Lajkovac","Kolari",210,420,640,1280,2570,2,4,6,11.5,22.5
"Lajkovac","Smederevo",230,450,690,1370,2750,2.5,4,6,12,24
"Lajkovac","Požarevac",230,460,700,1400,2800,2.5,4.5,6.5,12.5,24.5
"Lajkovac","Velika Plana",310,620,940,1870,3750,3,5.5,8.5,16.5,33
"Lajkovac","Markovac",340,680,1030,2060,4130,3,6,9,18,36
"Lajkovac","Lapovo",360,720,1090,2160,4340,3.5,6.5,9.5,19,38
"Lajkovac","Batočina",370,740,1120,2230,4460,3.5,6.5,10,19.5,39
"Lajkovac","Jagodina",430,860,1300,2580,5180,4,7.5,11.5,22.5,45
"Lajkovac","Ćuprija",460,930,1400,2800,5610,4,8.5,12.5,24.5,48.5
"Lajkovac","Paraćin",490,990,1490,2970,5960,4.5,9,13,26,51.5
"Lajkovac","Ćićevac",540,1080,1630,3240,6490,5,9.5,14.5,28,56
"Lajkovac","Ražanj",560,1120,1700,3380,6770,5,10,15,29.5,58.5
"Lajkovac","Aleksinački Rudnici",620,1240,1870,3730,7460,5.5,11,16.5,32.5,64.5
"Lajkovac","Aleksinac",630,1270,1910,3810,7620,5.5,11,16.5,33,66
"Lajkovac","Niš jug",700,1400,2110,4210,8430,6.5,12.5,18.5,36.5,72.5
"Lajkovac","Doljevac",740,1490,2240,4480,8970,7,13.5,20,39,77.5
"Lajkovac","Brestovac",760,1520,2290,4580,9160,7.5,14,20.5,40,79
"Lajkovac","Leskovac centar",780,1560,2350,4700,9400,7.5,14,21,41,81
"Lajkovac","Leskovac jug",820,1650,2480,4960,9930,8,15,22,43,85.5
"Lajkovac","Grdelica",860,1710,2580,5140,10300,8,15.5,23,44.5,88.5
"Lajkovac","Predejane",900,1800,2710,5410,10830,8.5,16,24,47,93.5
"Lajkovac","Vladičin Han",970,1940,2920,5830,11670,9,17.5,25.5,50.5,100.5
"Lajkovac","Vranje",1030,2070,3110,6210,12440,9.5,18.5,27.5,54,107
"Lajkovac","Bujanovac sever",1070,2140,3220,6440,12890,10,19,28,56,111
"Lajkovac","Bujanovac jug",1080,2160,3260,6500,13010,10,19,28.5,56.5,112
"Lajkovac","Preševo",1140,2280,3420,6840,13690,10.5,20.5,30,59,117.5
"Lajkovac","Dimitrovgrad",1010,2020,3050,6080,12180,9,17.5,26.5,52.5,105
"Lajkovac","Šid",370,740,1120,2230,4470,3.5,6.5,10,19.5,39
"Lajkovac","Adaševci",110,220,340,670,1350,1,2,3,6,12
"Lajkovac","Kuzmin",310,620,930,1860,3720,3,5.5,8.5,16.5,32.5
"Lajkovac","Sremska Mitrovica",250,500,760,1500,3020,2.5,4.5,7,13.5,26.5
"Lajkovac","Ruma",220,430,660,1310,2620,2,4,6,11.5,23
"Lajkovac","Pećinci",180,360,550,1090,2190,2,3.5,5,10,19.5
"Lajkovac","Takovo",160,320,470,950,1890,1.5,3,4.5,8.5,16.5
"Lajkovac","Preljina jug",220,430,650,1300,2600,2,4,6,11.5,22.5
"Lajkovac","Obrenovac",110,220,340,670,1350,1,2,3,6,12
"Lajkovac","Ub",40,80,120,240,470,0.5,1,1.5,2.5,4.5
"Lajkovac","Ljig",70,140,200,410,810,1,1.5,2,4,7
"Lajkovac","Merošina",610,1210,1820,3630,7270,5.5,10.5,16,31.5,62.5
"Lajkovac","Niš sever",700,1390,2100,4190,8390,6.5,12,18.5,36.5,72.5
"Lajkovac","Niš istok",720,1430,2160,4300,8610,6.5,12.5,19,37.5,74.5
"Lajkovac","Niš Malča",740,1470,2220,4420,8860,6.5,13,19.5,38.5,76.5
"Lajkovac","Bela Palanka",830,1650,2490,4970,9950,7.5,14.5,21.5,43,85.5
"Lajkovac","Pirot zapad",900,1790,2700,5390,10790,8,15.5,23.5,46.5,93
"Lajkovac","Pirot istok",930,1860,2800,5600,11210,8.5,16.5,24.5,48.5,96.5
"Lajkovac","Čačak (Pakovraće)",250,490,740,1480,2960,2.5,4.5,6.5,13,25.5
"Lajkovac","Hrtkovci",250,500,760,1500,3020,2.5,4.5,7,13.5,26.5
"Lajkovac","Šabac",290,570,870,1730,3470,3,5,8,15.5,30.5
"Lajkovac","Kruševac istok",590,1180,1780,3550,7110,5.5,10.5,15.5,31,61.5
"Lajkovac","Kruševac zapad",590,1190,1790,3580,7170,5.5,10.5,15.5,31,62
"Lajkovac","Koševi",610,1220,1850,3680,7370,5.5,3,16,32,63.5
"Lajkovac","Velika Drenova",630,1270,1910,3810,7620,5.5,11,16.5,33,66
"Lajkovac","Trstenik",670,1340,2020,4040,8090,6,12,17.5,35,70
"Lajkovac","Vrnjačka Banja",700,1410,2120,4230,8480,6.5,12.5,18.5,36.5,73
"Lajkovac","Lučani",320,630,950,1900,3810,3,5.5,8.5,16.5,33
"Lajkovac","Prilipac",360,730,1090,2190,4370,3.5,6.5,9.5,19,37.5
"Lajkovac","Vrba",740,1480,2240,4460,8930,6.5,13,19.5,38.5,77
"Lajkovac","Adrani",290,590,880,1760,3520,2.5,5.5,8,15.5,30.5
"Ljig","Subotica",600,1210,1810,3620,7250,6,11,16,31.5,62
"Ljig","Žednik",550,1090,1640,3280,6570,5.5,10,14.5,28.5,56.5
"Ljig","Bačka Topola",510,1030,1540,3080,6160,5,9.5,14,27,53
"Ljig","Feketić",460,910,1370,2740,5490,4.5,8.5,12.5,24,47
"Ljig","Vrbas",430,860,1290,2580,5160,4.5,8,11.5,22.5,44.5
"Ljig","Zmajevo",390,790,1180,2370,4740,4,7.5,10.5,21,41
"Ljig","Novi Sad",350,700,1050,2100,4200,3.5,6.5,9.5,18.5,36
"Ljig","Kovilj",300,590,890,1780,3570,3.5,5.5,8,15.5,31
"Ljig","Beška",250,510,760,1520,3040,3,5,7,13.5,26.5
"Ljig","Maradik",240,480,720,1450,2890,3,5,7,13,25
"Ljig","Inđija",230,460,680,1370,2740,2.5,4.5,6.5,12,23.5
"Ljig","Beograd",180,360,540,1080,2160,2,3.5,5,9.5,18.5
"Ljig","Mali Požarevac",230,460,690,1380,2770,2.5,4.5,6.5,12.5,24
"Ljig","Umčari",250,500,740,1490,2980,3,5,7,13.5,26
"Ljig","Vodanj",260,530,790,1590,3170,3,5,7.5,14,27.5
"Ljig","Kolari",280,560,840,1690,3380,3,5.5,8,15,29
"Ljig","Smederevo",300,590,890,1780,3560,3.5,5.5,8,15.5,30.5
"Ljig","Požarevac",300,600,900,1810,3610,3.5,6,8.5,16,31
"Ljig","Velika Plana",380,760,1140,2280,4560,4,7,10.5,20,39.5
"Ljig","Markovac",410,820,1230,2470,4940,4,7.5,11,21.5,42.5
"Ljig","Lapovo",430,860,1290,2570,5150,4.5,8,11.5,22.5,44.5
"Ljig","Batočina",440,880,1320,2640,5270,4.5,8,12,23,45.5
"Ljig","Jagodina",500,1000,1500,2990,5990,5,9,13.5,26,51.5
"Ljig","Ćuprija",530,1070,1600,3210,6420,5,10,14.5,28,55
"Ljig","Paraćin",560,1130,1690,3380,6770,5.5,10.5,15,29.5,58
"Ljig","Ćićevac",610,1220,1830,3650,7300,6,11,16.5,31.5,62.5
"Ljig","Ražanj",630,1260,1900,3790,7580,6,11.5,17,33,65
"Ljig","Aleksinački Rudnici",690,1380,2070,4140,8270,6.5,12.5,18.5,36,71
"Ljig","Aleksinac",700,1410,2110,4220,8430,6.5,12.5,18.5,36.5,72.5
"Ljig","Niš jug",770,1540,2310,4620,9240,7.5,14,20.5,40,79
"Ljig","Doljevac",810,1630,2440,4890,9780,8,15,22,42.5,84
"Ljig","Brestovac",830,1660,2490,4990,9970,8.5,15.5,22.5,43.5,85.5
"Ljig","Leskovac centar",850,1700,2550,5110,10210,8.5,15.5,23,44.5,87.5
"Ljig","Leskovac jug",890,1790,2680,5370,10740,9,16.5,24,46.5,92
"Ljig","Grdelica",930,1850,2780,5550,11110,9,17,25,48,95
"Ljig","Predejane",970,1940,2910,5820,11640,9.5,17.5,26,50.5,100
"Ljig","Vladičin Han",1040,2080,3120,6240,12480,10,19,27.5,54,107
"Ljig","Vranje",1100,2210,3310,6620,13250,10.5,20,29.5,57.5,113.5
"Ljig","Bujanovac sever",1140,2280,3420,6850,13700,11,20.5,30,59.5,117.5
"Ljig","Bujanovac jug",1150,2300,3460,6910,13820,11,20.5,30.5,60,118.5
"Ljig","Preševo",1210,2420,3620,7250,14500,11.5,22,32,62.5,124
"Ljig","Dimitrovgrad",1080,2160,3250,6490,12990,10,19,28.5,56,111.5
"Ljig","Šid",440,880,1320,2640,5280,4.5,8,12,23,45.5
"Ljig","Adaševci",180,360,540,1080,2160,2,3.5,5,9.5,18.5
"Ljig","Kuzmin",380,760,1130,2270,4530,4,7,10.5,20,39
"Ljig","Sremska Mitrovica",320,640,960,1910,3830,3.5,6,9,17,33
"Ljig","Ruma",290,570,860,1720,3430,3,5.5,8,15,29.5
"Ljig","Pećinci",250,500,750,1500,3000,3,5,7,13.5,26
"Ljig","Takovo",90,180,270,540,1080,1,2,2.5,5,9.5
"Ljig","Preljina jug",150,300,450,900,1790,1.5,3,4,8,15.5
"Ljig","Obrenovac",180,360,540,1080,2160,2,3.5,5,9.5,18.5
"Ljig","Ub",110,210,320,640,1280,1,2,3,5.5,11
"Ljig","Lajkovac",70,140,200,410,810,1,1.5,2,4,7
"Ljig","Merošina",790,1570,2360,4710,9430,7.5,14,21,41,81
"Ljig","Niš sever",770,1530,2300,4600,9200,7.5,13.5,20.5,40,79
"Ljig","Niš istok",790,1570,2360,4710,9420,7.5,14,21,41,81
"Ljig","Niš Malča",810,1610,2420,4830,9670,7.5,14.5,21.5,42,83
"Ljig","Bela Palanka",900,1790,2690,5380,10760,8.5,16,23.5,46.5,92
"Ljig","Pirot zapad",970,1930,2900,5800,11600,9,17,25.5,50,99.5
"Ljig","Pirot istok",1000,2000,3000,6010,12020,9.5,18,26.5,52,103
"Ljig","Čačak (Pakovraće)",180,360,540,1080,2150,2,3.5,5,9.5,18.5
"Ljig","Hrtkovci",320,640,960,1910,3830,3.5,6,9,17,33
"Ljig","Šabac",360,710,1070,2140,4280,4,6.5,10,19,37
"Ljig","Kruševac istok",660,1320,1980,3960,7920,6.5,12,17.5,34.5,68
"Ljig","Kruševac zapad",660,1330,1990,3990,7980,6.5,12,17.5,34.5,68.5
"Ljig","Koševi",680,1360,2050,4090,8180,6.5,4.5,18,35.5,70
"Ljig","Velika Drenova",700,1410,2110,4220,8430,6.5,12.5,18.5,36.5,72.5
"Ljig","Trstenik",740,1480,2220,4450,8900,7,13.5,19.5,38.5,76.5
"Ljig","Vrnjačka Banja",770,1550,2320,4640,9290,7.5,14,20.5,40,79.5
"Ljig","Lučani",250,500,750,1500,3000,2.5,4.5,6.5,13,26
"Ljig","Prilipac",300,590,890,1780,3560,3,5.5,8,15.5,30.5
"Ljig","Vrba",810,1620,2440,4870,9740,7.5,14.5,21.5,42,83.5
"Ljig","Adrani",230,450,680,1350,2700,2,4,6,12,23.5
"Merošina","Subotica",1030,2060,3090,6170,12360,9.5,18,27,53.5,106
"Merošina","Žednik",980,1940,2920,5830,11680,9,17,25.5,50.5,100.5
"Merošina","Bačka Topola",940,1880,2820,5630,11270,8.5,16.5,25,49,97
"Merošina","Feketić",890,1760,2650,5290,10600,8,15.5,23.5,46,91
"Merošina","Vrbas",860,1710,2570,5130,10270,8,15,22.5,44.5,88.5
"Merošina","Zmajevo",820,1640,2460,4920,9850,7.5,14.5,21.5,43,85
"Merošina","Novi Sad",780,1550,2330,4650,9310,7,13.5,20.5,40.5,80
"Merošina","Kovilj",730,1440,2170,4330,8680,7,12.5,19,37.5,75
"Merošina","Beška",680,1360,2040,4070,8150,6.5,12,18,35.5,70.5
"Merošina","Maradik",670,1330,2000,4000,8000,6.5,12,18,35,69
"Merošina","Inđija",660,1310,1960,3920,7850,6,11.5,17.5,34,67.5
"Merošina","Beograd",610,1210,1820,3630,7270,5.5,10.5,16,31.5,62.5
"Merošina","Mali Požarevac",560,1110,1670,3330,6660,5,9.5,14.5,28.5,57
"Merošina","Umčari",540,1070,1610,3220,6450,5,9.5,14,28,55.5
"Merošina","Vodanj",520,1040,1560,3130,6260,4.5,9,13.5,27,53.5
"Merošina","Kolari",500,1010,1510,3030,6050,4.5,8.5,13,25.5,50.5
"Merošina","Smederevo",490,980,1470,2930,5870,4.5,8.5,13,25.5,50.5
"Merošina","Požarevac",480,970,1450,2910,5820,4.5,8.5,12.5,25,50
"Merošina","Velika Plana",410,810,1220,2430,4870,4,7,10.5,21,42
"Merošina","Markovac",370,750,1120,2240,4490,3.5,6.5,10,19.5,38.5
"Merošina","Lapovo",360,710,1070,2140,4280,3.5,6.5,9.5,18.5,37
"Merošina","Batočina",350,690,1040,2080,4160,3,6,9,18,36
"Merošina","Jagodina",290,570,860,1720,3440,2.5,5,7.5,15,29.5
"Merošina","Ćuprija",250,500,750,1510,3010,2.5,4.5,6.5,13,26
"Merošina","Paraćin",220,440,670,1330,2660,2,4,6,11.5,23
"Merošina","Ćićevac",200,400,600,1200,2410,2,3.5,5.5,10.5,21
"Merošina","Ražanj",150,310,460,920,1850,1.5,3,4,8,16
"Merošina","Aleksinački Rudnici",100,190,290,580,1160,1,2,2.5,5,10
"Merošina","Aleksinac",80,170,250,500,1000,1,1.5,2.5,4.5,9
"Merošina","Niš jug",20,30,50,100,190,0.5,0.5,0.5,1,2
"Merošina","Doljevac",30,60,90,170,350,0.5,1,1,1.5,3
"Merošina","Brestovac",50,90,140,270,540,0.5,1,1.5,2.5,5
"Merošina","Leskovac centar",70,130,200,390,780,1,1.5,2,3.5,7
"Merošina","Leskovac jug",110,220,330,650,1310,1,2,3,6,11.5
"Merošina","Grdelica",140,280,420,840,1680,1.5,2.5,4,7.5,14.5
"Merošina","Predejane",180,370,550,1100,2210,2,3.5,5,9.5,19
"Merošina","Vladičin Han",250,510,760,1520,3050,2.5,4.5,6.5,13,26.5
"Merošina","Vranje",320,640,950,1910,3820,3,5.5,8.5,16.5,33
"Merošina","Bujanovac sever",360,710,1070,2130,4270,3.5,6.5,9.5,18.5,36.5
"Merošina","Bujanovac jug",370,730,1100,2200,4390,3.5,6.5,9.5,19,38
"Merošina","Preševo",420,840,1270,2530,5070,4,7.5,11,22,43.5
"Merošina","Dimitrovgrad",350,700,1040,2090,4170,3,6,9,18,36
"Merošina","Šid",870,1730,2600,5190,10390,8,15,23,45,89.5
"Merošina","Adaševci",610,1210,1820,3630,7270,5.5,10.5,16,31.5,62.5
"Merošina","Kuzmin",810,1610,2410,4820,9640,7.5,14,21.5,42,83
"Merošina","Sremska Mitrovica",750,1490,2240,4460,8940,7,13,20,39,77
"Merošina","Ruma",720,1420,2140,4270,8540,6.5,12.5,19,37,73.5
"Merošina","Pećinci",680,1350,2030,4050,8110,6.5,12,18,35.5,70
"Merošina","Takovo",880,1750,2630,5250,10510,8,15.5,23,45.5,90.5
"Merošina","Preljina jug",940,1870,2810,5610,11220,8.5,16.5,24.5,48.5,96.5
"Merošina","Obrenovac",610,1210,1820,3630,7270,5.5,10.5,16,31.5,62.5
"Merošina","Ub",680,1360,2040,4070,8150,6.5,12,18,35.5,70.5
"Merošina","Lajkovac",610,1210,1820,3630,7270,5.5,10.5,16,31.5,62.5
"Merošina","Ljig",790,1570,2360,4710,9430,7.5,14,21,41,81
"Merošina","Niš sever",30,60,100,190,390,0.5,1,1,2,3.5
"Merošina","Niš istok",50,100,150,300,610,0.5,1,1.5,3,5.5
"Merošina","Niš Malča",70,140,210,430,850,1,1.5,2,4,7.5
"Merošina","Bela Palanka",160,320,490,970,1940,1.5,3,4.5,8.5,17
"Merošina","Pirot zapad",230,460,700,1390,2780,2,4,6,12,24
"Merošina","Pirot istok",270,530,800,1600,3200,2.5,5,7,14,27.5
"Merošina","Čačak (Pakovraće)",970,1930,2900,5790,11580,9,17,25.5,50,99.5
"Merošina","Hrtkovci",750,1490,2240,4460,8940,7,13,20,39,77
"Merošina","Šabac",790,1560,2350,4690,9390,7.5,13.5,21,41,81
"Merošina","Kruševac istok",250,500,760,1510,3030,2.5,4.5,6.5,13,26
"Merošina","Kruševac zapad",260,510,770,1540,3080,2.5,4.5,7,13.5,26.5
"Merošina","Koševi",270,550,820,1640,3290,2.5,5,7.5,14.5,28.5
"Merošina","Velika Drenova",300,590,890,1770,3540,3,5.5,8,15.5,30.5
"Merošina","Trstenik",330,670,1000,2000,4000,3,6,9,17.5,34.5
"Merošina","Vrnjačka Banja",370,730,1100,2200,4390,3.5,6.5,9.5,19,38
"Merošina","Lučani",1040,2070,3110,6210,12430,9.5,18,27.5,54,107
"Merošina","Prilipac",1090,2160,3250,6490,12990,10,19,28.5,56,111.5
"Merošina","Vrba",400,810,1210,2430,4850,3.5,7,10.5,21,41.5
"Merošina","Adrani",1020,2020,3040,6060,12140,9.5,17.5,26.5,52.5,104.5
"Niš sever","Subotica",1010,2020,3030,6060,12130,9.5,17.5,26.5,52.5,104
"Niš sever","Žednik",960,1900,2860,5720,11450,9,16.5,25,49.5,98.5
"Niš sever","Bačka Topola",920,1840,2760,5520,11040,8.5,16,24.5,48,95
"Niš sever","Feketić",870,1720,2590,5180,10370,8,15,23,45,89
"Niš sever","Vrbas",840,1670,2510,5020,10040,8,14.5,22,43.5,86.5
"Niš sever","Zmajevo",800,1600,2400,4810,9620,7.5,14,21,42,83
"Niš sever","Novi Sad",760,1510,2270,4540,9080,7,13,20,39.5,78
"Niš sever","Kovilj",710,1400,2110,4220,8450,7,12,18.5,36.5,73
"Niš sever","Beška",660,1320,1980,3960,7920,6.5,11.5,17.5,34.5,68.5
"Niš sever","Maradik",650,1290,1940,3890,7770,6.5,11.5,17.5,34,67
"Niš sever","Inđija",640,1270,1900,3810,7620,6,11,17,33,65.5
"Niš sever","Beograd",590,1170,1760,3520,7040,5.5,10,15.5,30.5,60.5
"Niš sever","Mali Požarevac",540,1070,1610,3220,6440,5,9.5,14,28,55.5
"Niš sever","Umčari",520,1040,1560,3110,6220,4.5,9,13.5,27,53.5
"Niš sever","Vodanj",500,1000,1510,3010,6030,4.5,9,13,26,52
"Niš sever","Kolari",490,970,1460,2910,5830,4.5,8.5,12.5,25,50
"Niš sever","Smederevo",470,940,1410,2820,5640,4.5,8.5,12.5,24.5,48.5
"Niš sever","Požarevac",470,930,1400,2800,5590,4.5,8,12,24,48
"Niš sever","Velika Plana",390,770,1160,2320,4640,3.5,7,10,20,40
"Niš sever","Markovac",360,710,1070,2130,4260,3.5,6.5,9.5,18.5,36.5
"Niš sever","Lapovo",340,680,1010,2030,4060,3,6,9,17.5,35
"Niš sever","Batočina",330,660,980,1970,3930,3,6,8.5,17,34
"Niš sever","Jagodina",270,540,800,1610,3220,2.5,5,7,14,28
"Niš sever","Ćuprija",230,460,700,1390,2790,2,4,6,12,24
"Niš sever","Paraćin",200,410,610,1220,2440,2,4,5.5,10.5,21
"Niš sever","Ćićevac",180,360,550,1090,2180,2,3.5,5,9.5,19
"Niš sever","Ražanj",140,270,410,810,1620,1.5,2.5,4,7,14
"Niš sever","Aleksinački Rudnici",80,160,230,470,930,1,1.5,2,4.5,8
"Niš sever","Aleksinac",60,130,190,380,770,1,1.5,2,3.5,7
"Niš sever","Niš jug",20,30,50,100,200,0.5,0.5,0.5,1,2
"Niš sever","Doljevac",60,120,180,370,730,1,1.5,2,3.5,6.5
"Niš sever","Brestovac",80,150,230,460,930,1,1.5,2,4,8
"Niš sever","Leskovac centar",100,190,290,580,1170,1,2,2.5,5,10
"Niš sever","Leskovac jug",140,280,420,850,1700,1.5,2.5,4,7.5,15
"Niš sever","Grdelica",170,340,520,1030,2060,1.5,3,4.5,9,18
"Niš sever","Predejane",220,430,650,1300,2600,2,4,6,11.5,22.5
"Niš sever","Vladičin Han",290,570,860,1720,3430,2.5,5,7.5,15,29.5
"Niš sever","Vranje",350,700,1050,2100,4210,3,6,9,18,36
"Niš sever","Bujanovac sever",390,780,1160,2330,4660,3.5,7,10,20,40
"Niš sever","Bujanovac jug",400,800,1200,2390,4780,3.5,7,10.5,20.5,41
"Niš sever","Preševo",450,910,1360,2730,5450,4,8,12,23.5,47
"Niš sever","Dimitrovgrad",320,630,950,1890,3790,3,5.5,8.5,16.5,32.5
"Niš sever","Šid",850,1690,2540,5080,10160,8,14.5,22.5,44,87.5
"Niš sever","Adaševci",590,1170,1760,3520,7040,5.5,10,15.5,30.5,60.5
"Niš sever","Kuzmin",790,1570,2350,4710,9410,7.5,13.5,21,41,81
"Niš sever","Sremska Mitrovica",730,1450,2180,4350,8710,7,12.5,19.5,38,75
"Niš sever","Ruma",700,1380,2080,4160,8310,6.5,12,18.5,36,71.5
"Niš sever","Pećinci",660,1310,1970,3940,7880,6.5,11.5,17.5,34.5,68
"Niš sever","Takovo",860,1710,2570,5140,10280,8,15,22.5,44.5,88.5
"Niš sever","Preljina jug",920,1830,2750,5500,10990,8.5,16,24,47.5,94.5
"Niš sever","Obrenovac",590,1170,1760,3520,7040,5.5,10,15.5,30.5,60.5
"Niš sever","Ub",660,1320,1980,3960,7920,6.5,11.5,17.5,34.5,68.5
"Niš sever","Lajkovac",700,1390,2100,4190,8390,6.5,12,18.5,36.5,72.5
"Niš sever","Ljig",770,1530,2300,4600,9200,7.5,13.5,20.5,40,79
"Niš sever","Merošina",30,60,100,190,390,0.5,1,1,2,3.5
"Niš sever","Niš istok",20,40,50,110,220,0.5,0.5,0.5,1,2
"Niš sever","Niš Malča",40,80,120,230,460,0.5,1,1.5,2,4
"Niš sever","Bela Palanka",130,260,390,780,1560,1.5,2.5,3.5,7,13.5
"Niš sever","Pirot zapad",200,400,600,1200,2390,2,3.5,5.5,10.5,20.5
"Niš sever","Pirot istok",230,470,700,1410,2820,2,4.5,6,12.5,24.5
"Niš sever","Čačak (Pakovraće)",950,1890,2840,5680,11350,9,16.5,25,49,97.5
"Niš sever","Hrtkovci",730,1450,2180,4350,8710,7,12.5,19.5,38,75
"Niš sever","Šabac",770,1520,2290,4580,9160,7.5,13,20.5,40,79
"Niš sever","Kruševac istok",230,470,700,1400,2800,2,4.5,6,12,24
"Niš sever","Kruševac zapad",240,480,710,1430,2860,2.5,4.5,6.5,12.5,24.5
"Niš sever","Koševi",260,510,770,1530,3060,2.5,4.5,7,13.5,26.5
"Niš sever","Velika Drenova",280,550,830,1660,3320,2.5,5,7.5,14.5,28.5
"Niš sever","Trstenik",310,630,940,1890,3780,3,5.5,8.5,16.5,32.5
"Niš sever","Vrnjačka Banja",350,690,1040,2080,4170,3,6,9,18,36
"Niš sever","Lučani",1020,2030,3050,6100,12200,9.5,17.5,27,53,105
"Niš sever","Prilipac",1070,2120,3190,6380,12760,10,18.5,28,55,109.5
"Niš sever","Vrba",390,770,1160,2310,4630,3.5,7,10,20,40
"Niš sever","Adrani",1000,1980,2980,5950,11910,9.5,17,26,51.5,102.5
"Niš istok","Subotica",1030,2060,3090,6170,12350,9.5,18,27,53.5,106
"Niš istok","Žednik",980,1940,2920,5830,11670,9,17,25.5,50.5,100.5
"Niš istok","Bačka Topola",940,1880,2820,5630,11260,8.5,16.5,25,49,97
"Niš istok","Feketić",890,1760,2650,5290,10590,8,15.5,23.5,46,91
"Niš istok","Vrbas",860,1710,2570,5130,10260,8,15,22.5,44.5,88.5
"Niš istok","Zmajevo",820,1640,2460,4920,9840,7.5,14.5,21.5,43,85
"Niš istok","Novi Sad",780,1550,2330,4650,9300,7,13.5,20.5,40.5,80
"Niš istok","Kovilj",730,1440,2170,4330,8670,7,12.5,19,37.5,75
"Niš istok","Beška",680,1360,2040,4070,8140,6.5,12,18,35.5,70.5
"Niš istok","Maradik",670,1330,2000,4000,7990,6.5,12,18,35,69
"Niš istok","Inđija",660,1310,1960,3920,7840,6,11.5,17.5,34,67.5
"Niš istok","Beograd",610,1210,1820,3630,7260,5.5,10.5,16,31.5,62.5
"Niš istok","Mali Požarevac",550,1110,1660,3330,6650,5,9.5,14.5,28.5,57
"Niš istok","Umčari",540,1070,1610,3220,6440,5,9.5,14,28,55.5
"Niš istok","Vodanj",520,1040,1560,3120,6250,4.5,9,13.5,27,53.5
"Niš istok","Kolari",500,1010,1510,3020,6050,4.5,9,13,26,52
"Niš istok","Smederevo",490,980,1460,2930,5860,4.5,8.5,12.5,25.5,50.5
"Niš istok","Požarevac",480,970,1450,2910,5810,4.5,8.5,12.5,25,50
"Niš istok","Velika Plana",410,810,1220,2430,4860,4,7,10.5,21,42
"Niš istok","Markovac",370,750,1120,2240,4480,3.5,6.5,10,19.5,38.5
"Niš istok","Lapovo",360,710,1070,2140,4270,3.5,6.5,9.5,18.5,36.5
"Niš istok","Batočina",350,690,1040,2070,4150,3,6,9,18,35.5
"Niš istok","Jagodina",290,570,860,1720,3440,2.5,5,7.5,15,29.5
"Niš istok","Ćuprija",250,500,750,1500,3010,2.5,4.5,6.5,13,26
"Niš istok","Paraćin",220,440,660,1330,2660,2,4,6,11.5,23
"Niš istok","Ćićevac",200,400,600,1200,2400,2,3.5,5.5,10.5,21
"Niš istok","Ražanj",150,310,460,920,1840,1.5,3,4,8,16
"Niš istok","Aleksinački Rudnici",100,190,290,580,1150,1,2,2.5,5,10
"Niš istok","Aleksinac",80,160,250,490,990,1,1.5,2.5,4.5,8.5
"Niš istok","Niš jug",30,70,100,210,420,0.5,1,1,2,4
"Niš istok","Doljevac",80,160,240,480,950,1,1.5,2.5,4.5,8.5
"Niš istok","Brestovac",100,190,290,570,1150,1,2,2.5,5,10
"Niš istok","Leskovac centar",120,230,350,690,1390,1.5,2,3,6,12
"Niš istok","Leskovac jug",160,320,480,960,1920,1.5,3,4.5,8.5,16.5
"Niš istok","Grdelica",190,380,570,1140,2280,2,3.5,5,10,19.5
"Niš istok","Predejane",230,470,700,1410,2820,2,4.5,6,12.5,24.5
"Niš istok","Vladičin Han",300,610,910,1830,3650,3,5.5,8,16,31.5
"Niš istok","Vranje",370,740,1110,2210,4420,3.5,6.5,9.5,19,38
"Niš istok","Bujanovac sever",410,810,1220,2440,4870,4,7,10.5,21,42
"Niš istok","Bujanovac jug",420,830,1250,2500,5000,4,7.5,11,21.5,43
"Niš istok","Preševo",470,950,1420,2840,5670,4.5,8.5,12.5,24.5,48.5
"Niš istok","Dimitrovgrad",300,590,890,1780,3570,3,5.5,8,15.5,30.5
"Niš istok","Šid",870,1730,2600,5190,10380,8,15,23,45,89.5
"Niš istok","Adaševci",610,1210,1820,3630,7260,5.5,10.5,16,31.5,62.5
"Niš istok","Kuzmin",810,1610,2410,4820,9630,7.5,14,21.5,42,83
"Niš istok","Sremska Mitrovica",750,1490,2240,4460,8930,7,13,20,39,77
"Niš istok","Ruma",720,1420,2140,4270,8530,6.5,12.5,19,37,73.5
"Niš istok","Pećinci",680,1350,2030,4050,8100,6.5,12,18,35.5,70
"Niš istok","Takovo",880,1750,2630,5250,10500,8,15.5,23,45.5,90.5
"Niš istok","Preljina jug",940,1870,2810,5610,11210,8.5,16.5,24.5,48.5,96.5
"Niš istok","Obrenovac",610,1210,1820,3630,7260,5.5,10.5,16,31.5,62.5
"Niš istok","Ub",680,1360,2040,4070,8140,6.5,12,18,35.5,70.5
"Niš istok","Lajkovac",720,1430,2160,4300,8610,6.5,12.5,19,37.5,74.5
"Niš istok","Ljig",790,1570,2360,4710,9420,7.5,14,21,41,81
"Niš istok","Merošina",50,100,150,300,610,0.5,1,1.5,3,5.5
"Niš istok","Niš sever",20,40,50,110,220,0.5,0.5,0.5,1,2
"Niš istok","Niš Malča",20,40,60,120,240,0.5,0.5,1,1.5,2.5
"Niš istok","Bela Palanka",110,220,330,670,1340,1,2,3,6,11.5
"Niš istok","Pirot zapad",180,360,540,1090,2180,2,3.5,5,9.5,19
"Niš istok","Pirot istok",220,430,650,1300,2600,2,4,6,11.5,22.5
"Niš istok","Čačak (Pakovraće)",970,1930,2900,5790,11570,9,17,25.5,50,99.5
"Niš istok","Hrtkovci",750,1490,2240,4460,8930,7,13,20,39,77
"Niš istok","Šabac",790,1560,2350,4690,9380,7.5,13.5,21,41,81
"Niš istok","Kruševac istok",250,500,750,1510,3020,2.5,4.5,6.5,13,26
"Niš istok","Kruševac zapad",260,510,770,1540,3080,2.5,4.5,7,13.5,26.5
"Niš istok","Koševi",270,550,820,1640,3280,2.5,5,7.5,14.5,28.5
"Niš istok","Velika Drenova",290,590,880,1770,3540,2.5,5.5,8,15.5,30.5
"Niš istok","Trstenik",330,670,1000,2000,4000,3,6,9,17.5,34.5
"Niš istok","Vrnjačka Banja",370,730,1100,2190,4390,3.5,6.5,9.5,19,38
"Niš istok","Lučani",1040,2070,3110,6210,12420,9.5,18,27.5,54,107
"Niš istok","Prilipac",1090,2160,3250,6490,12980,10,19,28.5,56,111.5
"Niš istok","Vrba",400,810,1210,2420,4850,3.5,7,10.5,21,41.5
"Niš istok","Adrani",1020,2020,3040,6060,12130,9.5,17.5,26.5,52.5,104.5
"Niš Malča","Subotica",1050,2100,3150,6290,12600,9.5,18.5,27.5,54.5,108
"Niš Malča","Žednik",1000,1980,2980,5950,11920,9,17.5,26,51.5,102.5
"Niš Malča","Bačka Topola",960,1920,2880,5750,11510,8.5,17,25.5,50,99
"Niš Malča","Feketić",910,1800,2710,5410,10840,8,16,24,47,93
"Niš Malča","Vrbas",880,1750,2630,5250,10510,8,15.5,23,45.5,90.5
"Niš Malča","Zmajevo",840,1680,2520,5040,10090,7.5,15,22,44,87
"Niš Malča","Novi Sad",800,1590,2390,4770,9550,7,14,21,41.5,82
"Niš Malča","Kovilj",750,1480,2230,4450,8920,7,13,19.5,38.5,77
"Niš Malča","Beška",700,1400,2100,4190,8390,6.5,12.5,18.5,36.5,72.5
"Niš Malča","Maradik",690,1370,2060,4120,8240,6.5,12.5,18.5,36,71
"Niš Malča","Inđija",680,1350,2020,4040,8090,6,12,18,35,69.5
"Niš Malča","Beograd",630,1250,1880,3750,7510,5.5,11,16.5,32.5,64.5
"Niš Malča","Mali Požarevac",570,1150,1720,3450,6900,5,10,15,29.5,59
"Niš Malča","Umčari",560,1110,1670,3340,6690,5,9.5,14.5,29,57.5
"Niš Malča","Vodanj",540,1080,1620,3250,6490,5,9.5,14,28,55.5
"Niš Malča","Kolari",520,1050,1570,3140,6290,4.5,9,13.5,27,54
"Niš Malča","Smederevo",510,1020,1530,3050,6100,4.5,9,13.5,26.5,52.5
"Niš Malča","Požarevac",500,1010,1510,3030,6050,4.5,9,13,26,52
"Niš Malča","Velika Plana",430,850,1280,2550,5110,4,7.5,11,22,44
"Niš Malča","Markovac",390,790,1180,2360,4730,3.5,7,10.5,20.5,40.5
"Niš Malča","Lapovo",380,750,1130,2260,4520,3.5,6.5,10,19.5,39
"Niš Malča","Batočina",370,730,1100,2200,4390,3.5,6.5,9.5,19,38
"Niš Malča","Jagodina",310,610,920,1840,3680,3,5.5,8,16,31.5
"Niš Malča","Ćuprija",270,540,810,1630,3250,2.5,5,7,14,28
"Niš Malča","Paraćin",240,480,730,1450,2900,2.5,4.5,6.5,12.5,25
"Niš Malča","Ćićevac",220,440,660,1320,2650,2,4,6,11.5,23
"Niš Malča","Ražanj",170,350,520,1040,2080,1.5,3,4.5,9,18
"Niš Malča","Aleksinački Rudnici",120,230,350,700,1400,1.5,2,3,6,12
"Niš Malča","Aleksinac",100,210,310,620,1230,1,2,3,5.5,11
"Niš Malča","Niš jug",60,110,170,330,660,1,1,1.5,3,6
"Niš Malča","Doljevac",100,200,300,600,1200,1,2,3,5.5,10.5
"Niš Malča","Brestovac",120,230,350,700,1390,1.5,2,3,6,12
"Niš Malča","Leskovac centar",140,270,410,820,1630,1.5,2.5,4,7.5,14
"Niš Malča","Leskovac jug",180,360,540,1080,2160,2,3.5,5,9.5,18.5
"Niš Malča","Grdelica",210,420,630,1260,2530,2,4,5.5,11,22
"Niš Malča","Predejane",260,510,770,1530,3060,2.5,4.5,7,13.5,26.5
"Niš Malča","Vladičin Han",320,650,970,1950,3900,3,6,8.5,17,33.5
"Niš Malča","Vranje",390,780,1170,2330,4670,3.5,7,10,20,40
"Niš Malča","Bujanovac sever",430,850,1280,2560,5120,4,7.5,11,22,44
"Niš Malča","Bujanovac jug",440,870,1310,2620,5240,4,7.5,11.5,22.5,45
"Niš Malča","Preševo",490,990,1480,2960,5920,4.5,8.5,13,25.5,51
"Niš Malča","Dimitrovgrad",280,550,830,1660,3320,2.5,5,7.5,14.5,28.5
"Niš Malča","Šid",890,1770,2660,5310,10630,8,15.5,23.5,46,91.5
"Niš Malča","Adaševci",720,1430,2150,4300,8600,6.5,12.5,18.5,37,73.5
"Niš Malča","Kuzmin",830,1650,2470,4940,9880,7.5,14.5,22,43,85
"Niš Malča","Sremska Mitrovica",770,1530,2300,4580,9180,7,13.5,20.5,40,79
"Niš Malča","Ruma",740,1460,2200,4390,8780,6.5,13,19.5,38,75.5
"Niš Malča","Pećinci",700,1390,2090,4170,8350,6.5,12.5,18.5,36.5,72
"Niš Malča","Takovo",900,1790,2690,5370,10750,8,16,23.5,46.5,92.5
"Niš Malča","Preljina jug",960,1910,2870,5730,11460,8.5,17,25,49.5,98.5
"Niš Malča","Obrenovac",630,1250,1880,3750,7510,5.5,11,16.5,32.5,64.5
"Niš Malča","Ub",700,1400,2100,4190,8390,6.5,12.5,18.5,36.5,72.5
"Niš Malča","Lajkovac",740,1470,2220,4420,8860,6.5,13,19.5,38.5,76.5
"Niš Malča","Ljig",810,1610,2420,4830,9670,7.5,14.5,21.5,42,83
"Niš Malča","Merošina",70,140,210,430,850,1,1.5,2,4,7.5
"Niš Malča","Niš sever",40,80,120,230,460,0.5,1,1.5,2,4
"Niš Malča","Niš istok",20,40,60,120,240,0.5,0.5,1,1.5,2.5
"Niš Malča","Bela Palanka",90,180,270,550,1090,1,2,2.5,5,9.5
"Niš Malča","Pirot zapad",160,320,480,970,1930,1.5,3,4.5,8.5,16.5
"Niš Malča","Pirot istok",200,390,590,1180,2350,2,3.5,5.5,10.5,20.5
"Niš Malča","Čačak (Pakovraće)",990,1970,2960,5910,11820,9,17.5,26,51,101.5
"Niš Malča","Hrtkovci",770,1530,2300,4580,9180,7,13.5,20.5,40,79
"Niš Malča","Šabac",810,1600,2410,4810,9630,7.5,14,21.5,42,83
"Niš Malča","Kruševac istok",270,540,820,1630,3260,2.5,5,7.5,14,28
"Niš Malča","Kruševac zapad",280,550,830,1660,3320,2.5,5,7.5,14.5,28.5
"Niš Malča","Koševi",290,590,880,1760,3530,2.5,5.5,8,15.5,30.5
"Niš Malča","Velika Drenova",310,630,940,1890,3780,3,5.5,8.5,16.5,32.5
"Niš Malča","Trstenik",350,710,1060,2120,4240,3,6.5,9.5,18.5,36.5
"Niš Malča","Vrnjačka Banja",390,770,1160,2320,4630,3.5,7,10,20,40
"Niš Malča","Lučani",1060,2110,3170,6330,12670,9.5,18.5,28,55,109
"Niš Malča","Prilipac",1110,2200,3310,6610,13230,10,19.5,29,57,113.5
"Niš Malča","Vrba",420,850,1270,2550,5090,4,7.5,11,22,43.5
"Niš Malča","Adrani",1040,2060,3100,6180,12380,9.5,18,27,53.5,106.5
"Bela Palanka","Subotica",1140,2280,3420,6840,13690,10.5,20,29.5,59,117
"Bela Palanka","Žednik",1090,2160,3250,6500,13010,10,19,28,56,111.5
"Bela Palanka","Bačka Topola",1050,2100,3150,6300,12600,9.5,18.5,27.5,54.5,108
"Bela Palanka","Feketić",1000,1980,2980,5960,11930,9,17.5,26,51.5,102
"Bela Palanka","Vrbas",970,1930,2900,5800,11600,9,17,25,50,99.5
"Bela Palanka","Zmajevo",930,1860,2790,5590,11180,8.5,16.5,24,48.5,96
"Bela Palanka","Novi Sad",890,1770,2660,5320,10640,8,15.5,23,46,91
"Bela Palanka","Kovilj",840,1660,2500,5000,10010,8,14.5,21.5,43,86
"Bela Palanka","Beška",790,1580,2370,4740,9480,7.5,14,20.5,41,81.5
"Bela Palanka","Maradik",780,1550,2330,4670,9330,7.5,14,20.5,40.5,80
"Bela Palanka","Inđija",770,1530,2290,4590,9180,7,13.5,20,39.5,78.5
"Bela Palanka","Beograd",720,1430,2150,4300,8600,6.5,12.5,18.5,37,73.5
"Bela Palanka","Mali Požarevac",670,1330,2000,4000,7990,6,11.5,17.5,34.5,68.5
"Bela Palanka","Umčari",650,1300,1940,3890,7780,6,11.5,17,33.5,66.5
"Bela Palanka","Vodanj",630,1260,1900,3790,7580,5.5,11,16.5,32.5,65
"Bela Palanka","Kolari",620,1230,1850,3690,7380,5.5,11,16,32,63.5
"Bela Palanka","Smederevo",600,1200,1800,3600,7200,5.5,10.5,15.5,31,62
"Bela Palanka","Požarevac",600,1190,1790,3570,7150,5.5,10.5,15.5,30.5,61.5
"Bela Palanka","Velika Plana",520,1030,1550,3100,6200,4.5,9,13.5,26.5,53
"Bela Palanka","Markovac",480,970,1450,2910,5820,4.5,8.5,12.5,25,50
"Bela Palanka","Lapovo",470,940,1400,2810,5610,4.5,8.5,12,24.5,48
"Bela Palanka","Batočina",460,910,1370,2740,5490,4,8,12,23.5,47
"Bela Palanka","Jagodina",400,800,1190,2390,4770,3.5,7,10.5,20.5,41
"Bela Palanka","Ćuprija",360,720,1090,2170,4340,3.5,6.5,9.5,19,37.5
"Bela Palanka","Paraćin",330,670,1000,2000,3990,3,6,9,17.5,34.5
"Bela Palanka","Ćićevac",310,620,930,1870,3740,3,5.5,8,16,32
"Bela Palanka","Ražanj",260,530,790,1590,3180,2.5,5,7,14,27.5
"Bela Palanka","Aleksinački Rudnici",210,410,620,1240,2490,2,4,5.5,11,21.5
"Bela Palanka","Aleksinac",190,390,580,1160,2320,2,3.5,5,10,20
"Bela Palanka","Niš jug",150,290,440,880,1750,1.5,2.5,4,8,15
"Bela Palanka","Doljevac",190,380,570,1140,2290,2,3.5,5,10,20
"Bela Palanka","Brestovac",210,410,620,1240,2490,2,4,5.5,11,21.5
"Bela Palanka","Leskovac centar",230,450,680,1360,2720,2,4,6,12,23.5
"Bela Palanka","Leskovac jug",270,540,810,1630,3250,2.5,5,7,14,28
"Bela Palanka","Grdelica",300,600,900,1810,3620,3,5.5,8,15.5,31
"Bela Palanka","Predejane",350,690,1040,2080,4150,3,6,9,18,35.5
"Bela Palanka","Vladičin Han",420,830,1250,2490,4990,4,7.5,11,21.5,43
"Bela Palanka","Vranje",480,960,1440,2880,5760,4.5,8.5,12.5,25,49.5
"Bela Palanka","Bujanovac sever",520,1040,1550,3110,6210,4.5,9,13.5,27,53.5
"Bela Palanka","Bujanovac jug",530,1060,1580,3170,6340,5,9.5,13.5,27.5,54.5
"Bela Palanka","Preševo",580,1170,1750,3500,7010,5,10,15,30,60
"Bela Palanka","Dimitrovgrad",190,370,560,1120,2230,2,3.5,5,10,19.5
"Bela Palanka","Šid",980,1950,2930,5860,11720,9,17,25.5,50.5,100.5
"Bela Palanka","Adaševci",720,1430,2150,4300,8600,6.5,12.5,18.5,37,73.5
"Bela Palanka","Kuzmin",920,1830,2740,5490,10970,8.5,16,24,47.5,94
"Bela Palanka","Sremska Mitrovica",860,1710,2570,5130,10270,8,15,22.5,44.5,88
"Bela Palanka","Ruma",830,1640,2470,4940,9870,7.5,14.5,21.5,42.5,84.5
"Bela Palanka","Pećinci",790,1570,2360,4720,9440,7.5,14,20.5,41,81
"Bela Palanka","Takovo",990,1970,2960,5920,11840,9,17.5,25.5,51,101.5
"Bela Palanka","Preljina jug",1050,2090,3140,6280,12550,9.5,18.5,27,54,107.5
"Bela Palanka","Obrenovac",720,1430,2150,4300,8600,6.5,12.5,18.5,37,73.5
"Bela Palanka","Ub",790,1580,2370,4740,9480,7.5,14,20.5,41,81.5
"Bela Palanka","Lajkovac",830,1650,2490,4970,9950,7.5,14.5,21.5,43,85.5
"Bela Palanka","Ljig",900,1790,2690,5380,10760,8.5,16,23.5,46.5,92
"Bela Palanka","Merošina",160,320,490,970,1940,1.5,3,4.5,8.5,17
"Bela Palanka","Niš sever",130,260,390,780,1560,1.5,2.5,3.5,7,13.5
"Bela Palanka","Niš istok",110,220,330,670,1340,1,2,3,6,11.5
"Bela Palanka","Niš Malča",90,180,270,550,1090,1,2,2.5,5,9.5
"Bela Palanka","Pirot zapad",70,140,210,420,840,1,1.5,2,4,7.5
"Bela Palanka","Pirot istok",110,210,320,630,1260,1,2,3,5.5,11
"Bela Palanka","Čačak (Pakovraće)",1080,2150,3230,6460,12910,10,19,28,55.5,110.5
"Bela Palanka","Hrtkovci",860,1710,2570,5130,10270,8,15,22.5,44.5,88
"Bela Palanka","Šabac",900,1780,2680,5360,10720,8.5,15.5,23.5,46.5,92
"Bela Palanka","Kruševac istok",360,730,1090,2180,4360,3.5,6.5,9.5,19,37.5
"Bela Palanka","Kruševac zapad",370,740,1100,2210,4410,3.5,6.5,9.5,19,38
"Bela Palanka","Koševi",380,770,1150,2310,4620,3.5,7,10,20,39.5
"Bela Palanka","Velika Drenova",410,810,1220,2440,4870,4,7,10.5,21,42
"Bela Palanka","Trstenik",440,890,1330,2670,5330,4,8,11.5,23,46
"Bela Palanka","Vrnjačka Banja",480,950,1430,2860,5720,4.5,8.5,12.5,24.5,49
"Bela Palanka","Lučani",1150,2290,3440,6880,13760,10.5,20,30,59.5,118
"Bela Palanka","Prilipac",1200,2380,3580,7160,14320,11,21,31,61.5,122.5
"Bela Palanka","Vrba",520,1030,1550,3090,6180,4.5,9,13.5,26.5,53
"Bela Palanka","Adrani",1130,2240,3370,6730,13470,10.5,19.5,29,58,115.5
"Pirot zapad","Subotica",1210,2420,3630,7260,14530,11,21,31.5,62.5,124.5
"Pirot zapad","Žednik",1160,2300,3460,6920,13850,10.5,20,30,59.5,119
"Pirot zapad","Bačka Topola",1120,2240,3360,6720,13440,10,19.5,29.5,58,115.5
"Pirot zapad","Feketić",1070,2120,3190,6380,12770,9.5,18.5,28,55,109.5
"Pirot zapad","Vrbas",1040,2070,3110,6220,12440,9.5,18,27,53.5,107
"Pirot zapad","Zmajevo",1000,2000,3000,6010,12020,9,17.5,26,52,103.5
"Pirot zapad","Novi Sad",960,1910,2870,5740,11480,8.5,16.5,25,49.5,98.5
"Pirot zapad","Kovilj",910,1800,2710,5420,10850,8.5,15.5,23.5,46.5,93.5
"Pirot zapad","Beška",860,1720,2580,5160,10320,8,15,22.5,44.5,89
"Pirot zapad","Maradik",850,1690,2540,5090,10170,8,15,22.5,44,87.5
"Pirot zapad","Inđija",840,1670,2500,5010,10020,7.5,14.5,22,43,86
"Pirot zapad","Beograd",790,1570,2360,4720,9440,7,13.5,20.5,40.5,81
"Pirot zapad","Mali Požarevac",740,1470,2210,4410,8830,6.5,13,19,38,75.5
"Pirot zapad","Umčari",720,1440,2150,4310,8620,6.5,12.5,18.5,37,74
"Pirot zapad","Vodanj",700,1400,2110,4210,8420,6,12,18.5,36,72
"Pirot zapad","Kolari",680,1370,2060,4110,8220,6,12,18,35.5,70.5
"Pirot zapad","Smederevo",670,1340,2010,4020,8030,6,11.5,17.5,34.5,69
"Pirot zapad","Požarevac",670,1330,2000,3990,7990,6,11.5,17.5,34.5,68.5
"Pirot zapad","Velika Plana",590,1170,1760,3520,7040,5.5,10,15.5,30.5,60.5
"Pirot zapad","Markovac",550,1110,1660,3330,6660,5,9.5,14.5,28.5,57
"Pirot zapad","Lapovo",540,1070,1610,3220,6450,5,9.5,14,28,55.5
"Pirot zapad","Batočina",530,1050,1580,3160,6320,5,9,13.5,27,54
"Pirot zapad","Jagodina",470,940,1400,2810,5610,4.5,8.5,12,24.5,48
"Pirot zapad","Ćuprija",430,860,1300,2590,5180,4,7.5,11.5,22.5,44.5
"Pirot zapad","Paraćin",400,810,1210,2420,4830,3.5,7,10.5,21,41.5
"Pirot zapad","Ćićevac",380,760,1140,2290,4580,3.5,6.5,10,20,39.5
"Pirot zapad","Ražanj",330,670,1000,2010,4020,3,6,9,17.5,34.5
"Pirot zapad","Aleksinački Rudnici",280,550,830,1660,3330,2.5,5,7.5,14.5,28.5
"Pirot zapad","Aleksinac",260,530,790,1580,3160,2.5,5,7,13.5,27
"Pirot zapad","Niš jug",220,430,650,1300,2590,2,4,6,11.5,22.5
"Pirot zapad","Doljevac",260,520,780,1560,3130,2.5,4.5,7,13.5,27
"Pirot zapad","Brestovac",280,550,830,1660,3320,2.5,5,7.5,14.5,28.5
"Pirot zapad","Leskovac centar",300,590,890,1780,3560,3,5.5,8,15.5,30.5
"Pirot zapad","Leskovac jug",340,680,1020,2050,4090,3,6,9,18,35
"Pirot zapad","Grdelica",370,740,1110,2230,4460,3.5,6.5,9.5,19.5,38.5
"Pirot zapad","Predejane",420,830,1250,2500,4990,4,7.5,11,21.5,43
"Pirot zapad","Vladičin Han",490,970,1460,2910,5830,4.5,8.5,12.5,25,50
"Pirot zapad","Vranje",550,1100,1650,3300,6600,5,9.5,14.5,28.5,56.5
"Pirot zapad","Bujanovac sever",590,1170,1760,3520,7050,5.5,10,15.5,30.5,60.5
"Pirot zapad","Bujanovac jug",600,1200,1790,3590,7170,5.5,10.5,15.5,31,61.5
"Pirot zapad","Preševo",650,1310,1960,3920,7850,6,11.5,17,33.5,67.5
"Pirot zapad","Dimitrovgrad",120,230,350,700,1390,1.5,2,3,6,12
"Pirot zapad","Šid",1050,2090,3140,6280,12560,9.5,18,27.5,54,108
"Pirot zapad","Adaševci",790,1570,2360,4720,9440,7,13.5,20.5,40.5,81
"Pirot zapad","Kuzmin",990,1970,2950,5910,11810,9,17,26,51,101.5
"Pirot zapad","Sremska Mitrovica",930,1850,2780,5550,11110,8.5,16,24.5,48,95.5
"Pirot zapad","Ruma",900,1780,2680,5360,10710,8,15.5,23.5,46,92
"Pirot zapad","Pećinci",860,1710,2570,5140,10280,8,15,22.5,44.5,88.5
"Pirot zapad","Takovo",1060,2110,3170,6340,12680,9.5,18.5,27.5,54.5,109
"Pirot zapad","Preljina jug",1120,2230,3350,6700,13390,10,19.5,29,57.5,115
"Pirot zapad","Obrenovac",790,1570,2360,4720,9440,7,13.5,20.5,40.5,81
"Pirot zapad","Ub",860,1720,2580,5160,10320,8,15,22.5,44.5,89
"Pirot zapad","Lajkovac",900,1790,2700,5390,10790,8,15.5,23.5,46.5,93
"Pirot zapad","Ljig",970,1930,2900,5800,11600,9,17,25.5,50,99.5
"Pirot zapad","Merošina",230,460,700,1390,2780,2,4,6,12,24
"Pirot zapad","Niš sever",200,400,600,1200,2390,2,3.5,5.5,10.5,20.5
"Pirot zapad","Niš istok",180,360,540,1090,2180,2,3.5,5,9.5,19
"Pirot zapad","Niš Malča",160,320,480,970,1930,1.5,3,4.5,8.5,16.5
"Pirot zapad","Bela Palanka",70,140,210,420,840,1,1.5,2,4,7.5
"Pirot zapad","Pirot istok",40,70,110,210,420,0.5,1,1,2,4
"Pirot zapad","Čačak (Pakovraće)",1150,2290,3440,6880,13750,10.5,20,30,59,118
"Pirot zapad","Hrtkovci",930,1850,2780,5550,11110,8.5,16,24.5,48,95.5
"Pirot zapad","Šabac",970,1920,2890,5780,11560,9,16.5,25.5,50,99.5
"Pirot zapad","Kruševac istok",430,870,1300,2600,5190,4,7.5,11.5,22.5,44.5
"Pirot zapad","Kruševac zapad",440,880,1310,2630,5250,4,8,11.5,22.5,45
"Pirot zapad","Koševi",450,910,1360,2730,5460,4,8,12,23.5,47
"Pirot zapad","Velika Drenova",480,950,1430,2860,5710,4.5,8.5,12.5,24.5,49
"Pirot zapad","Trstenik",510,1030,1540,3090,6170,4.5,9,13.5,26.5,53
"Pirot zapad","Vrnjačka Banja",550,1090,1640,3280,6560,5,9.5,14.5,28.5,56.5
"Pirot zapad","Lučani",1220,2430,3650,7300,14600,11,21,32,63,125.5
"Pirot zapad","Prilipac",1270,2520,3790,7580,15160,11.5,22,33,65,130
"Pirot zapad","Vrba",590,1170,1760,3510,7020,5.5,10,15.5,30,60
"Pirot zapad","Adrani",1200,2380,3580,7150,14310,11,20.5,31,61.5,123
"Pirot istok","Subotica",980,2490,3730,7470,14950,11.5,22,32.5,64.5,128
"Pirot istok","Žednik",1190,2370,3560,7130,14270,11,21,31,61.5,122.5
"Pirot istok","Bačka Topola",1150,2310,3460,6930,13860,10.5,20.5,30.5,60,119
"Pirot istok","Feketić",1100,2190,3290,6590,13190,10,19.5,29,57,113
"Pirot istok","Vrbas",1070,2140,3210,6430,12860,10,19,28,55.5,110.5
"Pirot istok","Zmajevo",1030,2070,3100,6220,12440,9.5,18.5,27,54,107
"Pirot istok","Novi Sad",990,1980,2970,5950,11900,9,17.5,26,51.5,102
"Pirot istok","Kovilj",940,1870,2810,5630,11270,9,16.5,24.5,48.5,97
"Pirot istok","Beška",890,1790,2680,5370,10740,8.5,16,23.5,46.5,92.5
"Pirot istok","Maradik",880,1760,2640,5300,10590,8.5,16,23.5,46,91
"Pirot istok","Inđija",870,1740,2600,5220,10440,8,15.5,23,45,89.5
"Pirot istok","Beograd",820,1640,2460,4930,9860,7.5,14.5,21.5,42.5,84.5
"Pirot istok","Mali Požarevac",770,1540,2310,4630,9250,7,13.5,20,40,79.5
"Pirot istok","Umčari",750,1510,2260,4520,9040,6.5,13,19.5,39,77.5
"Pirot istok","Vodanj",740,1470,2210,4420,8850,6.5,13,19,38,76
"Pirot istok","Kolari",720,1440,2160,4320,8640,6.5,12.5,18.5,37,74
"Pirot istok","Smederevo",700,1410,2110,4230,8460,6,12.5,18.5,36.5,72.5
"Pirot istok","Požarevac",700,1400,2100,4200,8410,6,12,18,36,72
"Pirot istok","Velika Plana",620,1240,1860,3730,7460,5.5,11,16,32,64
"Pirot istok","Markovac",590,1180,1770,3540,7080,5.5,10.5,15.5,30.5,60.5
"Pirot istok","Lapovo",570,1150,1720,3440,6870,5,10,15,29.5,59
"Pirot istok","Batočina",560,1120,1690,3370,6750,5,10,14.5,29,58
"Pirot istok","Jagodina",500,1010,1510,3020,6030,4.5,9,13,26,52
"Pirot istok","Ćuprija",470,930,1400,2800,5600,4.5,8,12,24,48
"Pirot istok","Paraćin",440,880,1310,2630,5250,4,8,11.5,22.5,45
"Pirot istok","Ćićevac",420,830,1250,2500,5000,4,7.5,11,21.5,43
"Pirot istok","Ražanj",370,740,1110,2220,4440,3.5,6.5,9.5,19,38
"Pirot istok","Aleksinački Rudnici",310,620,940,1870,3750,3,5.5,8.5,16,32.5
"Pirot istok","Aleksinac",300,600,900,1790,3590,3,5.5,8,15.5,31
"Pirot istok","Niš jug",250,500,750,1510,3010,2.5,4.5,6.5,13,26
"Pirot istok","Doljevac",300,590,890,1770,3550,3,5.5,8,15.5,30.5
"Pirot istok","Brestovac",310,620,940,1870,3750,3,5.5,8.5,16,32.5
"Pirot istok","Leskovac centar",330,660,1000,1990,3980,3,6,9,17,34
"Pirot istok","Leskovac jug",380,750,1130,2260,4510,3.5,6.5,10,19.5,39
"Pirot istok","Grdelica",410,810,1220,2440,4880,4,7,10.5,21,42
"Pirot istok","Predejane",450,900,1350,2710,5410,4,8,12,23.5,46.5
"Pirot istok","Vladičin Han",520,1040,1560,3120,6250,4.5,9,13.5,27,53.5
"Pirot istok","Vranje",590,1170,1760,3510,7020,5.5,10,15.5,30,60
"Pirot istok","Bujanovac sever",620,1250,1870,3740,7470,5.5,11,16,32,64
"Pirot istok","Bujanovac jug",630,1270,1900,3800,7600,5.5,11,16.5,32.5,65
"Pirot istok","Preševo",690,1380,2070,4130,8270,6,12,18,35.5,71
"Pirot istok","Dimitrovgrad",80,160,240,490,970,1,1.5,2.5,4.5,8.5
"Pirot istok","Šid",1080,2160,3240,6490,12980,10,19,28.5,56,111.5
"Pirot istok","Adaševci",820,1640,2460,4930,9860,7.5,14.5,21.5,42.5,84.5
"Pirot istok","Kuzmin",1020,2040,3050,6120,12230,9.5,18,27,53,105
"Pirot istok","Sremska Mitrovica",960,1920,2880,5760,11530,9,17,25.5,50,99
"Pirot istok","Ruma",930,1850,2780,5570,11130,8.5,16.5,24.5,48,95.5
"Pirot istok","Pećinci",890,1780,2670,5350,10700,8.5,16,23.5,46.5,92
"Pirot istok","Takovo",1090,2180,3270,6550,13100,10,19.5,28.5,56.5,112.5
"Pirot istok","Preljina jug",1150,2300,3450,6910,13810,10.5,20.5,30,59.5,118.5
"Pirot istok","Obrenovac",820,1640,2460,4930,9860,7.5,14.5,21.5,42.5,84.5
"Pirot istok","Ub",890,1790,2680,5370,10740,8.5,16,23.5,46.5,92.5
"Pirot istok","Lajkovac",930,1860,2800,5600,11210,8.5,16.5,24.5,48.5,96.5
"Pirot istok","Ljig",1000,2000,3000,6010,12020,9.5,18,26.5,52,103
"Pirot istok","Merošina",270,530,800,1600,3200,2.5,5,7,14,27.5
"Pirot istok","Niš sever",230,470,700,1410,2820,2,4.5,6,12.5,24.5
"Pirot istok","Niš istok",220,430,650,1300,2600,2,4,6,11.5,22.5
"Pirot istok","Niš Malča",200,390,590,1180,2350,2,3.5,5.5,10.5,20.5
"Pirot istok","Bela Palanka",110,210,320,630,1260,1,2,3,5.5,11
"Pirot istok","Pirot zapad",40,70,110,210,420,0.5,1,1,2,4
"Pirot istok","Čačak (Pakovraće)",1180,2360,3540,7090,14170,11,21,31,61,121.5
"Pirot istok","Hrtkovci",960,1920,2880,5760,11530,9,17,25.5,50,99
"Pirot istok","Šabac",1000,1990,2990,5990,11980,9.5,17.5,26.5,52,103
"Pirot istok","Kruševac istok",470,940,1400,2810,5620,4.5,8.5,12,24.5,48.5
"Pirot istok","Kruševac zapad",470,950,1420,2840,5670,4.5,8.5,12.5,24.5,48.5
"Pirot istok","Koševi",490,980,1470,2940,5880,4.5,8.5,13,25.5,50.5
"Pirot istok","Velika Drenova",510,1020,1530,3070,6130,4.5,9,13.5,26.5,52.5
"Pirot istok","Trstenik",550,1100,1650,3300,6590,5,9.5,14.5,28.5,56.5
"Pirot istok","Vrnjačka Banja",580,1160,1750,3490,6980,5,10,15,30,60
"Pirot istok","Lučani",1250,2500,3750,7510,15020,11.5,22,33,65,129
"Pirot istok","Prilipac",1300,2590,3890,7790,15580,12,23,34,67,133.5
"Pirot istok","Vrba",620,1240,1860,3720,7440,5.5,11,16,32,64
"Pirot istok","Adrani",1230,2450,3680,7360,14730,11.5,21.5,32,63.5,126.5
"Morović","Subotica",420,850,1270,2540,5090,4,7.5,11,22,43.5
"Morović","Žednik",370,730,1100,2200,4410,3.5,6.5,9.5,19,38
"Morović","Bačka Topola",330,670,1000,2000,4000,3,6,9,17.5,34.5
"Morović","Feketić",280,550,830,1660,3330,2.5,5,7.5,14.5,28.5
"Morović","Vrbas",250,500,750,1500,3000,2.5,4.5,6.5,13,26
"Morović","Zmajevo",210,430,640,1290,2580,2,4,5.5,11.5,22.5
"Morović","Novi Sad",170,340,510,1020,2040,1.5,3,4.5,9,17.5
"Morović","Kovilj",120,230,350,700,1410,1.5,2,3,6,12.5
"Morović","Beška",70,150,220,440,880,1,1.5,2,4,8
"Morović","Maradik",60,120,180,370,730,1,1.5,2,3.5,6.5
"Morović","Inđija",50,100,140,290,580,0.5,1,1.5,2.5,5
"Morović","Beograd",240,470,710,1410,2820,2.5,4.5,6.5,12.5,24.5
"Morović","Mali Požarevac",50,100,150,300,610,0.5,1,1.5,3,5.5
"Morović","Umčari",70,140,200,410,820,1,1.5,2,4,7.5
"Morović","Vodanj",80,170,250,510,1010,1,1.5,2.5,4.5,9
"Morović","Kolari",100,200,300,610,1220,1,2,3,5.5,10.5
"Morović","Smederevo",120,230,350,700,1400,1.5,2,3,6,12
"Morović","Požarevac",120,240,360,730,1450,1.5,2.5,3.5,6.5,12.5
"Morović","Velika Plana",200,400,600,1200,2400,2,3.5,5.5,10.5,21
"Morović","Markovac",230,460,690,1390,2780,2,4,6,12,24
"Morović","Lapovo",250,500,750,1490,2990,2.5,4.5,6.5,13,26
"Morović","Batočina",260,520,780,1560,3110,2.5,4.5,7,13.5,27
"Morović","Jagodina",320,640,960,1910,3830,3,5.5,8.5,16.5,33
"Morović","Ćuprija",350,710,1060,2130,4260,3,6.5,9.5,18.5,36.5
"Morović","Paraćin",380,770,1150,2300,4610,3.5,7,10,20,39.5
"Morović","Ćićevac",430,860,1290,2570,5140,4,7.5,11.5,22,44
"Morović","Ražanj",450,900,1360,2710,5420,4,8,12,23.5,46.5
"Morović","Aleksinački Rudnici",510,1020,1530,3060,6110,4.5,9,13.5,26.5,52.5
"Morović","Aleksinac",520,1050,1570,3140,6270,4.5,9,13.5,27,54
"Morović","Niš jug",590,1180,1770,3540,7080,5.5,10.5,15.5,30.5,60.5
"Morović","Doljevac",40,90,130,270,540,0.5,1,1.5,2.5,5
"Morović","Brestovac",60,120,180,370,730,1,1.5,2,3.5,6.5
"Morović","Leskovac centar",80,160,240,490,970,1,1.5,2.5,4.5,8.5
"Morović","Leskovac jug",120,250,370,750,1500,1.5,2.5,3.5,6.5,13
"Morović","Grdelica",160,310,470,930,1870,1.5,3,4.5,8,16
"Morović","Predejane",200,400,600,1200,2400,2,3.5,5.5,10.5,21
"Morović","Vladičin Han",270,540,810,1620,3240,2.5,5,7,14,28
"Morović","Vranje",330,670,1000,2000,4010,3,6,9,17.5,34.5
"Morović","Bujanovac sever",370,740,1110,2230,4460,3.5,6.5,9.5,19.5,38.5
"Morović","Bujanovac jug",380,760,1150,2290,4580,3.5,6.5,10,20,39.5
"Morović","Preševo",440,880,1310,2630,5260,4,8,11.5,22.5,45
"Morović","Dimitrovgrad",1140,2270,3420,6820,13650,10.5,20,30,59,117.5
"Morović","Kuzmin",40,80,110,230,450,0.5,1,1,2,4
"Morović","Sremska Mitrovica",100,190,290,580,1160,1,2,2.5,5,10
"Morović","Ruma",130,270,400,810,1610,1.5,2.5,3.5,7,14
"Morović","Pećinci",170,330,500,990,1980,1.5,3,4.5,8.5,17
"Morović","Takovo",270,540,810,1620,3240,2.5,5,7,14,28
"Morović","Preljina jug",330,660,990,1980,3950,3,6,8.5,17,34
"Morović","Ub",70,150,220,440,880,1,1.5,2,4,8
"Morović","Lajkovac",110,220,340,670,1350,1,2,3,6,12
"Morović","Ljig",180,360,540,1080,2160,2,3.5,5,9.5,18.5
"Morović","Merošina",610,1210,1820,3630,7270,5.5,10.5,16,31.5,62.5
"Morović","Niš sever",590,1170,1760,3520,7040,5.5,10,15.5,30.5,60.5
"Morović","Niš istok",610,1210,1820,3630,7260,5.5,10.5,16,31.5,62.5
"Morović","Niš Malča",720,1430,2150,4300,8600,6.5,12.5,18.5,37,73.5
"Morović","Bela Palanka",720,1430,2150,4300,8600,6.5,12.5,18.5,37,73.5
"Morović","Pirot zapad",790,1570,2360,4720,9440,7,13.5,20.5,40.5,81
"Morović","Pirot istok",820,1640,2460,4930,9860,7.5,14.5,21.5,42.5,84.5
"Morović","Čačak (Pakovraće)",360,720,1080,2160,4310,3.5,6.5,9.5,18.5,37
"Morović","Hrtkovci",170,330,500,1000,2010,1.5,3,4.5,9,17.5
"Morović","Šabac",210,410,620,1230,2460,2,4,5.5,11,21.5
"Morović","Kruševac istok",720,1430,2150,4290,8580,7,13,19,37.5,74
"Morović","Kruševac zapad",720,1440,2160,4320,8640,7,13,19,37.5,74.5
"Morović","Koševi",740,1470,2220,4420,8840,7,5.5,19.5,38.5,76
"Morović","Velika Drenova",760,1520,2280,4550,9090,7,13.5,20,39.5,78.5
"Morović","Trstenik",800,1590,2390,4780,9560,7.5,14.5,21,41.5,82.5
"Morović","Vrnjačka Banja",830,1660,2490,4970,9950,8,15,22,43,85.5
"Morović","Lučani",670,1330,2000,3990,7980,6.5,12,18,35,69
"Morović","Prilipac",720,1420,2140,4270,8540,7,13,19,37,73.5
"Morović","Vrba",870,1730,2610,5200,10400,8,15.5,23,45,89.5
"Morović","Adrani",650,1280,1930,3840,7690,6.5,11.5,17,33.5,66.5
"Čačak (Pakovraće)","Subotica",780,1570,2350,4700,9400,7.5,14,20.5,40.5,80.5
"Čačak (Pakovraće)","Žednik",730,1450,2180,4360,8720,7,13,19,37.5,75
"Čačak (Pakovraće)","Bačka Topola",690,1390,2080,4160,8310,6.5,12.5,18.5,36,71.5
"Čačak (Pakovraće)","Feketić",640,1270,1910,3820,7640,6,11.5,17,33,65.5
"Čačak (Pakovraće)","Vrbas",610,1220,1830,3660,7310,6,11,16,31.5,63
"Čačak (Pakovraće)","Zmajevo",570,1150,1720,3450,6890,5.5,10.5,15,30,59.5
"Čačak (Pakovraće)","Novi Sad",530,1060,1590,3180,6350,5,9.5,14,27.5,54.5
"Čačak (Pakovraće)","Kovilj",480,950,1430,2860,5720,5,8.5,12.5,24.5,49.5
"Čačak (Pakovraće)","Beška",430,870,1300,2600,5190,4.5,8,11.5,22.5,45
"Čačak (Pakovraće)","Maradik",420,840,1260,2530,5040,4.5,8,11.5,22,43.5
"Čačak (Pakovraće)","Inđija",410,820,1220,2450,4890,4,7.5,11,21,42
"Čačak (Pakovraće)","Beograd",360,720,1080,2160,4310,3.5,6.5,9.5,18.5,37
"Čačak (Pakovraće)","Mali Požarevac",410,820,1230,2460,4920,4,7.5,11,21.5,42.5
"Čačak (Pakovraće)","Umčari",430,860,1280,2570,5130,4.5,8,11.5,22.5,44.5
"Čačak (Pakovraće)","Vodanj",440,890,1330,2670,5320,4.5,8,12,23,46
"Čačak (Pakovraće)","Kolari",460,920,1380,2770,5530,4.5,8.5,12.5,24,47.5
"Čačak (Pakovraće)","Smederevo",480,950,1430,2860,5710,5,8.5,12.5,24.5,49
"Čačak (Pakovraće)","Požarevac",480,960,1440,2890,5760,5,9,13,25,49.5
"Čačak (Pakovraće)","Velika Plana",560,1120,1680,3360,6710,5.5,10,15,29,58
"Čačak (Pakovraće)","Markovac",590,1180,1770,3550,7090,5.5,10.5,15.5,30.5,61
"Čačak (Pakovraće)","Lapovo",610,1220,1830,3650,7300,6,11,16,31.5,63
"Čačak (Pakovraće)","Batočina",620,1240,1860,3720,7420,6,11,16.5,32,64
"Čačak (Pakovraće)","Jagodina",680,1360,2040,4070,8140,6.5,12,18,35,70
"Čačak (Pakovraće)","Ćuprija",710,1430,2140,4290,8570,6.5,13,19,37,73.5
"Čačak (Pakovraće)","Paraćin",740,1490,2230,4460,8920,7,13.5,19.5,38.5,76.5
"Čačak (Pakovraće)","Ćićevac",790,1580,2370,4730,9450,7.5,14,21,40.5,81
"Čačak (Pakovraće)","Ražanj",810,1620,2440,4870,9730,7.5,14.5,21.5,42,83.5
"Čačak (Pakovraće)","Aleksinački Rudnici",870,1740,2610,5220,10420,8,15.5,23,45,89.5
"Čačak (Pakovraće)","Aleksinac",880,1770,2650,5300,10580,8,15.5,23,45.5,91
"Čačak (Pakovraće)","Niš jug",950,1900,2850,5700,11390,9,17,25,49,97.5
"Čačak (Pakovraće)","Doljevac",990,1990,2980,5970,11920,9,17.5,26,51.5,102.5
"Čačak (Pakovraće)","Brestovac",1010,2020,3030,6070,12120,9.5,18,26.5,52,104
"Čačak (Pakovraće)","Leskovac centar",1030,2060,3090,6180,12360,9.5,18,27,53,106
"Čačak (Pakovraće)","Leskovac jug",1070,2150,3220,6450,12890,10,19,28,55.5,110.5
"Čačak (Pakovraće)","Grdelica",1110,2210,3320,6630,13250,10,19.5,29,57,113.5
"Čačak (Pakovraće)","Predejane",1150,2300,3450,6900,13790,10.5,20,30,59,118
"Čačak (Pakovraće)","Vladičin Han",1220,2440,3660,7320,14620,11,21.5,32,63,125.5
"Čačak (Pakovraće)","Vranje",1280,2570,3850,7700,15400,11.5,22.5,33.5,66,132
"Čačak (Pakovraće)","Bujanovac sever",1320,2640,3960,7930,15850,12,23,34.5,68,136
"Čačak (Pakovraće)","Bujanovac jug",1330,2660,4000,7990,15970,12,23.5,34.5,68.5,137
"Čačak (Pakovraće)","Preševo",1390,2780,4160,8330,16650,12.5,24.5,36,71.5,142.5
"Čačak (Pakovraće)","Dimitrovgrad",1260,2520,3790,7570,15140,11.5,22,33,65,130
"Čačak (Pakovraće)","Šid",620,1240,1860,3720,7430,6,11,16.5,32,64
"Čačak (Pakovraće)","Adaševci",360,720,1080,2160,4310,3.5,6.5,9.5,18.5,37
"Čačak (Pakovraće)","Kuzmin",560,1120,1670,3350,6680,5.5,10,15,29,57.5
"Čačak (Pakovraće)","Sremska Mitrovica",500,1000,1500,2990,5980,5,9,13.5,26,51.5
"Čačak (Pakovraće)","Ruma",470,930,1400,2800,5580,4.5,8.5,12.5,24,48
"Čačak (Pakovraće)","Pećinci",430,860,1290,2580,5150,4.5,8,11.5,22.5,44.5
"Čačak (Pakovraće)","Takovo",90,180,270,540,1070,1,2,2.5,5,9.5
"Čačak (Pakovraće)","Preljina jug",40,90,130,270,540,0.5,1,1.5,2.5,5
"Čačak (Pakovraće)","Obrenovac",360,720,1080,2160,4310,3.5,6.5,9.5,18.5,37
"Čačak (Pakovraće)","Ub",290,570,860,1720,3440,2.5,5,7.5,15,29.5
"Čačak (Pakovraće)","Lajkovac",250,490,740,1480,2960,2.5,4.5,6.5,13,25.5
"Čačak (Pakovraće)","Ljig",180,360,540,1080,2150,2,3.5,5,9.5,18.5
"Čačak (Pakovraće)","Merošina",970,1930,2900,5790,11580,9,17,25.5,50,99.5
"Čačak (Pakovraće)","Niš sever",950,1890,2840,5680,11350,9,16.5,25,49,97.5
"Čačak (Pakovraće)","Niš istok",970,1930,2900,5790,11570,9,17,25.5,50,99.5
"Čačak (Pakovraće)","Niš Malča",990,1970,2960,5910,11820,9,17.5,26,51,101.5
"Čačak (Pakovraće)","Bela Palanka",1080,2150,3230,6460,12910,10,19,28,55.5,110.5
"Čačak (Pakovraće)","Pirot zapad",1150,2290,3440,6880,13750,10.5,20,30,59,118
"Čačak (Pakovraće)","Pirot istok",1180,2360,3540,7090,14170,11,21,31,61,121.5
"Čačak (Pakovraće)","Hrtkovci",500,1000,1500,2990,5980,5,9,13.5,26,51.5
"Čačak (Pakovraće)","Šabac",540,1070,1610,3220,6430,5.5,9.5,14.5,28,55.5
"Čačak (Pakovraće)","Kruševac istok",840,1680,2520,5040,10070,8,15,22,43.5,86.5
"Čačak (Pakovraće)","Kruševac zapad",840,1690,2530,5070,10130,8,15,22,43.5,87
"Čačak (Pakovraće)","Koševi",860,1720,2590,5170,10330,8,7.5,22.5,44.5,88.5
"Čačak (Pakovraće)","Velika Drenova",880,1770,2650,5300,10580,8,15.5,23,45.5,91
"Čačak (Pakovraće)","Trstenik",920,1840,2760,5530,11050,8.5,16.5,24,47.5,95
"Čačak (Pakovraće)","Vrnjačka Banja",950,1910,2860,5720,11440,9,17,25,49,98
"Čačak (Pakovraće)","Lučani",70,140,210,420,840,1,1.5,2,4,7.5
"Čačak (Pakovraće)","Prilipac",120,230,350,700,1410,1.5,2,3,6,12.5
"Čačak (Pakovraće)","Vrba",990,1980,2980,5950,11890,9,17.5,26,51,102
"Čačak (Pakovraće)","Adrani",120,240,360,720,1450,1.5,2.5,3.5,6.5,12.5
"Hrtkovci","Subotica",560,1130,1690,3370,6760,5.5,10,15,29.5,58
"Hrtkovci","Žednik",510,1010,1520,3030,6080,5,9,13.5,26.5,52.5
"Hrtkovci","Bačka Topola",470,950,1420,2830,5670,4.5,8.5,13,25,49
"Hrtkovci","Feketić",560,1130,1690,3370,6760,5.5,10,15,29.5,58
"Hrtkovci","Vrbas",390,780,1170,2330,4670,4,7,10.5,20.5,40.5
"Hrtkovci","Zmajevo",350,710,1060,2120,4250,3.5,6.5,9.5,19,37
"Hrtkovci","Novi Sad",310,620,930,1850,3710,3,5.5,8.5,16.5,32
"Hrtkovci","Kovilj",260,510,770,1530,3080,3,4.5,7,13.5,27
"Hrtkovci","Beška",210,430,640,1270,2550,2.5,4,6,11.5,22.5
"Hrtkovci","Maradik",200,400,600,1200,2400,2.5,4,6,11,21
"Hrtkovci","Inđija",190,380,560,1120,2250,2,3.5,5.5,10,19.5
"Hrtkovci","Beograd",140,280,420,830,1670,1.5,2.5,4,7.5,14.5
"Hrtkovci","Mali Požarevac",190,380,570,1130,2280,2,3.5,5.5,10.5,20
"Hrtkovci","Umčari",210,420,620,1240,2490,2.5,4,6,11.5,22
"Hrtkovci","Vodanj",220,450,670,1340,2680,2.5,4,6.5,12,23.5
"Hrtkovci","Kolari",240,480,720,1440,2890,2.5,4.5,7,13,25
"Hrtkovci","Smederevo",260,510,770,1530,3070,3,4.5,7,13.5,26.5
"Hrtkovci","Požarevac",260,520,780,1560,3120,3,5,7.5,14,27
"Hrtkovci","Velika Plana",340,680,1020,2030,4070,3.5,6,9.5,18,35.5
"Hrtkovci","Markovac",370,740,1110,2220,4450,3.5,6.5,10,19.5,38.5
"Hrtkovci","Lapovo",390,780,1170,2320,4660,4,7,10.5,20.5,40.5
"Hrtkovci","Batočina",400,800,1200,2390,4780,4,7,11,21,41.5
"Hrtkovci","Jagodina",460,920,1380,2740,5500,4.5,8,12.5,24,47.5
"Hrtkovci","Ćuprija",490,990,1480,2960,5930,4.5,9,13.5,26,51
"Hrtkovci","Paraćin",520,1050,1570,3130,6280,5,9.5,14,27.5,54
"Hrtkovci","Ćićevac",570,1140,1710,3400,6810,6,10.5,16.5,31.5,62.5
"Hrtkovci","Ražanj",590,1180,1780,3540,7090,5.5,10.5,16,31,61
"Hrtkovci","Aleksinački Rudnici",650,1300,1950,3890,7780,6,11.5,17.5,34,67
"Hrtkovci","Aleksinac",660,1330,1990,3970,7940,6,11.5,17.5,34.5,68.5
"Hrtkovci","Niš jug",730,1460,2190,4370,8750,7,13,19.5,38,75
"Hrtkovci","Doljevac",770,1550,2320,4640,9280,7,13.5,20.5,40.5,80
"Hrtkovci","Brestovac",790,1580,2370,4740,9480,7.5,14,21,41,81.5
"Hrtkovci","Leskovac centar",810,1620,2430,4850,9720,7.5,14,21.5,42,83.5
"Hrtkovci","Leskovac jug",850,1710,2560,5120,10250,8,15,22.5,44.5,88
"Hrtkovci","Grdelica",890,1770,2660,5300,10610,8,15.5,23.5,46,91
"Hrtkovci","Predejane",930,1860,2790,5570,11150,8.5,16,24.5,48,95.5
"Hrtkovci","Vladičin Han",1000,2000,3000,5990,11980,9,17.5,26.5,52,103
"Hrtkovci","Vranje",1060,2130,3190,6370,12760,9.5,18.5,28,55,109.5
"Hrtkovci","Bujanovac sever",1100,2200,3300,6600,13210,10,19,29,57,113.5
"Hrtkovci","Bujanovac jug",1110,2220,3340,6660,13330,10,19.5,29,57.5,114.5
"Hrtkovci","Preševo",1170,2340,3500,7000,14010,10.5,20.5,30.5,60.5,120
"Hrtkovci","Dimitrovgrad",1040,2080,3130,6240,12500,9.5,18,27.5,54,107.5
"Hrtkovci","Šid",190,380,580,1150,2300,2,3.5,5,10,20
"Hrtkovci","Adaševci",170,330,500,1000,2010,1.5,3,4.5,9,17.5
"Hrtkovci","Kuzmin",130,260,390,780,1560,1.5,2.5,3.5,7,13.5
"Hrtkovci","Sremska Mitrovica",70,140,210,430,850,1,1.5,2,4,7.5
"Hrtkovci","Ruma",40,80,110,230,460,0.5,1,1,2,4
"Hrtkovci","Pećinci",70,140,210,410,830,1,1.5,2,4,7.5
"Hrtkovci","Takovo",410,820,1230,2450,4910,4,7.5,11,21.5,42.5
"Hrtkovci","Preljina jug",470,940,1410,2810,5620,4.5,8.5,12.5,24.5,48.5
"Hrtkovci","Obrenovac",140,280,420,830,1670,1.5,2.5,4,7.5,14.5
"Hrtkovci","Ub",210,430,640,1270,2550,2.5,4,6,11.5,22.5
"Hrtkovci","Lajkovac",250,500,760,1500,3020,2.5,4.5,7,13.5,26.5
"Hrtkovci","Ljig",320,640,960,1910,3830,3.5,6,9,17,33
"Hrtkovci","Merošina",750,1490,2240,4460,8940,7,13,20,39,77
"Hrtkovci","Niš sever",730,1450,2180,4350,8710,7,12.5,19.5,38,75
"Hrtkovci","Niš istok",750,1490,2240,4460,8930,7,13,20,39,77
"Hrtkovci","Niš Malča",770,1530,2300,4580,9180,7,13.5,20.5,40,79
"Hrtkovci","Bela Palanka",860,1710,2570,5130,10270,8,15,22.5,44.5,88
"Hrtkovci","Pirot zapad",930,1850,2780,5550,11110,8.5,16,24.5,48,95.5
"Hrtkovci","Pirot istok",960,1920,2880,5760,11530,9,17,25.5,50,99
"Hrtkovci","Čačak (Pakovraće)",500,1000,1500,2990,5980,5,9,13.5,26,51.5
"Hrtkovci","Šabac",40,80,110,230,460,0.5,1,1,2,4
"Hrtkovci","Kruševac istok",620,1240,1860,3710,7430,6,11,16.5,32.5,64
"Hrtkovci","Kruševac zapad",620,1250,1870,3740,7490,6,11,16.5,32.5,64.5
"Hrtkovci","Koševi",640,1280,1930,3840,7690,6,3.5,17,33.5,66
"Hrtkovci","Velika Drenova",660,1330,1990,3970,7940,6,11.5,17.5,34.5,68.5
"Hrtkovci","Trstenik",700,1400,2100,4200,8410,6.5,12.5,18.5,36.5,72.5
"Hrtkovci","Vrnjačka Banja",730,1470,2200,4390,8800,7,13,19.5,38,75.5
"Hrtkovci","Lučani",570,1140,1710,3410,6830,5.5,10,15.5,30,59
"Hrtkovci","Prilipac",620,1230,1850,3690,7390,6,11,16.5,32,63.5
"Hrtkovci","Vrba",770,1540,2320,4620,9250,7,13.5,20.5,40,79.5
"Hrtkovci","Adrani",550,1090,1640,3260,6540,5.5,9.5,14.5,28.5,56.5
"Šabac","Subotica",600,1200,1800,3600,7210,6,10.5,16,31.5,62
"Šabac","Žednik",550,1080,1630,3260,6530,5.5,9.5,14.5,28.5,56.5
"Šabac","Bačka Topola",510,1020,1530,3060,6120,5,9,14,27,53
"Šabac","Feketić",460,900,1360,2720,5450,4.5,8,12.5,24,47
"Šabac","Vrbas",430,850,1280,2560,5120,4.5,7.5,11.5,22.5,44.5
"Šabac","Zmajevo",390,780,1170,2350,4700,4,7,10.5,21,41
"Šabac","Novi Sad",350,690,1040,2080,4160,3.5,6,9.5,18.5,36
"Šabac","Kovilj",300,580,880,1760,3530,3.5,5,8,15.5,31
"Šabac","Beška",250,500,750,1500,3000,3,4.5,7,13.5,26.5
"Šabac","Maradik",240,470,710,1430,2850,3,4.5,7,13,25
"Šabac","Inđija",230,450,670,1350,2700,2.5,4,6.5,12,23.5
"Šabac","Beograd",180,350,530,1060,2120,2,3,5,9.5,18.5
"Šabac","Mali Požarevac",230,450,680,1360,2730,2.5,4,6.5,12.5,24
"Šabac","Umčari",250,490,730,1470,2940,3,4.5,7,13.5,26
"Šabac","Vodanj",260,520,780,1570,3130,3,4.5,7.5,14,27.5
"Šabac","Kolari",280,550,830,1670,3340,3,5,8,15,29
"Šabac","Smederevo",300,580,880,1760,3520,3.5,5,8,15.5,30.5
"Šabac","Požarevac",300,590,890,1790,3570,3.5,5.5,8.5,16,31
"Šabac","Velika Plana",380,750,1130,2260,4520,4,6.5,10.5,20,39.5
"Šabac","Markovac",410,810,1220,2450,4900,4,7,11,21.5,42.5
"Šabac","Lapovo",430,850,1280,2550,5110,4.5,7.5,11.5,22.5,44.5
"Šabac","Batočina",440,870,1310,2620,5230,4.5,7.5,12,23,45.5
"Šabac","Jagodina",500,990,1490,2970,5950,5,8.5,13.5,26,51.5
"Šabac","Ćuprija",530,1060,1590,3190,6380,5,9.5,14.5,28,55
"Šabac","Paraćin",560,1120,1680,3360,6730,5.5,10,15,29.5,58
"Šabac","Ćićevac",610,1210,1820,3630,7260,6,10.5,16.5,31.5,62.5
"Šabac","Ražanj",630,1250,1890,3770,7540,6,11,17,33,65
"Šabac","Aleksinački Rudnici",690,1370,2060,4120,8230,6.5,12,18.5,36,71
"Šabac","Aleksinac",700,1400,2100,4200,8390,6.5,12,18.5,36.5,72.5
"Šabac","Niš jug",770,1530,2300,4600,9200,7.5,13.5,20.5,40,79
"Šabac","Doljevac",810,1620,2430,4870,9730,7.5,14,21.5,42.5,84
"Šabac","Brestovac",830,1650,2480,4970,9930,8,14.5,22,43,85.5
"Šabac","Leskovac centar",850,1690,2540,5080,10170,8,14.5,22.5,44,87.5
"Šabac","Leskovac jug",890,1780,2670,5350,10700,8.5,15.5,23.5,46.5,92
"Šabac","Grdelica",930,1840,2770,5530,11060,8.5,16,24.5,48,95
"Šabac","Predejane",970,1930,2900,5800,11600,9,16.5,25.5,50,99.5
"Šabac","Vladičin Han",1040,2070,3110,6220,12430,9.5,18,27.5,54,107
"Šabac","Vranje",1100,2200,3300,6600,13210,10,19,29,57,113.5
"Šabac","Bujanovac sever",1140,2270,3410,6830,13660,10.5,19.5,30,59,117.5
"Šabac","Bujanovac jug",1150,2290,3450,6890,13780,10.5,20,30,59.5,118.5
"Šabac","Preševo",1210,2410,3610,7230,14460,11,21,31.5,62.5,124
"Šabac","Dimitrovgrad",1080,2150,3240,6470,12950,10,18.5,28.5,56,111.5
"Šabac","Šid",230,460,690,1380,2760,2,4,6,12,24
"Šabac","Adaševci",210,410,620,1230,2460,2,4,5.5,11,21.5
"Šabac","Kuzmin",170,340,500,1010,2010,1.5,3,4.5,9,17.5
"Šabac","Sremska Mitrovica",110,220,330,650,1310,1,2,3,6,11.5
"Šabac","Ruma",80,150,230,460,910,1,1.5,2,4,8
"Šabac","Pećinci",110,210,320,640,1280,1,2,3,5.5,11
"Šabac","Takovo",450,890,1340,2680,5360,4.5,8,12,23.5,46.5
"Šabac","Preljina jug",510,1010,1520,3040,6070,5,9,13.5,26.5,52.5
"Šabac","Obrenovac",180,350,530,1060,2120,2,3,5,9.5,18.5
"Šabac","Ub",250,500,750,1500,3000,3,4.5,7,13.5,26.5
"Šabac","Lajkovac",290,570,870,1730,3470,3,5,8,15.5,30.5
"Šabac","Ljig",360,710,1070,2140,4280,4,6.5,10,19,37
"Šabac","Merošina",790,1560,2350,4690,9390,7.5,13.5,21,41,81
"Šabac","Niš sever",770,1520,2290,4580,9160,7.5,13,20.5,40,79
"Šabac","Niš istok",790,1560,2350,4690,9380,7.5,13.5,21,41,81
"Šabac","Niš Malča",810,1600,2410,4810,9630,7.5,14,21.5,42,83
"Šabac","Bela Palanka",900,1780,2680,5360,10720,8.5,15.5,23.5,46.5,92
"Šabac","Pirot zapad",970,1920,2890,5780,11560,9,16.5,25.5,50,99.5
"Šabac","Pirot istok",1000,1990,2990,5990,11980,9.5,17.5,26.5,52,103
"Šabac","Čačak (Pakovraće)",540,1070,1610,3220,6430,5.5,9.5,14.5,28,55.5
"Šabac","Hrtkovci",40,80,110,230,460,0.5,1,1,2,4
"Šabac","Kruševac istok",660,1310,1970,3940,7880,6.5,11.5,17.5,34.5,68
"Šabac","Kruševac zapad",660,1320,1980,3970,7940,6.5,11.5,17.5,34.5,68.5
"Šabac","Koševi",680,1350,2040,4070,8140,6.5,4,18,35.5,70
"Šabac","Velika Drenova",700,1400,2100,4200,8390,6.5,12,18.5,36.5,72.5
"Šabac","Trstenik",740,1470,2210,4430,8860,7,13,19.5,38.5,76.5
"Šabac","Vrnjačka Banja",770,1540,2310,4620,9250,7.5,13.5,20.5,40,79.5
"Šabac","Lučani",610,1210,1820,3640,7280,6,10.5,16.5,32,63
"Šabac","Prilipac",660,1300,1960,3920,7840,6.5,11.5,17.5,34,67.5
"Šabac","Vrba",810,1610,2430,4850,9700,7.5,14,21.5,42,83.5
"Šabac","Adrani",590,1160,1750,3490,6990,6,10,15.5,30.5,60.5
"Kruševac istok","Subotica",900,1810,2710,5420,10850,8.5,16,23.5,47,93
"Kruševac istok","Žednik",850,1690,2540,5080,10170,8,15,22,44,87.5
"Kruševac istok","Bačka Topola",810,1630,2440,4880,9760,7.5,14.5,21.5,42.5,84
"Kruševac istok","Feketić",760,1510,2270,4540,9090,7,13.5,20,39.5,78
"Kruševac istok","Vrbas",730,1460,2190,4380,8760,7,13,19,38,75.5
"Kruševac istok","Zmajevo",690,1390,2080,4170,8340,6.5,12.5,18,36.5,72
"Kruševac istok","Novi Sad",650,1300,1950,3900,7800,6,11.5,17,34,67
"Kruševac istok","Kovilj",600,1190,1790,3580,7170,6,10.5,15.5,31,62
"Kruševac istok","Beška",550,1110,1660,3320,6640,5.5,10,14.5,29,57.5
"Kruševac istok","Maradik",540,1080,1620,3250,6490,5.5,10,14.5,28.5,56
"Kruševac istok","Inđija",530,1060,1580,3170,6340,5,9.5,14,27.5,54.5
"Kruševac istok","Beograd",480,960,1440,2880,5760,4.5,8.5,12.5,25,49.5
"Kruševac istok","Mali Požarevac",430,860,1290,2570,5150,4,7.5,11.5,22,44
"Kruševac istok","Umčari",410,820,1230,2470,4940,4,7.5,11,21.5,42.5
"Kruševac istok","Vodanj",400,790,1190,2370,4740,3.5,7,10.5,20.5,40.5
"Kruševac istok","Kolari",380,760,1140,2270,4540,3.5,6.5,10,19.5,39
"Kruševac istok","Smederevo",360,730,1090,2180,4350,3.5,6.5,9.5,19,37.5
"Kruševac istok","Požarevac",360,720,1080,2150,4310,3.5,6.5,9.5,18.5,37
"Kruševac istok","Velika Plana",280,560,840,1680,3360,2.5,5,7.5,14.5,29
"Kruševac istok","Markovac",250,500,740,1490,2980,2.5,4.5,6.5,13,25.5
"Kruševac istok","Lapovo",230,460,690,1380,2770,2,4,6,12,24
"Kruševac istok","Batočina",220,440,660,1320,2650,2,4,6,11.5,23
"Kruševac istok","Jagodina",160,320,480,970,1930,1.5,3,4.5,8.5,16.5
"Kruševac istok","Ćuprija",130,250,380,750,1500,1.5,2.5,3.5,6.5,13
"Kruševac istok","Paraćin",100,190,290,580,1150,1,2,2.5,5,10
"Kruševac istok","Ćićevac",50,110,150,310,620,0.5,1,1.5,3,5.5
"Kruševac istok","Ražanj",100,200,290,590,1180,0.5,0.5,0.5,0.5,1
"Kruševac istok","Aleksinački Rudnici",160,310,470,930,1870,1.5,3,4.5,8,16
"Kruševac istok","Aleksinac",170,340,510,1020,2030,1.5,3,4.5,9,17.5
"Kruševac istok","Niš jug",240,470,710,1420,2840,2.5,4.5,6.5,12.5,24.5
"Kruševac istok","Doljevac",280,560,840,1690,3370,2.5,5,7.5,14.5,29
"Kruševac istok","Brestovac",300,590,890,1780,3570,3,5.5,8,15.5,30.5
"Kruševac istok","Leskovac centar",320,630,950,1900,3810,3,5.5,8.5,16.5,33
"Kruševac istok","Leskovac jug",360,720,1080,2170,4330,3.5,6.5,9.5,19,37
"Kruševac istok","Grdelica",390,780,1180,2350,4700,3.5,7,10.5,20.5,40.5
"Kruševac istok","Predejane",440,870,1310,2620,5240,4,7.5,11.5,22.5,45
"Kruševac istok","Vladičin Han",510,1010,1520,3040,6070,4.5,9,13,26,52
"Kruševac istok","Vranje",570,1140,1710,3420,6840,5,10,15,29.5,58.5
"Kruševac istok","Bujanovac sever",610,1220,1820,3650,7290,5.5,10.5,16,31.5,62.5
"Kruševac istok","Bujanovac jug",620,1240,1850,3710,7420,5.5,11,16,32,63.5
"Kruševac istok","Preševo",670,1350,2020,4050,8090,6,12,17.5,35,69.5
"Kruševac istok","Dimitrovgrad",550,1100,1650,3290,6590,5,9.5,14.5,28.5,56.5
"Kruševac istok","Šid",740,1480,2220,4440,8880,7,13,19.5,38.5,76.5
"Kruševac istok","Adaševci",480,960,1440,2880,5760,4.5,8.5,12.5,25,49.5
"Kruševac istok","Kuzmin",680,1360,2030,4070,8130,6.5,12,18,35.5,70
"Kruševac istok","Sremska Mitrovica",620,1240,1860,3710,7430,6,11,16.5,32.5,64
"Kruševac istok","Ruma",590,1170,1760,3520,7030,5.5,10.5,15.5,30.5,60.5
"Kruševac istok","Pećinci",550,1100,1650,3300,6600,5.5,10,14.5,29,57
"Kruševac istok","Takovo",750,1500,2250,4500,9000,7,13.5,19.5,39,77.5
"Kruševac istok","Preljina jug",810,1620,2430,4860,9710,7.5,14.5,21,42,83.5
"Kruševac istok","Obrenovac",480,960,1440,2880,5760,4.5,8.5,12.5,25,49.5
"Kruševac istok","Ub",550,1110,1660,3320,6640,5.5,10,14.5,29,57.5
"Kruševac istok","Lajkovac",590,1180,1780,3550,7110,5.5,10.5,15.5,31,61.5
"Kruševac istok","Ljig",660,1320,1980,3960,7920,6.5,12,17.5,34.5,68
"Kruševac istok","Merošina",250,500,760,1510,3030,2.5,4.5,6.5,13,26
"Kruševac istok","Niš sever",230,470,700,1400,2800,2,4.5,6,12,24
"Kruševac istok","Niš istok",250,500,750,1510,3020,2.5,4.5,6.5,13,26
"Kruševac istok","Niš Malča",270,540,820,1630,3260,2.5,5,7.5,14,28
"Kruševac istok","Bela Palanka",360,730,1090,2180,4360,3.5,6.5,9.5,19,37.5
"Kruševac istok","Pirot zapad",430,870,1300,2600,5190,4,7.5,11.5,22.5,44.5
"Kruševac istok","Pirot istok",470,940,1400,2810,5620,4.5,8.5,12,24.5,48.5
"Kruševac istok","Morović",720,1430,2150,4290,8580,7,13,19,37.5,74
"Kruševac istok","Čačak (Pakovraće)",840,1680,2520,5040,10070,8,15,22,43.5,86.5
"Kruševac istok","Hrtkovci",620,1240,1860,3710,7430,6,11,16.5,32.5,64
"Kruševac istok","Šabac",660,1310,1970,3940,7880,6.5,11.5,17.5,34.5,68
"Kruševac istok","Kruševac zapad",10,10,10,30,60,0.5,0.5,0.5,0.5,1
"Kruševac istok","Koševi",20,40,70,130,260,0.5,0.5,1,1.5,2.5
"Kruševac istok","Velika Drenova",40,90,110,260,520,0.5,1,1,2.5,4.5
"Kruševac istok","Trstenik",80,160,230,490,980,1,1.5,2,4.5,8.5
"Kruševac istok","Vrnjačka Banja",110,230,330,680,1370,1,2,3,6,12
"Kruševac istok","Lučani",910,1820,2730,5460,10920,8.5,16,24,47.5,94
"Kruševac istok","Prilipac",960,1910,2870,5740,11480,9,17,25,49.5,98.5
"Kruševac istok","Vrba",150,300,440,910,1830,1.5,3,4,8,16
"Kruševac istok","Adrani",890,1770,2660,5310,10630,8.5,15.5,23,46,91.5
"Kruševac zapad","Subotica",900,1820,2720,5450,10910,8.5,16,23.5,47,93.5
"Kruševac zapad","Žednik",850,1700,2550,5110,10230,8,15,22,44,88
"Kruševac zapad","Bačka Topola",810,1640,2450,4910,9820,7.5,14.5,21.5,42.5,84.5
"Kruševac zapad","Feketić",760,1520,2280,4570,9150,7,13.5,20,39.5,78.5
"Kruševac zapad","Vrbas",730,1470,2200,4410,8820,7,13,19,38,76
"Kruševac zapad","Zmajevo",690,1400,2090,4200,8400,6.5,12.5,18,36.5,72.5
"Kruševac zapad","Novi Sad",650,1310,1960,3930,7860,6,11.5,17,34,67.5
"Kruševac zapad","Kovilj",600,1200,1800,3610,7230,6,10.5,15.5,31,62.5
"Kruševac zapad","Beška",550,1120,1670,3350,6700,5.5,10,14.5,29,58
"Kruševac zapad","Maradik",540,1090,1630,3280,6550,5.5,10,14.5,28.5,56.5
"Kruševac zapad","Inđija",530,1070,1590,3200,6400,5,9.5,14,27.5,55
"Kruševac zapad","Beograd",480,970,1450,2910,5820,4.5,8.5,12.5,25,50
"Kruševac zapad","Mali Požarevac",430,870,1300,2600,5210,4,7.5,11.5,22.5,45
"Kruševac zapad","Umčari",420,830,1250,2500,5000,4,7.5,11,21.5,43
"Kruševac zapad","Vodanj",400,800,1200,2400,4800,3.5,7,10.5,21,41.5
"Kruševac zapad","Kolari",380,770,1150,2300,4600,3.5,7,10,20,39.5
"Kruševac zapad","Smederevo",370,740,1100,2210,4410,3.5,6.5,9.5,19,38
"Kruševac zapad","Požarevac",360,730,1090,2180,4360,3.5,6.5,9.5,19,37.5
"Kruševac zapad","Velika Plana",280,570,850,1710,3420,2.5,5,7.5,15,29.5
"Kruševac zapad","Markovac",250,510,760,1520,3040,2.5,4.5,6.5,13,26
"Kruševac zapad","Lapovo",240,470,710,1410,2830,2.5,4.5,6.5,12.5,24.5
"Kruševac zapad","Batočina",230,450,680,1350,2700,2,4,6,12,23.5
"Kruševac zapad","Jagodina",170,330,500,1000,1990,1.5,3,4.5,9,17
"Kruševac zapad","Ćuprija",130,260,390,780,1560,1.5,2.5,3.5,7,13.5
"Kruševac zapad","Paraćin",100,200,300,610,1210,1,2,3,5.5,10.5
"Kruševac zapad","Ćićevac",60,110,170,340,680,1,1,1.5,3,6
"Kruševac zapad","Ražanj",100,210,310,620,1240,1,2,3,5.5,11
"Kruševac zapad","Aleksinački Rudnici",160,320,480,960,1930,1.5,3,4.5,8.5,16.5
"Kruševac zapad","Aleksinac",170,350,520,1040,2090,1.5,3,4.5,9,18
"Kruševac zapad","Niš jug",240,480,720,1450,2890,2.5,4.5,6.5,12.5,25
"Kruševac zapad","Doljevac",290,570,860,1720,3430,2.5,5,7.5,15,29.5
"Kruševac zapad","Brestovac",300,600,910,1810,3630,3,5.5,8,15.5,31.5
"Kruševac zapad","Leskovac centar",320,640,970,1930,3860,3,5.5,8.5,16.5,33
"Kruševac zapad","Leskovac jug",370,730,1100,2200,4390,3.5,6.5,9.5,19,38
"Kruševac zapad","Grdelica",400,790,1190,2380,4760,3.5,7,10.5,20.5,41
"Kruševac zapad","Predejane",440,880,1320,2650,5290,4,8,11.5,23,45.5
"Kruševac zapad","Vladičin Han",510,1020,1530,3070,6130,4.5,9,13.5,26.5,52.5
"Kruševac zapad","Vranje",580,1150,1730,3450,6900,5,10,15,29.5,59
"Kruševac zapad","Bujanovac sever",610,1230,1840,3680,7350,5.5,11,16,31.5,63
"Kruševac zapad","Bujanovac jug",620,1250,1870,3740,7480,5.5,11,16,32,64
"Kruševac zapad","Preševo",680,1360,2040,4080,8150,6,12,17.5,35,70
"Kruševac zapad","Dimitrovgrad",550,1110,1660,3320,6650,5,9.5,14.5,28.5,57
"Kruševac zapad","Šid",740,1490,2230,4470,8940,7,13,19.5,38.5,77
"Kruševac zapad","Adaševci",480,970,1450,2910,5820,4.5,8.5,12.5,25,50
"Kruševac zapad","Kuzmin",680,1370,2040,4100,8190,6.5,12,18,35.5,70.5
"Kruševac zapad","Sremska Mitrovica",620,1250,1870,3740,7490,6,11,16.5,32.5,64.5
"Kruševac zapad","Ruma",590,1180,1770,3550,7090,5.5,10.5,15.5,30.5,61
"Kruševac zapad","Pećinci",550,1110,1660,3330,6660,5.5,10,14.5,29,57.5
"Kruševac zapad","Takovo",750,1510,2260,4530,9060,7,13.5,19.5,39,78
"Kruševac zapad","Preljina jug",810,1630,2440,4890,9770,7.5,14.5,21,42,84
"Kruševac zapad","Obrenovac",480,970,1450,2910,5820,4.5,8.5,12.5,25,50
"Kruševac zapad","Ub",550,1120,1670,3350,6700,5.5,10,14.5,29,58
"Kruševac zapad","Lajkovac",590,1190,1790,3580,7170,5.5,10.5,15.5,31,62
"Kruševac zapad","Ljig",660,1330,1990,3990,7980,6.5,12,17.5,34.5,68.5
"Kruševac zapad","Merošina",260,510,770,1540,3080,2.5,4.5,7,13.5,26.5
"Kruševac zapad","Niš sever",240,480,710,1430,2860,2.5,4.5,6.5,12.5,24.5
"Kruševac zapad","Niš istok",260,510,770,1540,3080,2.5,4.5,7,13.5,26.5
"Kruševac zapad","Niš Malča",280,550,830,1660,3320,2.5,5,7.5,14.5,28.5
"Kruševac zapad","Bela Palanka",370,740,1100,2210,4410,3.5,6.5,9.5,19,38
"Kruševac zapad","Pirot zapad",440,880,1310,2630,5250,4,8,11.5,22.5,45
"Kruševac zapad","Pirot istok",470,950,1420,2840,5670,4.5,8.5,12.5,24.5,48.5
"Kruševac zapad","Morović",720,1440,2160,4320,8640,7,13,19,37.5,74.5
"Kruševac zapad","Čačak (Pakovraće)",840,1690,2530,5070,10130,8,15,22,43.5,87
"Kruševac zapad","Hrtkovci",620,1250,1870,3740,7490,6,11,16.5,32.5,64.5
"Kruševac zapad","Šabac",660,1320,1980,3970,7940,6.5,11.5,17.5,34.5,68.5
"Kruševac zapad","Kruševac istok",10,10,0,30,60,0.5,0.5,0,0.5,1
"Kruševac zapad","Koševi",20,30,50,100,200,0.5,0.5,0.5,1,2
"Kruševac zapad","Velika Drenova",40,80,110,230,460,0.5,1,1,2,4
"Kruševac zapad","Trstenik",80,150,230,460,920,1,1.5,2,4,8
"Kruševac zapad","Vrnjačka Banja",110,220,330,650,1310,1,2,3,6,11.5
"Kruševac zapad","Lučani",910,1830,2740,5490,10980,8.5,16,24,47.5,94.5
"Kruševac zapad","Prilipac",960,1920,2880,5770,11540,9,17,25,49.5,99
"Kruševac zapad","Vrba",150,290,440,880,1770,1.5,2.5,4,8,15.5
"Kruševac zapad","Adrani",890,1780,2670,5340,10690,8.5,15.5,23,46,92
"Koševi","Subotica",920,1850,2780,5550,11110,8.5,8.5,24,48,95
"Koševi","Žednik",870,1730,2610,5210,10430,8,7.5,22.5,45,89.5
"Koševi","Bačka Topola",830,1670,2510,5010,10020,7.5,7,22,43.5,86
"Koševi","Feketić",780,1550,2340,4670,9350,7,6,20.5,40.5,80
"Koševi","Vrbas",750,1500,2260,4510,9020,7,5.5,19.5,39,77.5
"Koševi","Zmajevo",710,1430,2150,4300,8600,6.5,5,18.5,37.5,74
"Koševi","Novi Sad",670,1340,2020,4030,8060,6,4,17.5,35,69
"Koševi","Kovilj",620,1230,1860,3710,7430,6,3,16,32,64
"Koševi","Beška",570,1150,1730,3450,6900,5.5,2.5,15,30,59.5
"Koševi","Maradik",560,1120,1690,3380,6750,5.5,2.5,15,29.5,58
"Koševi","Inđija",550,1100,1650,3300,6600,5,2,14.5,28.5,56.5
"Koševi","Beograd",500,1000,1510,3010,6020,4.5,1,13,26,51.5
"Koševi","Mali Požarevac",450,900,1350,2710,5410,4,8,12,23.5,46.5
"Koševi","Umčari",430,870,1300,2600,5200,4,7.5,11.5,22.5,44.5
"Koševi","Vodanj",420,830,1250,2500,5010,4,7.5,11,21.5,43
"Koševi","Kolari",400,800,1200,2400,4800,3.5,7,10.5,21,41.5
"Koševi","Smederevo",380,770,1150,2310,4620,3.5,7,10,20,39.5
"Koševi","Požarevac",380,760,1140,2280,4570,3.5,6.5,10,19.5,39.5
"Koševi","Velika Plana",300,600,910,1810,3620,3,5.5,8,15.5,31
"Koševi","Markovac",270,540,810,1620,3240,2.5,5,7,14,28
"Koševi","Lapovo",250,510,760,1520,3030,2.5,4.5,6.5,13,26
"Koševi","Batočina",240,480,730,1450,2910,2.5,4.5,6.5,12.5,25
"Koševi","Jagodina",180,370,550,1100,2190,2,3.5,5,9.5,19
"Koševi","Ćuprija",150,290,440,880,1760,1.5,2.5,4,8,15.5
"Koševi","Paraćin",120,240,350,710,1410,1.5,2.5,3,6.5,12.5
"Koševi","Ćićevac",70,150,220,440,880,1,1.5,2,4,8
"Koševi","Ražanj",120,240,360,720,1440,1.5,2.5,3.5,6.5,12.5
"Koševi","Aleksinački Rudnici",180,360,530,1070,2130,2,3.5,5,9.5,18.5
"Koševi","Aleksinac",190,380,570,1150,2290,2,3.5,5,10,20
"Koševi","Niš jug",260,520,770,1550,3100,2.5,4.5,7,13.5,26.5
"Koševi","Doljevac",300,610,910,1820,3630,3,5.5,8,16,31.5
"Koševi","Brestovac",320,640,960,1920,3830,3,5.5,8.5,16.5,33
"Koševi","Leskovac centar",340,680,1020,2030,4070,3,6,9,17.5,35
"Koševi","Leskovac jug",380,770,1150,2300,4600,3.5,7,10,20,39.5
"Koševi","Grdelica",410,830,1240,2480,4960,4,7.5,11,21.5,42.5
"Koševi","Predejane",460,920,1370,2750,5500,4,8,12,23.5,47
"Koševi","Vladičin Han",530,1060,1580,3170,6330,5,9.5,13.5,27.5,54.5
"Koševi","Vranje",590,1180,1780,3550,7110,5.5,10.5,15.5,30.5,61
"Koševi","Bujanovac sever",630,1260,1890,3780,7560,5.5,11,16.5,32.5,65
"Koševi","Bujanovac jug",640,1280,1920,3840,7680,5.5,11,16.5,33,66
"Koševi","Preševo",700,1390,2090,4180,8350,6,12,18,36,71.5
"Koševi","Dimitrovgrad",570,1140,1710,3420,6850,5,10,15,29.5,59
"Koševi","Šid",760,1520,2290,4570,9140,7,5.5,20,39.5,78.5
"Koševi","Adaševci",500,1000,1510,3010,6020,4.5,1,13,26,51.5
"Koševi","Kuzmin",700,1400,2100,4200,8390,6.5,4.5,18.5,36.5,72
"Koševi","Sremska Mitrovica",640,1280,1930,3840,7690,6,3.5,17,33.5,66
"Koševi","Ruma",610,1210,1830,3650,7290,5.5,3,16,31.5,62.5
"Koševi","Pećinci",570,1140,1720,3430,6860,5.5,2.5,15,30,59
"Koševi","Takovo",770,1540,2320,4630,9260,7,6,20,40,79.5
"Koševi","Preljina jug",830,1660,2500,4990,9970,7.5,7,21.5,43,85.5
"Koševi","Obrenovac",500,1000,1510,3010,6020,4.5,1,13,26,51.5
"Koševi","Ub",570,1150,1730,3450,6900,5.5,2.5,15,30,59.5
"Koševi","Lajkovac",610,1220,1850,3680,7370,5.5,3,16,32,63.5
"Koševi","Ljig",680,1360,2050,4090,8180,6.5,4.5,18,35.5,70
"Koševi","Merošina",270,550,820,1640,3290,2.5,5,7.5,14.5,28.5
"Koševi","Niš sever",260,510,770,1530,3060,2.5,4.5,7,13.5,26.5
"Koševi","Niš istok",270,550,820,1640,3280,2.5,5,7.5,14.5,28.5
"Koševi","Niš Malča",290,590,880,1760,3530,2.5,5.5,8,15.5,30.5
"Koševi","Bela Palanka",380,770,1150,2310,4620,3.5,7,10,20,39.5
"Koševi","Pirot zapad",450,910,1360,2730,5460,4,8,12,23.5,47
"Koševi","Pirot istok",490,980,1470,2940,5880,4.5,8.5,13,25.5,50.5
"Koševi","Morović",740,1470,2220,4420,8840,7,5.5,19.5,38.5,76
"Koševi","Čačak (Pakovraće)",860,1720,2590,5170,10330,8,7.5,22.5,44.5,88.5
"Koševi","Hrtkovci",640,1280,1930,3840,7690,6,3.5,17,33.5,66
"Koševi","Šabac",680,1350,2040,4070,8140,6.5,4,18,35.5,70
"Koševi","Kruševac istok",20,40,50,130,260,0.5,0.5,0.5,1.5,2.5
"Koševi","Kruševac zapad",20,30,50,100,200,0.5,0.5,0.5,1,2
"Koševi","Velika Drenova",20,40,60,130,250,0.5,0.5,1,1.5,2.5
"Koševi","Trstenik",60,120,180,360,720,1,1.5,2,3.5,6.5
"Koševi","Vrnjačka Banja",90,180,280,550,1110,1,2,2.5,5,9.5
"Koševi","Lučani",930,1860,2800,5590,11180,8.5,8.5,24.5,48.5,96
"Koševi","Prilipac",980,1950,2940,5870,11740,9,9.5,25.5,50.5,100.5
"Koševi","Vrba",130,260,390,780,1560,1.5,2.5,3.5,7,13.5
"Koševi","Adrani",910,1810,2730,5440,10890,8.5,8,23.5,47,93.5
"Velika Drenova","Subotica",940,1900,2840,5680,11360,8.5,16.5,24.5,49,97.5
"Velika Drenova","Žednik",890,1780,2670,5340,10680,8,15.5,23,46,92
"Velika Drenova","Bačka Topola",850,1720,2570,5140,10270,7.5,15,22.5,44.5,88.5
"Velika Drenova","Feketić",800,1600,2400,4800,9600,7,14,21,41.5,82.5
"Velika Drenova","Vrbas",770,1550,2320,4640,9270,7,13.5,20,40,80
"Velika Drenova","Zmajevo",730,1480,2210,4430,8850,6.5,13,19,38.5,76.5
"Velika Drenova","Novi Sad",690,1390,2080,4160,8310,6,12,18,36,71.5
"Velika Drenova","Kovilj",640,1280,1920,3840,7680,6,11,16.5,33,66.5
"Velika Drenova","Beška",590,1200,1790,3580,7150,5.5,10.5,15.5,31,62
"Velika Drenova","Maradik",580,1170,1750,3510,7000,5.5,10.5,15.5,30.5,60.5
"Velika Drenova","Inđija",570,1150,1710,3430,6850,5,10,15,29.5,59
"Velika Drenova","Beograd",520,1050,1570,3140,6270,4.5,9,13.5,27,54
"Velika Drenova","Mali Požarevac",470,940,1420,2830,5670,4.5,8.5,12.5,24.5,48.5
"Velika Drenova","Umčari",450,910,1360,2730,5450,4,8,12,23.5,47
"Velika Drenova","Vodanj",440,880,1320,2630,5260,4,8,11.5,22.5,45
"Velika Drenova","Kolari",420,840,1260,2530,5060,4,7.5,11,22,43.5
"Velika Drenova","Smederevo",410,810,1220,2440,4870,4,7,10.5,21,42
"Velika Drenova","Požarevac",400,800,1210,2410,4820,3.5,7,10.5,21,41.5
"Velika Drenova","Velika Plana",320,650,970,1940,3870,3,6,8.5,17,33.5
"Velika Drenova","Markovac",290,580,870,1750,3490,2.5,5,7.5,15,30
"Velika Drenova","Lapovo",270,550,820,1640,3290,2.5,5,7.5,14.5,28.5
"Velika Drenova","Batočina",260,530,790,1580,3160,2.5,5,7,13.5,27
"Velika Drenova","Jagodina",200,410,610,1220,2450,2,4,5.5,10.5,21
"Velika Drenova","Ćuprija",170,340,500,1010,2020,1.5,3,4.5,9,17.5
"Velika Drenova","Paraćin",140,280,420,830,1670,1.5,2.5,4,7.5,14.5
"Velika Drenova","Ćićevac",90,190,280,570,1130,1,2,2.5,5,10
"Velika Drenova","Ražanj",140,280,420,850,1690,1.5,2.5,4,7.5,14.5
"Velika Drenova","Aleksinački Rudnici",200,400,600,1190,2380,2,3.5,5.5,10.5,20.5
"Velika Drenova","Aleksinac",210,420,640,1270,2550,2,4,5.5,11,22
"Velika Drenova","Niš jug",280,560,840,1680,3350,2.5,5,7.5,14.5,29
"Velika Drenova","Doljevac",320,650,970,1940,3890,3,6,8.5,17,33.5
"Velika Drenova","Brestovac",340,680,1020,2040,4080,3,6,9,17.5,35
"Velika Drenova","Leskovac centar",360,720,1080,2160,4320,3.5,6.5,9.5,18.5,37
"Velika Drenova","Leskovac jug",400,810,1210,2430,4850,3.5,7,10.5,21,41.5
"Velika Drenova","Grdelica",430,870,1300,2610,5220,4,7.5,11.5,22.5,45
"Velika Drenova","Predejane",480,960,1440,2880,5750,4.5,8.5,12.5,25,49.5
"Velika Drenova","Vladičin Han",550,1100,1650,3290,6590,5,9.5,14.5,28.5,56.5
"Velika Drenova","Vranje",610,1230,1840,3680,7360,5.5,11,16,31.5,63
"Velika Drenova","Bujanovac sever",650,1300,1950,3900,7810,6,11.5,17,33.5,67
"Velika Drenova","Bujanovac jug",660,1320,1980,3970,7930,6,11.5,17,34,68
"Velika Drenova","Preševo",720,1430,2150,4300,8610,6.5,12.5,18.5,37,74
"Velika Drenova","Dimitrovgrad",590,1180,1780,3550,7100,5.5,10.5,15.5,30.5,61
"Velika Drenova","Šid",780,1570,2350,4700,9390,7,13.5,20.5,40.5,81
"Velika Drenova","Adaševci",520,1050,1570,3140,6270,4.5,9,13.5,27,54
"Velika Drenova","Kuzmin",720,1450,2160,4330,8640,6.5,12.5,19,37.5,74.5
"Velika Drenova","Sremska Mitrovica",660,1330,1990,3970,7940,6,11.5,17.5,34.5,68.5
"Velika Drenova","Ruma",630,1260,1890,3780,7540,5.5,11,16.5,32.5,65
"Velika Drenova","Pećinci",590,1190,1780,3560,7110,5.5,10.5,15.5,31,61.5
"Velika Drenova","Takovo",790,1590,2380,4760,9510,7,14,20.5,41,82
"Velika Drenova","Preljina jug",850,1710,2560,5120,10220,7.5,15,22,44,88
"Velika Drenova","Obrenovac",520,1050,1570,3140,6270,4.5,9,13.5,27,54
"Velika Drenova","Ub",590,1200,1790,3580,7150,5.5,10.5,15.5,31,62
"Velika Drenova","Lajkovac",630,1270,1910,3810,7620,5.5,11,16.5,33,66
"Velika Drenova","Ljig",700,1410,2110,4220,8430,6.5,12.5,18.5,36.5,72.5
"Velika Drenova","Merošina",300,590,890,1770,3540,3,5.5,8,15.5,30.5
"Velika Drenova","Niš sever",280,550,830,1660,3320,2.5,5,7.5,14.5,28.5
"Velika Drenova","Niš istok",290,590,880,1770,3540,2.5,5.5,8,15.5,30.5
"Velika Drenova","Niš Malča",310,630,940,1890,3780,3,5.5,8.5,16.5,32.5
"Velika Drenova","Bela Palanka",410,810,1220,2440,4870,4,7,10.5,21,42
"Velika Drenova","Pirot zapad",480,950,1430,2860,5710,4.5,8.5,12.5,24.5,49
"Velika Drenova","Pirot istok",510,1020,1530,3070,6130,4.5,9,13.5,26.5,52.5
"Velika Drenova","Morović",760,1520,2280,4550,9090,7,13.5,20,39.5,78.5
"Velika Drenova","Čačak (Pakovraće)",880,1770,2650,5300,10580,8,15.5,23,45.5,91
"Velika Drenova","Hrtkovci",660,1330,1990,3970,7940,6,11.5,17.5,34.5,68.5
"Velika Drenova","Šabac",700,1400,2100,4200,8390,6.5,12,18.5,36.5,72.5
"Velika Drenova","Kruševac istok",40,90,110,260,520,0.5,1,1,2.5,4.5
"Velika Drenova","Kruševac zapad",40,80,110,230,460,0.5,1,1,2,4
"Velika Drenova","Koševi",20,40,60,130,250,0.5,0.5,1,1.5,2.5
"Velika Drenova","Trstenik",40,80,120,230,460,0.5,1,1.5,2,4
"Velika Drenova","Vrnjačka Banja",70,140,210,430,850,1,1.5,2,4,7.5
"Velika Drenova","Lučani",950,1910,2860,5720,11430,8.5,16.5,25,49.5,98.5
"Velika Drenova","Prilipac",1000,2000,3000,6000,11990,9,17.5,26,51.5,103
"Velika Drenova","Vrba",110,220,330,660,1310,1,2,3,6,11.5
"Velika Drenova","Adrani",930,1860,2790,5570,11140,8.5,16,24,48,96
"Trstenik","Subotica",980,1970,2950,5910,11830,9,17.5,25.5,51,101.5
"Trstenik","Žednik",930,1850,2780,5570,11150,8.5,16.5,24,48,96
"Trstenik","Bačka Topola",890,1790,2680,5370,10740,8,16,23.5,46.5,92.5
"Trstenik","Feketić",840,1670,2510,5030,10070,7.5,15,22,43.5,86.5
"Trstenik","Vrbas",810,1620,2430,4870,9740,7.5,14.5,21,42,84
"Trstenik","Zmajevo",770,1550,2320,4660,9320,7,14,20,40.5,80.5
"Trstenik","Novi Sad",730,1460,2190,4390,8780,6.5,13,19,38,75.5
"Trstenik","Kovilj",680,1350,2030,4070,8150,6.5,12,17.5,35,70.5
"Trstenik","Beška",630,1270,1900,3810,7620,6,11.5,16.5,33,66
"Trstenik","Maradik",620,1240,1860,3740,7470,6,11.5,16.5,32.5,64.5
"Trstenik","Inđija",610,1220,1820,3660,7320,5.5,11,16,31.5,63
"Trstenik","Beograd",560,1120,1680,3370,6740,5,10,14.5,29,58
"Trstenik","Mali Požarevac",510,1020,1530,3060,6130,4.5,9,13.5,26.5,52.5
"Trstenik","Umčari",490,990,1480,2960,5920,4.5,8.5,13,25.5,51
"Trstenik","Vodanj",480,950,1430,2860,5720,4.5,8.5,12.5,24.5,49
"Trstenik","Kolari",460,920,1380,2760,5520,4,8,12,24,47.5
"Trstenik","Smederevo",440,890,1330,2670,5330,4,8,11.5,23,46
"Trstenik","Požarevac",440,880,1320,2640,5280,4,8,11.5,23,45.5
"Trstenik","Velika Plana",360,720,1080,2170,4340,3.5,6.5,9.5,19,37.5
"Trstenik","Markovac",330,660,990,1980,3960,3,6,8.5,17,34
"Trstenik","Lapovo",310,620,940,1870,3750,3,5.5,8.5,16,32.5
"Trstenik","Batočina",300,600,910,1810,3620,3,5.5,8,15.5,31
"Trstenik","Jagodina",240,480,730,1450,2910,2.5,4.5,6.5,12.5,25
"Trstenik","Ćuprija",210,410,620,1240,2480,2,4,5.5,11,21.5
"Trstenik","Paraćin",180,360,530,1070,2130,2,3.5,5,9.5,18.5
"Trstenik","Ćićevac",130,270,400,800,1600,1.5,2.5,3.5,7,14
"Trstenik","Ražanj",180,360,540,1080,2160,2,3.5,5,9.5,18.5
"Trstenik","Aleksinački Rudnici",240,470,710,1420,2850,2.5,4.5,6.5,12.5,24.5
"Trstenik","Aleksinac",250,500,750,1500,3010,2.5,4.5,6.5,13,26
"Trstenik","Niš jug",320,640,950,1910,3810,3,5.5,8.5,16.5,33
"Trstenik","Doljevac",360,720,1090,2170,4350,3.5,6.5,9.5,19,37.5
"Trstenik","Brestovac",380,760,1140,2270,4550,3.5,6.5,10,19.5,39
"Trstenik","Leskovac centar",400,800,1200,2390,4780,3.5,7,10.5,20.5,41
"Trstenik","Leskovac jug",440,890,1330,2660,5310,4,8,11.5,23,45.5
"Trstenik","Grdelica",470,950,1420,2840,5680,4.5,8.5,12.5,24.5,49
"Trstenik","Predejane",520,1040,1550,3110,6210,4.5,9,13.5,27,53.5
"Trstenik","Vladičin Han",590,1170,1760,3520,7050,5.5,10,15.5,30.5,60.5
"Trstenik","Vranje",650,1300,1960,3910,7820,6,11.5,17,33.5,67
"Trstenik","Bujanovac sever",690,1380,2070,4140,8270,6,12,18,35.5,71
"Trstenik","Bujanovac jug",700,1400,2100,4200,8400,6,12,18,36,72
"Trstenik","Preševo",760,1510,2270,4540,9070,6.5,13,19.5,39,77.5
"Trstenik","Dimitrovgrad",630,1260,1890,3780,7560,5.5,11,16.5,32.5,65
"Trstenik","Šid",820,1640,2460,4930,9860,7.5,14.5,21.5,42.5,85
"Trstenik","Adaševci",560,1120,1680,3370,6740,5,10,14.5,29,58
"Trstenik","Kuzmin",760,1520,2270,4560,9110,7,13.5,20,39.5,78.5
"Trstenik","Sremska Mitrovica",700,1400,2100,4200,8410,6.5,12.5,18.5,36.5,72.5
"Trstenik","Ruma",670,1330,2000,4010,8010,6,12,17.5,34.5,69
"Trstenik","Pećinci",630,1260,1890,3790,7580,6,11.5,16.5,33,65.5
"Trstenik","Takovo",830,1660,2490,4990,9980,7.5,15,21.5,43,86
"Trstenik","Preljina jug",890,1780,2670,5350,10690,8,16,23,46,92
"Trstenik","Obrenovac",560,1120,1680,3370,6740,5,10,14.5,29,58
"Trstenik","Ub",630,1270,1900,3810,7620,6,11.5,16.5,33,66
"Trstenik","Lajkovac",670,1340,2020,4040,8090,6,12,17.5,35,70
"Trstenik","Ljig",740,1480,2220,4450,8900,7,13.5,19.5,38.5,76.5
"Trstenik","Merošina",330,670,1000,2000,4000,3,6,9,17.5,34.5
"Trstenik","Niš sever",310,630,940,1890,3780,3,5.5,8.5,16.5,32.5
"Trstenik","Niš istok",330,670,1000,2000,4000,3,6,9,17.5,34.5
"Trstenik","Niš Malča",350,710,1060,2120,4240,3,6.5,9.5,18.5,36.5
"Trstenik","Bela Palanka",440,890,1330,2670,5330,4,8,11.5,23,46
"Trstenik","Pirot zapad",510,1030,1540,3090,6170,4.5,9,13.5,26.5,53
"Trstenik","Pirot istok",550,1100,1650,3300,6590,5,9.5,14.5,28.5,56.5
"Trstenik","Morović",800,1590,2390,4780,9560,7.5,14.5,21,41.5,82.5
"Trstenik","Čačak (Pakovraće)",920,1840,2760,5530,11050,8.5,16.5,24,47.5,95
"Trstenik","Hrtkovci",700,1400,2100,4200,8410,6.5,12.5,18.5,36.5,72.5
"Trstenik","Šabac",740,1470,2210,4430,8860,7,13,19.5,38.5,76.5
"Trstenik","Kruševac istok",80,160,230,490,980,1,1.5,2,4.5,8.5
"Trstenik","Kruševac zapad",80,150,230,460,920,1,1.5,2,4,8
"Trstenik","Koševi",60,120,180,360,720,1,1.5,2,3.5,6.5
"Trstenik","Velika Drenova",40,80,120,230,460,0.5,1,1.5,2,4
"Trstenik","Vrnjačka Banja",30,60,100,190,390,0.5,1,1,2,3.5
"Trstenik","Lučani",990,1980,2970,5950,11900,9,17.5,26,51.5,102.5
"Trstenik","Prilipac",1040,2070,3110,6230,12460,9.5,18.5,27,53.5,107
"Trstenik","Vrba",70,140,210,420,850,1,1.5,2,4,7.5
"Trstenik","Adrani",970,1930,2900,5800,11610,9,17,25,50,100
"Vrnjačka Banja","Subotica",1010,2040,3050,6100,12220,9.5,18,26.5,52.5,104.5
"Vrnjačka Banja","Žednik",960,1920,2880,5760,11540,9,17,25,49.5,99
"Vrnjačka Banja","Bačka Topola",920,1860,2780,5560,11130,8.5,16.5,24.5,48,95.5
"Vrnjačka Banja","Feketić",870,1740,2610,5220,10460,8,15.5,23,45,89.5
"Vrnjačka Banja","Vrbas",840,1690,2530,5060,10130,8,15,22,43.5,87
"Vrnjačka Banja","Zmajevo",800,1620,2420,4850,9710,7.5,14.5,21,42,83.5
"Vrnjačka Banja","Novi Sad",760,1530,2290,4580,9170,7,13.5,20,39.5,78.5
"Vrnjačka Banja","Kovilj",710,1420,2130,4260,8540,7,12.5,18.5,36.5,73.5
"Vrnjačka Banja","Beška",660,1340,2000,4000,8010,6.5,12,17.5,34.5,69
"Vrnjačka Banja","Maradik",650,1310,1960,3930,7860,6.5,12,17.5,34,67.5
"Vrnjačka Banja","Inđija",640,1290,1920,3850,7710,6,11.5,17,33,66
"Vrnjačka Banja","Beograd",590,1190,1780,3560,7130,5.5,10.5,15.5,30.5,61
"Vrnjačka Banja","Mali Požarevac",540,1090,1630,3260,6520,5,9.5,14,28,56
"Vrnjačka Banja","Umčari",530,1050,1580,3150,6310,5,9,13.5,27,54
"Vrnjačka Banja","Vodanj",510,1020,1530,3060,6110,4.5,9,13.5,26.5,52.5
"Vrnjačka Banja","Kolari",490,980,1480,2950,5910,4.5,8.5,13,25.5,50.5
"Vrnjačka Banja","Smederevo",480,950,1430,2860,5720,4.5,8.5,12.5,24.5,49
"Vrnjačka Banja","Požarevac",470,950,1420,2840,5670,4.5,8.5,12.5,24.5,48.5
"Vrnjačka Banja","Velika Plana",390,790,1180,2360,4730,3.5,7,10.5,20.5,40.5
"Vrnjačka Banja","Markovac",360,720,1090,2170,4350,3.5,6.5,9.5,19,37.5
"Vrnjačka Banja","Lapovo",340,690,1030,2070,4140,3,6,9,18,35.5
"Vrnjačka Banja","Batočina",330,670,1000,2010,4010,3,6,9,17.5,34.5
"Vrnjačka Banja","Jagodina",270,550,820,1650,3300,2.5,5,7.5,14.5,28.5
"Vrnjačka Banja","Ćuprija",240,480,720,1440,2870,2.5,4.5,6.5,12.5,25
"Vrnjačka Banja","Paraćin",210,420,630,1260,2520,2,4,5.5,11,22
"Vrnjačka Banja","Ćićevac",170,330,500,990,1990,1.5,3,4.5,8.5,17
"Vrnjačka Banja","Ražanj",210,420,640,1270,2550,2,4,5.5,11,22
"Vrnjačka Banja","Aleksinački Rudnici",270,540,810,1620,3240,2.5,5,7,14,28
"Vrnjačka Banja","Aleksinac",280,570,850,1700,3400,2.5,5,7.5,15,29.5
"Vrnjačka Banja","Niš jug",350,700,1050,2100,4200,3,6,9,18,36
"Vrnjačka Banja","Doljevac",390,790,1180,2370,4740,3.5,7,10.5,20.5,40.5
"Vrnjačka Banja","Brestovac",410,820,1230,2470,4940,4,7.5,11,21.5,42.5
"Vrnjačka Banja","Leskovac centar",430,860,1290,2590,5170,4,7.5,11.5,22.5,44.5
"Vrnjačka Banja","Leskovac jug",480,950,1430,2850,5700,4.5,8.5,12.5,24.5,49
"Vrnjačka Banja","Grdelica",510,1010,1520,3030,6070,4.5,9,13,26,52
"Vrnjačka Banja","Predejane",550,1100,1650,3300,6600,5,9.5,14.5,28.5,56.5
"Vrnjačka Banja","Vladičin Han",620,1240,1860,3720,7440,5.5,11,16,32,64
"Vrnjačka Banja","Vranje",680,1370,2050,4110,8210,6,12,18,35.5,70.5
"Vrnjačka Banja","Bujanovac sever",720,1440,2170,4330,8660,6.5,12.5,19,37,74
"Vrnjačka Banja","Bujanovac jug",730,1460,2200,4390,8790,6.5,12.5,19,38,75.5
"Vrnjačka Banja","Preševo",790,1580,2360,4730,9460,7,13.5,20.5,40.5,81
"Vrnjačka Banja","Dimitrovgrad",660,1330,1990,3980,7950,6,11.5,17,34,68
"Vrnjačka Banja","Šid",850,1710,2560,5120,10250,8,15,22.5,44,88
"Vrnjačka Banja","Adaševci",590,1190,1780,3560,7130,5.5,10.5,15.5,30.5,61
"Vrnjačka Banja","Kuzmin",790,1590,2370,4750,9500,7.5,14,21,41,81.5
"Vrnjačka Banja","Sremska Mitrovica",730,1470,2200,4390,8800,7,13,19.5,38,75.5
"Vrnjačka Banja","Ruma",700,1400,2100,4200,8400,6.5,12.5,18.5,36,72
"Vrnjačka Banja","Pećinci",660,1330,1990,3980,7970,6.5,12,17.5,34.5,68.5
"Vrnjačka Banja","Takovo",860,1730,2590,5180,10370,8,15.5,22.5,44.5,89
"Vrnjačka Banja","Preljina jug",920,1850,2770,5540,11080,8.5,16.5,24,47.5,95
"Vrnjačka Banja","Obrenovac",590,1190,1780,3560,7130,5.5,10.5,15.5,30.5,61
"Vrnjačka Banja","Ub",660,1340,2000,4000,8010,6.5,12,17.5,34.5,69
"Vrnjačka Banja","Lajkovac",700,1410,2120,4230,8480,6.5,12.5,18.5,36.5,73
"Vrnjačka Banja","Ljig",770,1550,2320,4640,9290,7.5,14,20.5,40,79.5
"Vrnjačka Banja","Merošina",370,730,1100,2200,4390,3.5,6.5,9.5,19,38
"Vrnjačka Banja","Niš sever",350,690,1040,2080,4170,3,6,9,18,36
"Vrnjačka Banja","Niš istok",370,730,1100,2190,4390,3.5,6.5,9.5,19,38
"Vrnjačka Banja","Niš Malča",390,770,1160,2320,4630,3.5,7,10,20,40
"Vrnjačka Banja","Bela Palanka",480,950,1430,2860,5720,4.5,8.5,12.5,24.5,49
"Vrnjačka Banja","Pirot zapad",550,1090,1640,3280,6560,5,9.5,14.5,28.5,56.5
"Vrnjačka Banja","Pirot istok",580,1160,1750,3490,6980,5,10,15,30,60
"Vrnjačka Banja","Morović",830,1660,2490,4970,9950,8,15,22,43,85.5
"Vrnjačka Banja","Čačak (Pakovraće)",950,1910,2860,5720,11440,9,17,25,49,98
"Vrnjačka Banja","Hrtkovci",730,1470,2200,4390,8800,7,13,19.5,38,75.5
"Vrnjačka Banja","Šabac",770,1540,2310,4620,9250,7.5,13.5,20.5,40,79.5
"Vrnjačka Banja","Kruševac istok",110,230,330,680,1370,1,2,3,6,12
"Vrnjačka Banja","Kruševac zapad",110,220,330,650,1310,1,2,3,6,11.5
"Vrnjačka Banja","Koševi",90,180,280,550,1110,1,2,2.5,5,9.5
"Vrnjačka Banja","Velika Drenova",70,140,210,430,850,1,1.5,2,4,7.5
"Vrnjačka Banja","Trstenik",30,60,100,190,390,0.5,1,1,2,3.5
"Vrnjačka Banja","Lučani",1020,2050,3070,6140,12290,9.5,18,27,53,105.5
"Vrnjačka Banja","Prilipac",1070,2140,3210,6420,12850,10,19,28,55,110
"Vrnjačka Banja","Vrba",40,80,110,230,460,0.5,1,1,2,4
"Vrnjačka Banja","Adrani",1000,2000,3000,5990,12000,9.5,17.5,26,51.5,103
"Lučani","Subotica",850,1710,2560,5120,10250,8,15,22.5,44.5,88
"Lučani","Žednik",800,1590,2390,4780,9570,7.5,14,21,41.5,82.5
"Lučani","Bačka Topola",760,1530,2290,4580,9160,7,13.5,20.5,40,79
"Lučani","Feketić",710,1410,2120,4240,8490,6.5,12.5,19,37,73
"Lučani","Vrbas",680,1360,2040,4080,8160,6.5,12,18,35.5,70.5
"Lučani","Zmajevo",640,1290,1930,3870,7740,6,11.5,17,34,67
"Lučani","Novi Sad",600,1200,1800,3600,7200,5.5,10.5,16,31.5,62
"Lučani","Kovilj",550,1090,1640,3280,6570,5.5,9.5,14.5,28.5,57
"Lučani","Beška",500,1010,1510,3020,6040,5,9,13.5,26.5,52.5
"Lučani","Maradik",490,980,1470,2950,5890,5,9,13.5,26,51
"Lučani","Inđija",480,960,1430,2870,5740,4.5,8.5,13,25,49.5
"Lučani","Beograd",430,860,1290,2580,5160,4,7.5,11.5,22.5,44.5
"Lučani","Mali Požarevac",480,960,1440,2880,5770,4.5,8.5,13,25.5,50
"Lučani","Umčari",500,1000,1490,2990,5980,5,9,13.5,26.5,52
"Lučani","Vodanj",510,1030,1540,3090,6170,5,9,14,27,53.5
"Lučani","Kolari",530,1060,1590,3190,6380,5,9.5,14.5,28,55
"Lučani","Smederevo",550,1090,1640,3280,6560,5.5,9.5,14.5,28.5,56.5
"Lučani","Požarevac",550,1100,1650,3310,6610,5.5,10,15,29,57
"Lučani","Velika Plana",630,1260,1890,3780,7560,6,11,17,33,65.5
"Lučani","Markovac",660,1320,1980,3970,7940,6,11.5,17.5,34.5,68.5
"Lučani","Lapovo",680,1360,2040,4070,8150,6.5,12,18,35.5,70.5
"Lučani","Batočina",690,1380,2070,4140,8270,6.5,12,18.5,36,71.5
"Lučani","Jagodina",750,1500,2250,4490,8990,7,13,20,39,77.5
"Lučani","Ćuprija",780,1570,2350,4710,9420,7,14,21,41,81
"Lučani","Paraćin",810,1630,2440,4880,9770,7.5,14.5,21.5,42.5,84
"Lučani","Ćićevac",860,1720,2580,5150,10300,8,15,23,44.5,88.5
"Lučani","Ražanj",880,1760,2650,5290,10580,8,15.5,23.5,46,91
"Lučani","Aleksinački Rudnici",940,1880,2820,5640,11270,8.5,16.5,25,49,97
"Lučani","Aleksinac",950,1910,2860,5720,11430,8.5,16.5,25,49.5,98.5
"Lučani","Niš jug",1020,2040,3060,6120,12240,9.5,18,27,53,105
"Lučani","Doljevac",1060,2130,3190,6390,12770,9.5,18.5,28,55.5,110
"Lučani","Brestovac",1080,2160,3240,6490,12970,10,19,28.5,56,111.5
"Lučani","Leskovac centar",1100,2200,3300,6600,13210,10,19,29,57,113.5
"Lučani","Leskovac jug",1140,2290,3430,6870,13740,10.5,20,30,59.5,118
"Lučani","Grdelica",1180,2350,3530,7050,14100,10.5,20.5,31,61,121
"Lučani","Predejane",1220,2440,3660,7320,14640,11,21,32,63,125.5
"Lučani","Vladičin Han",1290,2580,3870,7740,15470,11.5,22.5,34,67,133
"Lučani","Vranje",1350,2710,4060,8120,16250,12,23.5,35.5,70,139.5
"Lučani","Bujanovac sever",1390,2780,4170,8350,16700,12.5,24,36.5,72,143.5
"Lučani","Bujanovac jug",1400,2800,4210,8410,16820,12.5,24.5,36.5,72.5,144.5
"Lučani","Preševo",1460,2920,4370,8750,17500,13,25.5,38,75.5,150
"Lučani","Dimitrovgrad",1330,2660,4000,7990,15990,12,23,35,69,137.5
"Lučani","Šid",690,1380,2070,4140,8280,6.5,12,18.5,36,71.5
"Lučani","Adaševci",430,860,1290,2580,5160,4,7.5,11.5,22.5,44.5
"Lučani","Kuzmin",630,1260,1880,3770,7530,6,11,17,33,65
"Lučani","Sremska Mitrovica",570,1140,1710,3410,6830,5.5,10,15.5,30,59
"Lučani","Ruma",540,1070,1610,3220,6430,5,9.5,14.5,28,55.5
"Lučani","Pećinci",500,1000,1500,3000,6000,5,9,13.5,26.5,52
"Lučani","Takovo",160,320,480,960,1920,1.5,3,4.5,8.5,16.5
"Lučani","Preljina jug",110,230,340,690,1380,1,2,3,6,12
"Lučani","Obrenovac",430,860,1290,2580,5160,4,7.5,11.5,22.5,44.5
"Lučani","Ub",360,710,1070,2140,4280,3.5,6.5,9.5,18.5,37
"Lučani","Lajkovac",320,630,950,1900,3810,3,5.5,8.5,16.5,33
"Lučani","Ljig",250,500,750,1500,3000,2.5,4.5,6.5,13,26
"Lučani","Merošina",1040,2070,3110,6210,12430,9.5,18,27.5,54,107
"Lučani","Niš sever",1020,2030,3050,6100,12200,9.5,17.5,27,53,105
"Lučani","Niš istok",1040,2070,3110,6210,12420,9.5,18,27.5,54,107
"Lučani","Niš Malča",1060,2110,3170,6330,12670,9.5,18.5,28,55,109
"Lučani","Bela Palanka",1150,2290,3440,6880,13760,10.5,20,30,59.5,118
"Lučani","Pirot zapad",1220,2430,3650,7300,14600,11,21,32,63,125.5
"Lučani","Pirot istok",1250,2500,3750,7510,15020,11.5,22,33,65,129
"Lučani","Morović",670,1330,2000,3990,7980,6.5,12,18,35,69
"Lučani","Čačak (Pakovraće)",70,140,210,420,840,1,1.5,2,4,7.5
"Lučani","Hrtkovci",570,1140,1710,3410,6830,5.5,10,15.5,30,59
"Lučani","Šabac",610,1210,1820,3640,7280,6,10.5,16.5,32,63
"Lučani","Kruševac istok",910,1820,2730,5460,10920,8.5,16,24,47.5,94
"Lučani","Kruševac zapad",910,1830,2740,5490,10980,8.5,16,24,47.5,94.5
"Lučani","Koševi",930,1860,2800,5590,11180,8.5,8.5,24.5,48.5,96
"Lučani","Velika Drenova",950,1910,2860,5720,11430,8.5,16.5,25,49.5,98.5
"Lučani","Trstenik",990,1980,2970,5950,11900,9,17.5,26,51.5,102.5
"Lučani","Vrnjačka Banja",1020,2050,3070,6140,12290,9.5,18,27,53,105.5
"Lučani","Prilipac",50,90,140,280,560,0.5,1,1.5,2.5,5
"Lučani","Vrba",1110,2210,3330,6650,13300,10,19.5,29,57,114
"Lučani","Adrani",190,380,570,1150,2290,2,3.5,5,10,20
"Prilipac","Subotica",900,1800,2700,5400,10810,8.5,16,23.5,46.5,92.5
"Prilipac","Žednik",850,1680,2530,5060,10130,8,15,22,43.5,87
"Prilipac","Bačka Topola",810,1620,2430,4860,9720,7.5,14.5,21.5,42,83.5
"Prilipac","Feketić",760,1500,2260,4520,9050,7,13.5,20,39,77.5
"Prilipac","Vrbas",730,1450,2180,4360,8720,7,13,19,37.5,75
"Prilipac","Zmajevo",690,1380,2070,4150,8300,6.5,12.5,18,36,71.5
"Prilipac","Novi Sad",650,1290,1940,3880,7760,6,11.5,17,33.5,66.5
"Prilipac","Kovilj",600,1180,1780,3560,7130,6,10.5,15.5,30.5,61.5
"Prilipac","Beška",550,1100,1650,3300,6600,5.5,10,14.5,28.5,57
"Prilipac","Maradik",540,1070,1610,3230,6450,5.5,10,14.5,28,55.5
"Prilipac","Inđija",530,1050,1570,3150,6300,5,9.5,14,27,54
"Prilipac","Beograd",480,950,1430,2860,5720,4.5,8.5,12.5,24.5,49
"Prilipac","Mali Požarevac",530,1050,1580,3160,6330,5,9.5,14,27.5,54.5
"Prilipac","Umčari",550,1090,1630,3270,6540,5.5,10,14.5,28.5,56.5
"Prilipac","Vodanj",560,1120,1680,3370,6730,5.5,10,15,29,58
"Prilipac","Kolari",580,1150,1730,3470,6940,5.5,10.5,15.5,30,59.5
"Prilipac","Smederevo",600,1180,1780,3560,7120,6,10.5,15.5,30.5,61
"Prilipac","Požarevac",600,1190,1790,3590,7170,6,11,16,31,61.5
"Prilipac","Velika Plana",680,1350,2030,4060,8120,6.5,12,18,35,70
"Prilipac","Markovac",710,1410,2120,4250,8500,6.5,12.5,18.5,36.5,73
"Prilipac","Lapovo",730,1450,2180,4350,8710,7,13,19,37.5,75
"Prilipac","Batočina",740,1470,2210,4420,8830,7,13,19.5,38,76
"Prilipac","Jagodina",800,1590,2390,4770,9550,7.5,14,21,41,82
"Prilipac","Ćuprija",830,1660,2490,4990,9980,7.5,15,22,43,85.5
"Prilipac","Paraćin",860,1720,2580,5160,10330,8,15.5,22.5,44.5,88.5
"Prilipac","Ćićevac",910,1810,2720,5430,10860,8.5,16,24,46.5,93
"Prilipac","Ražanj",930,1850,2790,5570,11140,8.5,16.5,24.5,48,95.5
"Prilipac","Aleksinački Rudnici",990,1970,2960,5920,11830,9,17.5,26,51,101.5
"Prilipac","Aleksinac",1000,2000,3000,6000,11990,9,17.5,26,51.5,103
"Prilipac","Niš jug",1070,2130,3200,6400,12800,10,19,28,55,109.5
"Prilipac","Doljevac",1110,2220,3330,6670,13330,10,19.5,29,57.5,114.5
"Prilipac","Brestovac",1130,2250,3380,6770,13530,10.5,20,29.5,58,116
"Prilipac","Leskovac centar",1150,2290,3440,6880,13770,10.5,20,30,59,118
"Prilipac","Leskovac jug",1190,2380,3570,7150,14300,11,21,31,61.5,122.5
"Prilipac","Grdelica",1230,2440,3670,7330,14660,11,21.5,32,63,125.5
"Prilipac","Predejane",1270,2530,3800,7600,15200,11.5,22,33,65,130
"Prilipac","Vladičin Han",1340,2670,4010,8020,16030,12,23.5,35,69,137.5
"Prilipac","Vranje",1400,2800,4200,8400,16810,12.5,24.5,36.5,72,144
"Prilipac","Bujanovac sever",1440,2870,4310,8630,17260,13,25,37.5,74,148
"Prilipac","Bujanovac jug",1450,2890,4350,8690,17380,13,25.5,37.5,74.5,149
"Prilipac","Preševo",1510,3010,4510,9030,18060,13.5,26.5,39,77.5,154.5
"Prilipac","Dimitrovgrad",1380,2750,4140,8270,16550,12.5,24,36,71,142
"Prilipac","Šid",740,1470,2210,4420,8840,7,13,19.5,38,76
"Prilipac","Adaševci",480,950,1430,2860,5720,4.5,8.5,12.5,24.5,49
"Prilipac","Kuzmin",680,1350,2020,4050,8090,6.5,12,18,35,69.5
"Prilipac","Sremska Mitrovica",620,1230,1850,3690,7390,6,11,16.5,32,63.5
"Prilipac","Ruma",590,1160,1750,3500,6990,5.5,10.5,15.5,30,60
"Prilipac","Pećinci",550,1090,1640,3280,6560,5.5,10,14.5,28.5,56.5
"Prilipac","Takovo",210,410,620,1240,2480,2,4,5.5,11,21.5
"Prilipac","Preljina jug",160,320,490,970,1940,1.5,3,4.5,8.5,17
"Prilipac","Obrenovac",480,950,1430,2860,5720,4.5,8.5,12.5,24.5,49
"Prilipac","Ub",400,810,1210,2420,4840,3.5,7,10.5,21,41.5
"Prilipac","Lajkovac",360,730,1090,2190,4370,3.5,6.5,9.5,19,37.5
"Prilipac","Ljig",300,590,890,1780,3560,3,5.5,8,15.5,30.5
"Prilipac","Merošina",1090,2160,3250,6490,12990,10,19,28.5,56,111.5
"Prilipac","Niš sever",1070,2120,3190,6380,12760,10,18.5,28,55,109.5
"Prilipac","Niš istok",1090,2160,3250,6490,12980,10,19,28.5,56,111.5
"Prilipac","Niš Malča",1110,2200,3310,6610,13230,10,19.5,29,57,113.5
"Prilipac","Bela Palanka",1200,2380,3580,7160,14320,11,21,31,61.5,122.5
"Prilipac","Pirot zapad",1270,2520,3790,7580,15160,11.5,22,33,65,130
"Prilipac","Pirot istok",1300,2590,3890,7790,15580,12,23,34,67,133.5
"Prilipac","Morović",720,1420,2140,4270,8540,7,13,19,37,73.5
"Prilipac","Čačak (Pakovraće)",120,230,350,700,1410,1.5,2,3,6,12.5
"Prilipac","Hrtkovci",620,1230,1850,3690,7390,6,11,16.5,32,63.5
"Prilipac","Šabac",660,1300,1960,3920,7840,6.5,11.5,17.5,34,67.5
"Prilipac","Kruševac istok",960,1910,2870,5740,11480,9,17,25,49.5,98.5
"Prilipac","Kruševac zapad",960,1920,2880,5770,11540,9,17,25,49.5,99
"Prilipac","Koševi",980,1950,2940,5870,11740,9,9.5,25.5,50.5,100.5
"Prilipac","Velika Drenova",1000,2000,3000,6000,11990,9,17.5,26,51.5,103
"Prilipac","Trstenik",1040,2070,3110,6230,12460,9.5,18.5,27,53.5,107
"Prilipac","Vrnjačka Banja",1070,2140,3210,6420,12850,10,19,28,55,110
"Prilipac","Lučani",50,90,140,280,560,0.5,1,1.5,2.5,5
"Prilipac","Vrba",1060,2120,3190,6370,12740,9.5,18.5,28,55,109.5
"Prilipac","Adrani",240,480,710,1430,2850,2.5,4.5,6.5,12.5,24.5
"Vrba","Subotica",1050,2110,3170,6330,12670,9.5,18.5,27.5,54.5,108.5
"Vrba","Žednik",1000,1990,3000,5990,11990,9,17.5,26,51.5,103
"Vrba","Bačka Topola",960,1930,2900,5790,11580,8.5,17,25.5,50,99.5
"Vrba","Feketić",910,1810,2730,5450,10910,8,16,24,47,93.5
"Vrba","Vrbas",880,1760,2650,5290,10580,8,15.5,23,45.5,91
"Vrba","Zmajevo",840,1690,2540,5080,10160,7.5,15,22,44,87.5
"Vrba","Novi Sad",800,1600,2410,4810,9620,7,14,21,41.5,82.5
"Vrba","Kovilj",750,1490,2250,4490,8990,7,13,19.5,38.5,77.5
"Vrba","Beška",700,1410,2120,4230,8460,6.5,12.5,18.5,36.5,73
"Vrba","Maradik",690,1380,2080,4160,8310,6.5,12.5,18.5,36,71.5
"Vrba","Inđija",680,1360,2040,4080,8160,6,12,18,35,70
"Vrba","Beograd",630,1260,1900,3790,7580,5.5,11,16.5,32.5,65
"Vrba","Mali Požarevac",580,1160,1740,3490,6980,5,10,15,30,60
"Vrba","Umčari",560,1130,1690,3380,6760,5,10,14.5,29,58
"Vrba","Vodanj",550,1100,1640,3290,6570,5,9.5,14.5,28.5,56.5
"Vrba","Kolari",530,1060,1590,3180,6370,5,9.5,14,27.5,54.5
"Vrba","Smederevo",520,1030,1550,3090,6180,4.5,9,13.5,26.5,53
"Vrba","Požarevac",510,1020,1530,3070,6130,4.5,9,13.5,26.5,52.5
"Vrba","Velika Plana",430,860,1300,2590,5190,4,7.5,11.5,22.5,44.5
"Vrba","Markovac",400,800,1200,2400,4810,3.5,7,10.5,21,41.5
"Vrba","Lapovo",380,770,1150,2300,4600,3.5,7,10,20,39.5
"Vrba","Batočina",370,750,1120,2240,4470,3.5,6.5,10,19.5,38.5
"Vrba","Jagodina",310,630,940,1880,3760,3,5.5,8.5,16.5,32.5
"Vrba","Ćuprija",280,550,830,1660,3330,2.5,5,7.5,14.5,28.5
"Vrba","Paraćin",250,500,740,1490,2980,2.5,4.5,6.5,13,25.5
"Vrba","Ćićevac",200,410,610,1220,2440,2,4,5.5,10.5,21
"Vrba","Ražanj",250,500,750,1500,3010,2.5,4.5,6.5,13,26
"Vrba","Aleksinački Rudnici",310,620,920,1850,3700,3,5.5,8,16,32
"Vrba","Aleksinac",320,640,960,1930,3860,3,5.5,8.5,16.5,33
"Vrba","Niš jug",390,780,1170,2330,4660,3.5,7,10,20,40
"Vrba","Doljevac",430,870,1300,2600,5200,4,7.5,11.5,22.5,44.5
"Vrba","Brestovac",450,900,1350,2700,5390,4,8,12,23.5,46.5
"Vrba","Leskovac centar",470,940,1410,2820,5630,4.5,8.5,12.5,24.5,48.5
"Vrba","Leskovac jug",510,1030,1540,3080,6160,4.5,9,13.5,26.5,53
"Vrba","Grdelica",540,1090,1630,3260,6530,5,9.5,14,28,56
"Vrba","Predejane",590,1180,1770,3530,7060,5.5,10.5,15.5,30.5,60.5
"Vrba","Vladičin Han",660,1320,1970,3950,7900,6,11.5,17,34,67.5
"Vrba","Vranje",720,1440,2170,4330,8670,6.5,12.5,19,37,74.5
"Vrba","Bujanovac sever",760,1520,2280,4560,9120,6.5,13,19.5,39,78
"Vrba","Bujanovac jug",770,1540,2310,4620,9250,7,13.5,20,39.5,79.5
"Vrba","Preševo",830,1650,2480,4960,9920,7.5,14.5,21.5,42.5,85
"Vrba","Dimitrovgrad",700,1400,2100,4210,8410,6,12,18,36,72
"Vrba","Šid",890,1780,2680,5350,10700,8,15.5,23.5,46,92
"Vrba","Adaševci",630,1260,1900,3790,7580,5.5,11,16.5,32.5,65
"Vrba","Kuzmin",830,1660,2490,4980,9950,7.5,14.5,22,43,85.5
"Vrba","Sremska Mitrovica",770,1540,2320,4620,9250,7,13.5,20.5,40,79.5
"Vrba","Ruma",740,1470,2220,4430,8850,6.5,13,19.5,38,76
"Vrba","Pećinci",700,1400,2110,4210,8420,6.5,12.5,18.5,36.5,72.5
"Vrba","Takovo",900,1800,2710,5410,10820,8,16,23.5,46.5,93
"Vrba","Preljina jug",960,1920,2890,5770,11530,8.5,17,25,49.5,99
"Vrba","Obrenovac",630,1260,1900,3790,7580,5.5,11,16.5,32.5,65
"Vrba","Ub",700,1410,2120,4230,8460,6.5,12.5,18.5,36.5,73
"Vrba","Lajkovac",740,1480,2240,4460,8930,6.5,13,19.5,38.5,77
"Vrba","Ljig",810,1620,2440,4870,9740,7.5,14.5,21.5,42,83.5
"Vrba","Merošina",400,810,1210,2430,4850,3.5,7,10.5,21,41.5
"Vrba","Niš sever",390,770,1160,2310,4630,3.5,7,10,20,40
"Vrba","Niš istok",400,810,1210,2420,4850,3.5,7,10.5,21,41.5
"Vrba","Niš Malča",420,850,1270,2550,5090,4,7.5,11,22,43.5
"Vrba","Bela Palanka",520,1030,1550,3090,6180,4.5,9,13.5,26.5,53
"Vrba","Pirot zapad",590,1170,1760,3510,7020,5.5,10,15.5,30,60
"Vrba","Pirot istok",620,1240,1860,3720,7440,5.5,11,16,32,64
"Vrba","Morović",870,1730,2610,5200,10400,8,15.5,23,45,89.5
"Vrba","Čačak (Pakovraće)",990,1980,2980,5950,11890,9,17.5,26,51,102
"Vrba","Hrtkovci",770,1540,2320,4620,9250,7,13.5,20.5,40,79.5
"Vrba","Šabac",810,1610,2430,4850,9700,7.5,14,21.5,42,83.5
"Vrba","Kruševac istok",150,300,440,910,1830,1.5,3,4,8,16
"Vrba","Kruševac zapad",150,290,440,880,1770,1.5,2.5,4,8,15.5
"Vrba","Koševi",130,260,390,780,1560,1.5,2.5,3.5,7,13.5
"Vrba","Velika Drenova",110,220,330,660,1310,1,2,3,6,11.5
"Vrba","Trstenik",70,140,210,420,850,1,1.5,2,4,7.5
"Vrba","Vrnjačka Banja",40,80,110,230,460,0.5,1,1,2,4
"Vrba","Lučani",1060,2120,3190,6370,12740,9.5,18.5,28,55,109.5
"Vrba","Prilipac",1110,2210,3330,6650,13300,10,19.5,29,57,114
"Vrba","Adrani",1040,2070,3120,6220,12450,9.5,18,27,53.5,107
"Adrani","Subotica",830,1660,2490,4970,9960,8,14.5,21.5,43,85.5
"Adrani","Žednik",780,1540,2320,4630,9280,7.5,13.5,20,40,80
"Adrani","Bačka Topola",740,1480,2220,4430,8870,7,13,19.5,38.5,76.5
"Adrani","Feketić",690,1360,2050,4090,8200,6.5,12,18,35.5,70.5
"Adrani","Vrbas",660,1310,1970,3930,7870,6.5,11.5,17,34,68
"Adrani","Zmajevo",620,1240,1860,3720,7450,6,11,16,32.5,64.5
"Adrani","Novi Sad",580,1150,1730,3450,6910,5.5,10,15,30,59.5
"Adrani","Kovilj",530,1040,1570,3130,6280,5.5,9,13.5,27,54.5
"Adrani","Beška",480,960,1440,2870,5750,5,8.5,12.5,25,50
"Adrani","Maradik",470,930,1400,2800,5600,5,8.5,12.5,24.5,48.5
"Adrani","Inđija",460,910,1360,2720,5450,4.5,8,12,23.5,47
"Adrani","Beograd",410,810,1220,2430,4870,4,7,10.5,21,42
"Adrani","Mali Požarevac",460,910,1370,2730,5480,4.5,8,12,24,47.5
"Adrani","Umčari",480,950,1420,2840,5690,5,8.5,12.5,25,49.5
"Adrani","Vodanj",490,980,1470,2940,5880,5,8.5,13,25.5,51
"Adrani","Kolari",510,1010,1520,3040,6090,5,9,13.5,26.5,52.5
"Adrani","Smederevo",530,1040,1570,3130,6270,5.5,9,13.5,27,54
"Adrani","Požarevac",530,1050,1580,3160,6320,5.5,9.5,14,27.5,54.5
"Adrani","Velika Plana",610,1210,1820,3630,7270,6,10.5,16,31.5,63
"Adrani","Markovac",640,1270,1910,3820,7650,6,11,16.5,33,66
"Adrani","Lapovo",660,1310,1970,3920,7860,6.5,11.5,17,34,68
"Adrani","Batočina",670,1330,2000,3990,7980,6.5,11.5,17.5,34.5,69
"Adrani","Jagodina",730,1450,2180,4340,8700,7,12.5,19,37.5,75
"Adrani","Ćuprija",760,1520,2280,4560,9130,7,13.5,20,39.5,78.5
"Adrani","Paraćin",790,1580,2370,4730,9480,7.5,14,20.5,41,81.5
"Adrani","Ćićevac",840,1670,2510,5000,10010,8,14.5,22,43,86
"Adrani","Ražanj",860,1710,2580,5140,10290,8,15,22.5,44.5,88.5
"Adrani","Aleksinački Rudnici",920,1830,2750,5490,10980,8.5,16,24,47.5,94.5
"Adrani","Aleksinac",930,1860,2790,5570,11140,8.5,16,24,48,96
"Adrani","Niš jug",1000,1990,2990,5970,11950,9.5,17.5,26,51.5,102.5
"Adrani","Doljevac",1040,2080,3120,6240,12480,9.5,18,27,54,107.5
"Adrani","Brestovac",1060,2110,3170,6340,12680,10,18.5,27.5,54.5,109
"Adrani","Leskovac centar",1080,2150,3230,6450,12920,10,18.5,28,55.5,111
"Adrani","Leskovac jug",1120,2240,3360,6720,13450,10.5,19.5,29,58,115.5
"Adrani","Grdelica",1160,2300,3460,6900,13810,10.5,20,30,59.5,118.5
"Adrani","Predejane",1200,2390,3590,7170,14350,11,20.5,31,61.5,123
"Adrani","Vladičin Han",1270,2530,3800,7590,15180,11.5,22,33,65.5,130.5
"Adrani","Vranje",1330,2660,3990,7970,15960,12,23,34.5,68.5,137
"Adrani","Bujanovac sever",1370,2730,4100,8200,16410,12.5,23.5,35.5,70.5,141
"Adrani","Bujanovac jug",1380,2750,4140,8260,16530,12.5,24,35.5,71,142
"Adrani","Preševo",1440,2870,4300,8600,17210,13,25,37,74,147.5
"Adrani","Dimitrovgrad",1310,2610,3930,7840,15700,12,22.5,34,67.5,135
"Adrani","Šid",670,1330,2000,3990,7990,6.5,11.5,17.5,34.5,69
"Adrani","Adaševci",410,810,1220,2430,4870,4,7,10.5,21,42
"Adrani","Kuzmin",610,1210,1810,3620,7240,6,10.5,16,31.5,62.5
"Adrani","Sremska Mitrovica",550,1090,1640,3260,6540,5.5,9.5,14.5,28.5,56.5
"Adrani","Ruma",520,1020,1540,3070,6140,5,9,13.5,26.5,53
"Adrani","Pećinci",480,950,1430,2850,5710,5,8.5,12.5,25,49.5
"Adrani","Takovo",140,270,410,810,1630,1.5,2.5,4,7,14
"Adrani","Preljina jug",80,150,230,460,910,1,1.5,2,4,8
"Adrani","Obrenovac",410,810,1220,2430,4870,4,7,10.5,21,42
"Adrani","Ub",330,660,1000,1990,3990,3,6,9,17,34.5
"Adrani","Lajkovac",290,590,880,1760,3520,2.5,5.5,8,15.5,30.5
"Adrani","Ljig",230,450,680,1350,2700,2,4,6,12,23.5
"Adrani","Merošina",1020,2020,3040,6060,12140,9.5,17.5,26.5,52.5,104.5
"Adrani","Niš sever",1000,1980,2980,5950,11910,9.5,17,26,51.5,102.5
"Adrani","Niš istok",1020,2020,3040,6060,12130,9.5,17.5,26.5,52.5,104.5
"Adrani","Niš Malča",1040,2060,3100,6180,12380,9.5,18,27,53.5,106.5
"Adrani","Bela Palanka",1130,2240,3370,6730,13470,10.5,19.5,29,58,115.5
"Adrani","Pirot zapad",1200,2380,3580,7150,14310,11,20.5,31,61.5,123
"Adrani","Pirot istok",1230,2450,3680,7360,14730,11.5,21.5,32,63.5,126.5
"Adrani","Morović",650,1280,1930,3840,7690,6.5,11.5,17,33.5,66.5
"Adrani","Čačak (Pakovraće)",120,240,360,720,1450,1.5,2.5,3.5,6.5,12.5
"Adrani","Hrtkovci",550,1090,1640,3260,6540,5.5,9.5,14.5,28.5,56.5
"Adrani","Šabac",590,1160,1750,3490,6990,6,10,15.5,30.5,60.5
"Adrani","Kruševac istok",890,1770,2660,5310,10630,8.5,15.5,23,46,91.5
"Adrani","Kruševac zapad",890,1780,2670,5340,10690,8.5,15.5,23,46,92
"Adrani","Koševi",910,1810,2730,5440,10890,8.5,8,23.5,47,93.5
"Adrani","Velika Drenova",930,1860,2790,5570,11140,8.5,16,24,48,96
"Adrani","Trstenik",970,1930,2900,5800,11610,9,17,25,50,100
"Adrani","Vrnjačka Banja",1000,2000,3000,5990,12000,9.5,17.5,26,51.5,103
"Adrani","Lučani",190,380,570,1150,2290,2,3.5,5,10,20
"Adrani","Prilipac",240,480,710,1430,2850,2.5,4.5,6.5,12.5,24.5
"Adrani","Vrba",1040,2070,3120,6220,12450,9.5,18,27,53.5,107